Judul,Isi Berita,Kategori
hizbullah luncurkan gelombang baru serangan ke israel dengan 19 operasi,"beirut - hizbullah lebanon mengumumkan para pejuang perlawanan islam melaksanakan lima operasi di lokasi tentara rezim zionis ditempatkan di selatan dan tenggara israel. serangan itu digelar untuk mendukung bangsa palestina yang teguh di jalur gaza dan perlawanan mereka yang berani dan terhormat serta dalam membela lebanon dan bangsanya.dalam serangan terbaru ke israel, hizbullah secara akurat menyerang bagian timur kota al-khayyam dengan sejumlah roket dan mortir.dalam tiga operasi lainnya, hizbullah melakukan serangan rudal ke lokasi pangkalan militer tentara zionis di pangkalan ""jalul alam"", permukiman ""maalot tarshiha"" dan permukiman ""kafr faradim"".perlawanan islam lebanon juga menembakkan sejumlah besar rudal dan pesawat nirawak ke lokasi pasukan kolonial zionis di kota kafr jaladi, dalton, al-manara dan zareit.dalam operasi lainnya, hizbullah menyerang tentara rezim zionis yang ditempatkan di pangkalan angkatan laut ""ras al-naqoura"" dengan beberapa rudal.sementara itu, falam pesan untuk memperingati kesyahidan pemimpin hizbullah hassan nasrallah, hashem safieddine dan komandan perlawanan lainnya, kelompok persahabatan parlemen iran-lebanon pada selasa mengucapkan selamat kepada sheikh naim qassem atas pengangkatannya sebagai pembawa bendera hizbullah.“dalam pertempuran historis antara garis depan perlawanan melawan garis depan pendudukan dan penindasan israel, hizbullah lebanon telah terlibat dalam konfrontasi dengan rezim zionis untuk membela rakyat palestina yang tertindas, terutama anak-anak dan wanita gaza, dan dengan cara ini juga telah menanggung kerugian besar,” papar pernyataan kelompok itu.kelompok itu menyatakan harapan hizbullah akan melanjutkan perlawanannya dan berjuang untuk menghancurkan israel, lebih kuat dari sebelumnya.sambil memuji pengalaman bertahun-tahun sheikh qassem dan perannya yang berpengaruh dalam pembentukan dan stabilitas hizbullah, disebutkan bahwa dia tidak diragukan lagi akan mengangkat posisi kelompok perlawanan dan meneruskan warisan syuhada sayyed hassan nasrallah dan para komandan perlawanan yang mengorbankan nyawa mereka demi lebanon dan al-quds.sheikh qassem diangkat sebagai pemimpin baru hizbullah dan menggantikan hassan nasrallah yang terbunuh dalam serangan udara israel di beirut pada akhir september.dalam pernyataan pada hari selasa, hizbullah mengatakan pengangkatan sheikh qassem dilakukan dengan suara bulat dan dia dipilih untuk menduduki jabatan tersebut karena ""kepatuhannya terhadap prinsip dan tujuan hizbullah.""
                
                    baca juga
                    
                        
                    
                        
                    
                        
                            300.000 warga israel terganggu kesehatan mentalnya sejak 7 oktober 2023
                        
                    
                 
            
                lihat juga: apakah israel ingin menginvasi iran? bisa jadi, tapi sangat berisiko
            (sya)",internasional
"kejati jatim tangkap ronald tannur, kejagung: pelaksanaan putusan ma","jakarta - kejaksaan tinggi (kejati) jawa timur menangkap gregorius ronald tannur (grt) terdakwa kasus penganiayaan terhadap kekasihnya dini sera afriyanti hingga tewas.penangkapan ronald tannur itu dibenarkan kapuspenkum kejaksaan agung (kejagung) harli siregar. “iya benar ronald tannur tadi diamankan sekira pukul 14.40 wib di perumahan victoria regency surabaya,” kata harli, minggu (27/10/2024).harli mengatakan saat ini ronald tanur dibawa ke kejati jawa timur untuk melaksanakan putusan mahkamah agung (ma) yang mana dirinya divonis selama 5 tahun penjara. “saat ini yang bersangkutan sudah dibawa ke kejati jatim untuk pelaksanaan putusan mahkamah agung (ma) ri,” pungkasnya.sebelumnya, ma menjatuhkan hukuman lima tahun penjara terhadap gregorius ronald tannur, pria yang menganiaya kekasihnya hingga meninggal dunia.putusan ma ini sekaligus membatalkan vonis bebas yang diberikan oleh majelis hakim pengadilan negeri (pn) surabaya pada tingkat pertama.“amar putusan: kabul kasasi penuntut umum - batal judex facti, terbukti dakwaan alternatif kedua melanggar pasal 351 ayat (3) kuhp,” tulis ma dalam situs resminya, rabu, 23 oktober 2024.“pidana penjara selama 5 tahun,” bunyi putusan tersebut.adapun majelis hakim yang memutuskan yakni soesilo sebagai ketua majelis, ainal mardhiah dan sutarjo sebagai anggota majelis. putusan ini dikeluarkan pada selasa, 22 oktober 2024.sebagai informasi, dalam perkara ini, ketua majelis halim pn surabaya erintuah damanik membebaskan gregorius ronald tannur dari dakwaan pembunuhan terhadap dini sera afriyanti. hakim menyatakan ronald tannur tidak terbukti secara sah dan meyakinkan melakukan pembunuhan maupun penganiayaan yang menyebabkan tewasnya korban. dia dibebaskan dari segala dakwaan jpu.
            
                lihat juga: mahfuf md bicara zarof ricar bisa jadi pintu masuk bongkar makelar kasus peradilan
            (cip)",nasional
"kolaborasi dengan bumn pangan, mentan amran optimalkan kemandirian pangan nasional","jakarta - menteri pertanian (mentan) andi amran sulaiman menegaskan pentingnya sinergi antara kementerian pertanian (kementan) dan badan usaha milik negara (bumn) pangan guna memperkuat ketahanan pangan nasional.dalam pertemuan koordinasi bersama bumn pangan, mentan amran menggaris bawahi perlunya kolaborasi strategis untuk mengoptimalkan potensi lahan dan produksi bumn dalam memenuhi kebutuhan pangan dalam negeri.“kami ingin membangun kolaborasi yang saling menguntungkan. misalnya, pt sang hyang seri yang memiliki lahan potensial untuk produksi benih padi hingga mencapai 100 ribu ton per tahun dengan nilai mencapai rp3 triliun. potensi ini perlu dioptimalkan melalui kerja sama yang baik,” ujar mentan amran di kantor pusat kementan, jakarta, selasa (29/10/2024).lebih lanjut, mentan amran menegaskan pentingnya memperkuat cadangan pangan nasional melalui sinergi bersama bulog. langkah ini bertujuan menjaga stabilitas stok dan harga, sekaligus meningkatkan kesejahteraan petani. “bulog memiliki peran penting dalam menjaga cadangan pangan. kami ingin memastikan adanya mekanisme off-taker untuk komoditas strategis seperti padi dan jagung, agar petani tetap dalam posisi yang menguntungkan,” katanya.mentan amran juga menyampaikan rencana kerja sama dengan ptpn untuk meningkatkan produksi sawit dan gula nasional. ia meminta agar ptpn menciptakan klaster kebun unggul yang dikelola secara profesional dan berteknologi modern. “ptpn perlu membangun klaster kebun dengan produksi tertinggi, peralatan terbaik, dan tenaga kerja yang terampil. ini bisa menjadi laboratorium besar bagi kita untuk meningkatkan produksi secara efisien,” kata mentan amran.mentan amran menjelaskan bahwa pertemuan ini merupakan langkah lanjutan dari koordinasi bersama menteri bumn erick thohir minggu lalu. pada pertemuan sebelumnya bumn menyatakan kesiapannya dalam memperkuat program cetak sawah kementan di merauke untuk ketahanan pangan nasional.“pertemuan ini adalah langkah operasional dari hasil diskusi kami dengan menteri bumn. kami akan terus melakukan pertemuan rutin untuk memantau dan memastikan langkah-langkah yang diambil efektif dalam meningkatkan kinerja bumn pangan,” ujar mentan amran. dengan sinergi yang terbangun antara kementan dan bumn pangan, mentan amran optimistis bahwa cita-cita presiden prabowo subianto untuk mewujudkan swasembada pangan dalam waktu dekat dapat tercapai.turut hadir dalam pertemuan tersebut perwakilan bumn pangan lainnya, seperti id food, pihc, bulog, dan ptpn.
            
                lihat juga: wamentan sudaryono dorong sumber protein alternatif untuk makan bergizi gratis
            (ars)",nasional
"tom lembong tersangka kasus impor gula, intip harta kekayaannya","jakarta - mantan menteri perdagangan (mendag) thomas trikasih lembong alias ttl telah ditahan kejaksaan agung (kejagung) usai menjadi tersangka kasus dugaan korupsi dalam kegiatan importasi gula di kementerian perdagangan tahun 2015-2016. pria yang akrab disapa  tom lembong  itu tercatat memiliki kekayaan mencapai rp101.486.990.994.jumlah tersebut tercatat pada laporan harta kekayaan penyelenggara negara (lhkpn) yang ia laporkan pada 30 april 2020 saat menjabat kepala badan koordinasi penanaman modal (bkpm).
                
                    baca juga
                    
                        
                    
                        
                    
                        
                            profil tom lembong, mantan anak buah jokowi yang jadi tim sukses anies
                        
                    
                 meski memiliki harta mencapai ratusan miliar, thom lembong tidak memiliki tanah dan bangunan serta alat transportasi dan mesin. hal itu sebagaimana terekam dalam lhkpn-nya. 
                
                    baca juga
                    
                        
                    
                        
                    
                        
                            pendidikan tom lembong, lulusan harvard yang jadi tersangka kasus impor gula
                        
                    
                 dalam catatan kekayaan penyelenggara tersebut, hartanya terdiri dari harta bergerak lainnya senilai rp180.990.000, surat berharga rp94.527.382.000, kas dan setara kas rp2.099.016.322, dan harta lainnya sebesar rp4.766.498.000.dalam lhkpn yang dimaksud, tom lembong memiliki utang sebesar rp86.895.328.
            
                lihat juga: tom lembong tersangka korupsi impor gula, cak imin: saya turut sedih
            (rca)",nasional
gmni yakin kabinet merah putih mampu jalankan semua program prabowo,"jakarta - gerakan mahasiswa nasional indonesia ( gmni ) menaruh harapan besar tercapainya pembangunan bangsa yang lebih baik di tangan pemerintahan prabowo subianto-gibran rakabuming raka. ketua umum gmni immanuel cahyadi optimistis dengan kabinet merah putih dapat menjalankan program-program kerjanya untuk rakyat indonesia.""kabinet merah putih baru saja terbentuk, tentu saja membutuhkan waktu untuk beradaptasi. gmni yakin para menteri dan wakil menteri serta pimpinan kementerian dan lembaga mampu ekstra cepat beradaptasi memahami tugas, pokok dan fungsinya untuk menjalankan visi misi dan program presiden prabowo subianto ,"" kata immanuel dalam keterangan tertulis, senin (28/10/2024). 
                
                    baca juga
                    
                        
                    
                        
                    
                        
                            indonesia gabung brics, prabowo: kita mau berada di mana-mana
                        
                    
                 immanuel yakin pemerintahan baru ini diyakini dapat bekerja cepat untuk mengurus kerumitan birokrasi agar dapat menjalankan program-program untuk kemaslahatan dan kepentingan nasional. bahkan gmni optimistis dengan komposisi kabinet merah putih yang diisi dengan berbagai komponen anak-anak bangsa yang cerdas, handal, dan ahli di bidangnya akan mempunyai bekerja keras.""gmni yakin para menteri dan wakil serta kepala badan dan seluruh jajarannya dapat solid bekerja sama, bergotong-royong, bersatu untuk fokus bekerja keras menjalankan program pemerintah baru,"" imbuhnya.meski demikian, gmni berpesan kepada kabinet merah putih, bahwa rakyat indonesia menaruh harapan besar untuk para menteri untuk mampu melalui berbagai tantangan. mulai dari menangani kkn, ketidakefisienan birokrasi, penegakan hukum serta kepatuhan pembayaran pajak demi memperbesar penerimaan negara untuk kemaslahatan rakyat indonesia.menurutnya bekerja keras di tengah ketidakstabilan kondisi geopolitik bukan hal yang mudah. meski demikian dengan kapasitas l, karakter dan kompetensi anak-anak bangsa di kabinet merah putih, gmni yakin semua tantangan tersebut bisa diatasi.""komposisi kabinet merah putih mencerminkan persatuan nasional anak-anak bangsa yang jejak rekamnya tidak kenal menyerah, memegang teguh disiplin, taat pada pimpinan dan menjalankan kewajiban dengan penuh tanggung jawab demi kepentingan nasional. mereka adalah pengurus rakyat yang menjadi teladan bagi rakyat untuk siap sedia berbakti kepada bangsa dan negara,"" tandasnya. 
                
                    baca juga
                    
                        
                    
                        
                    
                        
                            sritex dinyatakan pailit, ribuan buruh galau khawatir perusahaan ditutup
                        
                    
                 ""kami yakin presiden prabowo subianto mampu memastikan kabinetnya bekerja keras dalam menjalankan program-program yang terkait kedaulatan pangan. pemberantasan judi online, program makanan bergizi gratis, industrialisasi nasional melalui hilirisasi 26 komoditas demi keselamatan serta kesejahteraan rakyat indonesia,"" terangnya.
            
                lihat juga: tiru amerika serikat, istana: ig presiden bukan akun pribadi
            (poe)",nasional
para bos teknologi berbondong-bondong hadiri acara mohammed bin salman di arab saudi,"riyadh -  arab saudi  akan menjadi tuan rumah bagi nama-nama besar di bidang keuangan dan teknologi dunia pada pekan depan. acara ini menjadi tes bagi minat investor terhadap ambisi kerajaan untuk mengubah dirinya menjadi pusat global di tengah meluasnya konflik timur tengah.para eksekutif internasional harus bersaing dengan kawasan yang diguncang ketegangan geopolitik, dengan ancaman konfrontasi militer lebih lanjut antara israel dan iran pada tingkat tertinggi dalam beberapa dekade. mereka akan mendarat di negara yang semakin menghadapi kenyataan bahwa kekayaan minyaknya yang melimpah pun memiliki keterbatasan.
                
                    baca juga
                    
                        
                    
                        
                    
                        
                            arab saudi buka sindalah, pulau mewah neom impian pangeran mohammed bin salman
                        
                    
                 namun, mereka yang akan tiba di future investment initiative (fii)—yang sering dijuluki davos di padang pasir—tampaknya tidak gentar, merasakan peluang untuk ikut serta dalam pembangunan kembali ekonomi visi 2030 senilai triliun dolar milik putra mahkota mohammed bin salman. david solomon dari goldman sachs group inc, jane fraser dari citigroup inc, dan larry fink dari blackrock inc telah menjadi pengunjung tetap di pertemuan puncak riyadh dan akan kembali tahun ini.mencerminkan fokus arab saudi pada teknologi dan kecerdasan buatan, mereka akan bergabung dengan nama-nama terkemuka di industri tersebut. presiden alphabet inc ruth porat dan kepala eksekutif tiktok inc shou chew akan berbicara di pertemuan puncak tersebut untuk pertama kalinya. benjamin horowitz, pengusaha teknologi dan salah satu pendiri raksasa modal ventura andreessen horowitz, juga akan hadir.
            
                lihat juga: arab saudi bangun gedung pencakar langit 20 kali lebih tinggi dari empire state",internasional
"9 kolonel dimutasi panglima tni pada oktober 2024, ini nama-namanya","jakarta - sejumlah perwira menengah (pamen) tni berpangkat kolonel dimutasi panglima tni pada pertengahan oktober 2024. salah satunya singgih pambudi arinto yang beralih dari dosen/patun sesko tni menjadi kapoksahli pangdam v/ brawijaya.mutasi tni itu berdasarkan surat keputusan panglima tni nomor kep/1264/x/2024 tanggal 18 oktober 2024. pada ketentuannya, ada sekitar 63 perwira tni yang masuk daftar dari ketiga matra (tni ad, tni al, tni au).melihat nama-nama di dalamnya, ada beberapa di antaranya yang diketahui berpangkat kolonel. siapa saja mereka?
                
                    baca juga
                    
                        
                    
                        
                    
                        
                            3 sosok jenderal bintang 2 bertugas di baharkam polri, nomor 1 berdarah batak
                        
                    
                 daftar kolonel dimutasi panglima tni1. kolonel inf singgih pambudi arinto, s.i.p., m.m. jabatan lama: dosen/patun sesko tnijabatan baru: kapoksahli pangdam v/ brw, 2. kolonel inf denny marantika jabatan lama: paban vi/rendukgar srenum tnijabatan baru: waasrenum panglima tni3. kolonel czi lin nofrianto jabatan lama: pamen denmabesadjabatan baru: kapusada tni4. kolonel inf wimoko, s.e., m.si. 
            
                lihat juga: mutasi tni terbaru, 2 jenderal beralih jadi anak buah kepala bin herindra",nasional
"kehidupan rakyat iran tetap normal meski diserang israel, mengapa?","teheran - kehidupan sehari-hari terus berjalan lancar di seluruh iran setelah pasukan pertahanan udara negara itu berhasil mencegat agresi israel di lokasi militer di provinsi teheran, ilam, dan khuzestan pada dini hari sabtu.ledakan dilaporkan terjadi di beberapa bagian ibu kota iran beberapa jam setelah tengah malam jumat, dengan pasukan keamanan iran mengatakan bahwa ledakan itu disebabkan oleh ""aktivitas pertahanan udara"" negara itu.video yang beredar daring menangkap pertahanan udara iran yang menargetkan ""objek musuh di wilayah udara sekitar provinsi teheran.""meskipun media arus utama melaporkan serangan udara israel yang dibesar-besarkan, warga iran memulai minggu mereka seperti biasa.rekaman dari zona ekonomi khusus pelabuhan imam khomeini di khuzestan menunjukkan perusahaan petrokimia bandar imam (bipc) tidak rusak, tanpa dampak yang terlihat pada fasilitas tersebut.di provinsi ilam, rekaman video juga menangkap suasana yang tenang dan tanpa gangguan.melansir press tv, pemandangan yang sama terjadi di teheran, di mana penduduk terlihat melakukan latihan pagi rutin mereka di taman laleh, tidak terpengaruh oleh klaim israel tentang serangan terhadap lokasi militer iran.organisasi penerbangan sipil iran mengumumkan bahwa penerbangan telah dilanjutkan setelah gangguan singkat.rekaman dari bandara mehrabad di teheran barat menunjukkan operasi berjalan normal, dengan penumpang bergerak seperti biasa.
                
                    baca juga
                    
                        
                    
                        
                    
                        
                            takut iran akan balas dendam, as klaim tak terlibat dalam serangan israel
                        
                    
                 
            
                lihat juga: apakah israel ingin menginvasi iran? bisa jadi, tapi sangat berisiko",internasional
wamentan sudaryono ajak milenial berperan dalam ketahanan pangan nasional di era digital,"jakarta - wakil menteri pertanian (wamentan) sudaryono mengajak generasi milenial untuk aktif menciptakan solusi inovatif di sektor pertanian guna memperkuat ketahanan pangan nasional.wamentan sudaryono atau yang akrab disapa mas dar ini menyatakan bahwa generasi milenial memiliki potensi besar dalam membawa perubahan melalui pemanfaatan teknologi digital.“kita hidup di era di mana teknologi informasi dan komunikasi dapat menjadi alat yang sangat efektif dalam meningkatkan produktivitas pertanian. saya mengajak milenial untuk terlibat dalam berbagai program dan inisiatif yang mendukung ketahanan pangan nasional,” ujar wamentan dalam keterangannya di jakarta, senin (28/10/2024).wamentan sudaryono juga menekankan pentingnya kolaborasi antara pemerintah, pelaku industri, dan generasi muda. menurutnya, sektor pertanian membutuhkan tidak hanya tenaga kerja, tetapi juga inovasi dalam pengelolaan sumber daya, pemasaran, dan distribusi produk.“kita perlu menciptakan platform digital yang dapat memfasilitasi interaksi antara petani dan konsumen, serta mendukung usaha kecil dan menengah di bidang pertanian,” tambahnya.melalui adanya semangat kolaboratif dan pemanfaatan teknologi, wamentan optimistis bahwa milenial dapat menjadi pilar dalam mencapai ketahanan pangan yang berkelanjutan dan menghadapi tantangan pangan di masa depan.menurutnya, jumlah petani di indonesia saat ini didominasi oleh kalangan orang tua. berdasarkan data badan pusat statistik (bps), sebanyak 38,02 persen petani adalah generasi baby boomers berusia 41-56 tahun. sementara untuk petani muda hanya mencapai 21,93 persen, atau sekitar 6,2 juta orang.minimnya petani muda atau petani milenial menjadi perhatian serius kementerian pertanian karena menyangkut masa depan pangan di indonesia. oleh karena itu, pihaknya meluncurkan berbagai program untuk meningkatkan jumlah petani muda.""untuk mengatasi permasalahan tersebut, kementerian pertanian mendorong pertumbuhan petani muda melalui program duta petani milenial (dpm) sebanyak 2,5 juta hingga tahun 2024. kemudian program lain seperti, duta petani andalan (dpa), penerapan digitalisasi pertanian (pdp) dan penumbuhan wirausaha muda pertanian (pwmp), serta program petani magang ke luar negeri,"" kata mas dar yang merupakan anak petani asal grobogan, jawa tengah ini.berdasarkan peraturan menteri pertanian no. 04 tahun 2019, petani milenial adalah mereka yang berusia 19 hingga 39 tahun dan adaptif terhadap teknologi digital. program ini bertujuan untuk memulihkan perekonomian masyarakat pertanian, menumbuhkan semangat kewirausahaan, serta meningkatkan produksi pangan dan peternakan.
            
                lihat juga: cagub sulteng ahmad ali targetkan kantongi 200 ribu lebih suara di parigi moutong",nasional
"jet siluman f-35 israel dilaporkan mengebom iran, serang 4 sistem rudal s-300, 4 tentara tewas","teheran -  jet-jet tempur siluman f-35  israel dilaporkan mengebom target di atas teheran,  iran, untuk pertama kalinya pada hari sabtu. empat baterai  sistem rudal s-300  pelindung situs nuklir diserang dan korban tewas bertambah menjadi empat tentara.pengerahan jet tempur f-35 itu diungkap sumber  israel  kepada iran international, minggu (27/10/2024). sedangkan militer zionis merilis video pengerahan jet tempur f-15 dan f-16 dalam serangan ke iran.namun, staf umum angkatan bersenjata iran mengatakan pesawat-pesawat israel menggunakan wilayah udara yang disediakan oleh militer as di irak untuk meluncurkan beberapa rudal jarak jauh yang diluncurkan dari udara ke beberapa radar perbatasan di provinsi ilam, khuzestan, dan sekitar provinsi teheran.israel melancarkan serangan udara pada sabtu dini hari sebagai balasan atas serangan rudal teheran pada 1 oktober, yang disebut iran sebagai respons atas pembunuhan israel terhadap kepala hamas ismail haniyeh di teheran, kepala hizbullah hassan nasrallah di beirut, dan seorang jenderal korps garda revolusi islam (irgc).serangan udara israel hanya menargetkan situs dan fasilitas militer iran, menyusul upaya amerika serikat (as) selama berminggu-minggu untuk mencegah zionis menargetkan infrastruktur nuklir dan energi di iran dalam upaya untuk menghindari eskalasi konflik lebih lanjut di wilayah yang bergejolak itu.
                
                    baca juga
                    
                        
                    
                        
                    
                        
                            israel ancam serang iran lebih dahsyat jika nekat membalas
                        
                    
                 presiden as joe biden pada sabtu mengatakan tampaknya israel hanya menyerang target militer dalam serangannya terhadap iran, dan bahwa dia berharap itu adalah ""akhir”.tasnim news melaporkan korban tewas akibat serangan israel bertamah menjadi empat tentara iran. itu termasuk dua perwira yang bekerja di unit rudal.""empat baterai pertahanan udara s-300 yang berada di lokasi strategis dan melindungi teheran serta fasilitas nuklir dan energi di iran diserang,"" tulis axios mengutip sumber israel , mengonfirmasi laporan sebelumnya oleh the new york times tentang penargetan israel terhadap sistem pertahanan buatan rusia tersebut.laporan tersebut juga mengatakan bahwa 12 “planetary mixer” yang merupakan komponen penting dalam program rudal balistik iran diserang dalam serangan udara israel. ""planetary mixer digunakan untuk memproduksi bahan bakar padat bagi rudal balistik jarak jauh, dan penghancurannya sangat merusak kemampuan iran untuk memperbarui persediaan rudalnya,"" imbuh laporan axios.
            
                lihat juga: perbandingan kekuatan militer iran vs indonesia",internasional
tekad prabowo berantas korupsi sampai ke akarnya mendapat dukungan,"jakarta - tekad presiden  prabowo subianto  memberantas korupsi sampai ke akar-akarnya mendapat dukungan dari guru besar hukum tata negara john pieris. terlebih, ketua umum partai gerindra itu dianggap sebagai sosok nasionalis sejati.hal itu dikatakan john pieris dalam acara seminar nasional terkait uji materi pasal 2 ayat 1 dan pasal 3 uu tipikor dengan tema 'tak ada suap, tak ada korupsi'. ""pesan saya kepada presiden prabowo subianto, beri kesempatan dia untuk membenahi, berantas korupsi sampai ke akar-akarnya saya setuju, bapak jalan terus kita di belakangnya, dia nasionalis sejati,” ujar john pieris di universitas kristen indonesia (uki), jakarta pusat, selasa (29/10/2024).
                
                    baca juga
                    
                        
                    
                        
                    
                        
                            menengok pos pengamanan gabungan dekat rumah prabowo di hambalang
                        
                    
                 dia menilai hukum bisa berlaku efektif jika memenuhi kejelasan dan norma hukum. menurutnya, tidak ada orang yang tidak bersalah justru dituduhkan sebagai korupsi. ""norma hukum harus jelas misalnya soal suap, jangan mengada-ngada itu suap kasian anak bangsa yang tidak bersalah atau mungkin salahnya sedikit dituduh sebagai koruptor, kasian kan masa depannya terancam,"" tuturnya.""tidak boleh ada peraturan yang saling bertentangan baik vertikal maupun horizontal,"" ujarnya. 
                
                    baca juga
                    
                        
                    
                        
                    
                        
                            prabowo-gibran diharapkan tegas berantas korupsi hingga ke akarnya
                        
                    
                 diketahui, pasal 2 ayat (1) dan pasal 3 dalam undang-undang nomor 31 tahun 1999 tentang pemberantasan tindak pidana korupsi (uu tipikor) menjadi sorotan berbagai pihak. penasihat hukum senior maqdir ismail menilai korupsi tidak hanya menyangkut kerugian negara. 
            
                lihat juga: prabowo diminta merangkul orang-orang optimistis, bukan pesimistis",nasional
hizbullah tunjuk naim qassem sebagai pemimpin baru,"beirut - hizbullah telah mengumumkan naim qassem sebagai pemimpin barunya. qassem, yang promosinya dari wakil pemimpin diumumkan pada selasa (29/10/2024), menggantikan hassan nasrallah sebagai sekretaris jenderal kelompok bersenjata yang bermarkas di lebanon.nasrallah terbunuh di beirut pada akhir september oleh serangan israel. banyak pejabat senior hizbullah lainnya juga menjadi sasaran sejak israel mengalihkan fokusnya pada kelompok itu bulan september.hizbullah mengatakan, “qassem terpilih untuk menduduki jabatan itu karena kepatuhannya pada prinsip dan tujuan hizbullah.""“hizbullah akan (meminta) tuhan yang mahakuasa untuk membimbingnya dalam misi mulia ini dalam memimpin hizbullah dan perlawanan islamnya,"" papar pernyataan hizbullah.kekosongan kepemimpinanpembunuhan nasrallah, yang merupakan perwujudan gerakan syiah lebanon di mata para pendukungnya dan wilayah yang lebih luas, dipandang telah meninggalkan kekosongan di dalam kelompok yang telah kehilangan banyak kepemimpinannya sebagai akibat dari pembunuhan israel selama berbulan-bulan.sepupu nasrallah, hashem safieddine, sebelumnya dipandang sebagai calon favorit untuk memimpin hizbullah yang terkait dengan iran, tetapi dia tewas dalam serangan israel di beirut tak lama setelah kerabatnya.qassem yang berusia 71 tahun sering disebut sebagai ""orang nomor dua"" hizbullah. dia adalah salah satu ulama yang mendirikan kelompok tersebut pada awal 1980-an dan memiliki sejarah panjang dalam aktivisme politik syiah.dia adalah pejabat hizbullah paling senior yang terus tampil di depan publik setelah nasrallah sebagian besar bersembunyi menyusul perang kelompok tersebut dengan israel pada tahun 2006.sejak mantan pemimpin tersebut terbunuh, qassem telah menyampaikan tiga pidato di televisi, berbicara dalam bahasa arab yang lebih formal daripada bahasa sehari-hari lebanon yang disukai oleh nasrallah.pada tanggal 30 september, dia mengeluarkan pesan yang menantang, dengan mengatakan hizbullah tetap siap melawan israel dan menang.
                
                    baca juga
                    
                        
                    
                        
                    
                        
                            di icj, afrika selatan sodorkan dokumen 750 halaman bukti genosida israel di gaza
                        
                    
                 
            
                lihat juga: iron dome israel sudah jebol, padahal hizbullah belum gunakan kemampuan rudal secara penuh
            (sya)",internasional
"teka-teki iran tak luluh lantak diserang 100 pesawat israel, termasuk jet siluman f-35","teheran -  israel  telah melancarkan gelombang serangan udara terhadap  iran  pada sabtu dini hari. namun, negara islam itu tak luluh lantak sebagaimana serangan besar zionis di gaza dan lebanon.menurut laporan the new arab, minggu (27/10/2024), serangan tersebut menargetkan sekitar ibu kota iran; teheran, serta provinsi barat daya khuzestan dan ilam. laporan yang mengutip media israel itu juga menyebutkan serangan berlangsung beberapa jam dan melibatkan lebih dari 100 jet tempur israel, termasuk pesawat siluman f-35, serta f-16, dan f-15.israel menggunakan rudal supersonik jarak jauh rampage dan rudal udara-ke-permukaan jarak jauh generasi berikutnya; rocks.gelombang serangan pertama ditujukan pada fasilitas radar dan pertahanan udara iran, dengan fasilitas militer, rudal, dan pesawat nirawak menjadi sasaran pada gelombang kedua dan ketiga.
                
                    baca juga
                    
                        
                    
                        
                    
                        
                            jet siluman f-35 israel dilaporkan mengebom iran, serang 4 sistem rudal s-300, 4 tentara tewas
                        
                    
                 jet tempur melakukan serangan dalam kelompok yang terdiri dari 25-30 unit, dalam apa yang dijuluki sebagai operasi hari pertobatan. pertahanan udara israel dan amerika serikat (as) dalam keadaan siaga tinggi, sementara 10 jet melakukan serangan terkoordinasi dan yang lainnya memberikan perlindungan.militer iran awalnya mengumumkan bahwa dua tentara tewas dalam serangan tersebut. namun, tasnim news memperbarui jumlah korban tewas menjadi empat tentara.seorang pejabat senior as mengatakan bahwa as tidak ambil bagian dalam serangan luas dan presisi tersebut, namun mereka bekerja sama dengan pemerintah israel untuk mendorong serangan berisiko rendah tanpa menimbulkan korban sipil.""dampaknya adalah respons pembelaan diri yang proporsional. dampaknya adalah untuk mencegah serangan di masa mendatang dan menurunkan kemampuan iran untuk melancarkan serangan di masa mendatang,"" kata pejabat itu.milier israel mengatakan serangan telah ditunda beberapa kali karena kondisi cuaca, dan menyatakan mereka perlu memiliki kondisi iklim yang tepat untuk melakukan serangan terhadap iran.“serangan ini menyerang baterai rudal permukaan ke udara, sistem udara, dan fasilitas pembuatan rudal,” bunyi pernyataan militer israel.
            
                lihat juga: perbandingan kekuatan militer iran vs indonesia",internasional
"mengenal latihan cakra tradisi kostrad, penggemblengan 3 bulan tentara di gunung, hutan, dan laut","jakarta - komando cadangan strategis angkatan darat ( kostrad ) merupakan salah satu pasukan elite yang dimiliki  tni ad . satuan ini mempunyai latihan khusus untuk mendapatkan prajurit berkemampuan istimewa, yakni latihan cakra. mengutip keterangan di situs resmi kostrad, latihan cakra merupakan latihan standardisasi bagi prajurit kostrad yang bertujuan melatih, membentuk dan menanamkan kebanggaan serta kecintaan terhadap satuan kostrad, jiwa korsa yang kuat serta mewujudkan kemampuan yang handal dalam melaksanakan tugas di medan operasi. latihan ini diharapkan dapat melahirkan prajurit kostrad yang memiliki kemampuan teknik dasar tempur yang meliputi survival, intelpur, patroli, pertempuran jarak dekat (pjd) maupun operasi raid serta memiliki fisik yang prima dan jago dalam beladiri militer. tidak semua prajurit tni dapat mengikuti latihan cakra kostrad. para peserta latihan adalah prajurit pilihan yang telah lolos seleksi dan memenuhi syarat. mereka digembleng selama tiga bulan yang dibagi dalam tiga tahap, yakni tahap basis, tahap gunung hutan, dan tahap rawa laut. bagi prajurit yang berhasi menyelesaikan latihan cakra dengan baik, berhak menyandang kualifiaksi brevet cakra yang merupakan kualifikasi khusus yang dimiliki oleh prajurit kostrad. tahapan latihan cakralatihan cakra kostrad dilaksanakan dalam tiga tahap. pertama adalah tahap basis yang digelar selama 7 pekan di kompleks madivif 1 kostrad cilodong, depok.setelah itu, latihan dilanjutkan tahap kedua yakni tahap gunung hutan. latihan tahap ini dilaksanakan di rahlat kostrad sanggabuana, karawang selama 3 pekan. mengutip komandan latihan cakra xiv letkol inf roihan hidayatullah dari situs resmi tni ad, pelaksanaan tahap gunung hutan sengaja dilaksanakan di daerah latihan kostrad gunung sanggabuana, karawang, jawa barat yang memiliki cuaca dingin dan berbukit. pemilihan tempat ini berdasarkan pada karakteristik daerah penugasan saat ini yaitu papua dan poso yang memiliki kontur medan berbukit dan jurang terjal.pelaksanaan materi gunung hutan diawali pergeseran pasukan dari home base di gor kartika cilodong menuju ke rahlat sanggabuana, karawang dengan menggunakan truk dan diakhiri dengan materi patroli jarak jauh (pjj) menuju ke titik start hanmars di cikalong kulon, cianjur, jawa barat.""tuntutan penugasan saat ini sangat kompleks dan dinamis, oleh karena itu prajurit harus mampu bergerak setiap saat dalam situasi dan medan apa pun. materi gunung hutan bertujuan untuk mempertajam naluri tempur dan membiasakan prajurit dapat bertindak cepat dan tepat dalam cuaca ekstrem, sehingga diharapkan saat kembali ke satuan prajurit pelaku latihan standardisasi prajurit kostrad cakra xiv sudah siap untuk diberangkatkan dalam penugasan,"" kata roihan yang dilansir situs resmi tni ad pada 1 maret 2023.
                
                    baca juga
                    
                        
                    
                        
                    
                        
                            6 jenderal baru di angkatan darat setelah mutasi tni, ini nama-namanya
                        
                    
                 pada bagian akhir, tahap rawa laut dilaksanakan di pantai cileuteuh palampang, sukabumi, jawa barat selama 2 pekan. latihan diakhiri dengan upacara penutupan di pantai palampang.latihan cakra kostrad telah digelar sebanyak 14 kali sejak pertama kali dihelat pada 2016. hingga saat ini ribuan prajurit tni telah mengikuti latihan cakra kostrad. mereka pun berhak mendapatkan brevet cakra berdasarkan petunjuk pelaksanaan panglima kostrad nomor: juklak/1/03/2016 tanggal 15 maret 2016 tentang ketentuan pemberian dan penggunaan brevet cakra bagi personel militer kostrad.
            
                lihat juga: letkol inf devy kristiono jadi ajudan wapres gibran
            (abd)",nasional
jenderal tertinggi zionis sesumbar israel hanya gunakan secuil kemampuan saat serang iran,"tel aviv - panglima militer  israel  letnan jenderal herzi halevi sesumbar bahwa pasukannya hanya menggunakan sedikit kemampuannya dalam serangan terhadap  iran  pada sabtu pekan lalu.klaim jenderal tertinggi zionis itu disampaikan di markas militer kirya dalam pertemuan anggota forum staf umum pasukan pertahanan israel (idf).""pesan kami sangat, sangat jelas, dan berhubungan dengan peristiwa yang telah terjadi di seluruh timur tengah dalam beberapa bulan terakhir—'ancaman apa pun, di mana pun, kapan pun, kami akan tahu cara mengatasinya, kami akan tahu cara menyerang',"" kata kepala staf idf tersebut.
                
                    baca juga
                    
                        
                    
                        
                    
                        
                            cnn sebut jet tempur israel terobos langit iran, beda dengan klaim teheran
                        
                    
                 ""pesan ini sekarang diperkuat secara signifikan. kami hanya menggunakan sebagian dari kemampuan kami; kami dapat melakukan lebih banyak lagi,"" lanjut halevi.""kami menyerang sistem strategis di iran, yang sangat penting, dan sekarang kami akan melihat bagaimana keadaan berkembang. kami siap untuk semua skenario di setiap arena,"" imbuh dia, seperti dikutip dari laman idf, senin (28/10/2024).perdana menteri israel benjamin netanyahu juga mengeklaim serangan udara terhadap iran presisi dan kuat. menurutnya, semua tujuan serangan tercapai dengan melumpuhkan kemampuan produksi rudal teheran. ""kami berjanji akan menanggapi serangan iran dan pada hari sabtu kami menyerang. serangan di iran presisi dan kuat, mencapai semua tujuannya,"" kata netanyahu dalam pidatonya pada hari minggu.serangan israel merupakan balasan atas serangan iran pada 1 oktober, di mana teheran menembakkan hampir 200 rudal ke negara yahudi tersebut, yang diklaim rezim zionis sebagian besar misil dicegat oleh sistem pertahanan udara. ""iran menyerang israel dengan ratusan rudal balistik dan serangan ini gagal,"" kata netanyahu. ""kami menepati janji kami. angkatan udara menyerang iran dan menghantam kemampuan pertahanan dan produksi rudal iran,"" lanjut dia. 
            
                lihat juga: apakah israel ingin menginvasi iran? bisa jadi, tapi sangat berisiko",internasional
senyum tom lembong pakai rompi tahanan kejagung,"jakarta - mantan menteri perdagangan thomas trikasih lembong ( tom lembong ) langsung ditahan kejaksaan agung (kejagung) usai ditetapkan sebagai tersangka kasus dugaan korupsi dalam kegiatan importasi gula di kementerian perdagangan tahun 2015-2016. mantan co-captain tim nasional pemenangan anies baswedan-muhaimin iskandar (tim amin) ini mengenakan rompi tahanan kejagung.rompi warna merah muda itu bertuliskan tahanan tindak pidana korupsi kejaksaan agung ri. selain tom, kejagung juga menetapkan direktur pengembangan bisnis pt perusahaan perdagangan indonesia (ppi) cs sebagai tersangka dan melakukan penahanan.penetapan tersangka disampaikan oleh direktur penyidik jampidsus kejagung ri abdul qohar di kejagung, jakarta pada selasa (29/10/2024) malam. pantauan di lokasi, tersangka cs keluar terlebih dahulu dengan nomor 24 dalam kondisi tangan terborgol. 
                
                    baca juga
                    
                        
                    
                        
                    
                        
                            profil tom lembong, mantan anak buah jokowi yang jadi tim sukses anies
                        
                    
                 disusul thomas lembong dengan nomor 62 hanya menebar senyum ke awak media tanpa sepatah kata pun. keduanya digelandang ke dalam mobil tahanan kejagung.sebelumnya, tim penyidik jaksa agung muda tindak pidana khusus (jampidsus) kejagung menetapkan thom lembong dan cs sebagai tersangka. hal itu disampaikan langsung direktur penyidik jampidsus kejagung abdul qohar pada selasa (29/10/2024) malam.
                
                    baca juga
                    
                        
                    
                        
                    
                        
                            breaking news! tom lembong tersangka kasus impor gula
                        
                    
                 ""penyidik jaksa agung muda tindak pidana khusus kejaksaan agung ri menetapkan status saksi terhadap dua orang menjadi tersangka karena telah memenuhi alat bukti bahwa yang bersangkutan telah melakukan tindak pidana korupsi,"" kata abdul qohar.""adapun kedua tersangka tersebut adalah satu ttl selaku menteri perdagangan periode 2015-2016 berdasarkan surat penetapan tersangka nomor tap-60/f:/fd:/10/2024 tanggal 29 oktober 2024. kedua tersangka atas nama ds selaku direktur pengembangan bisnis pt ppi 2015-2016 berdasarkan surat penetapan tersangka nomor tap-60/f:/fd:/10/2024 tanggal 29 oktober 2024,"" jelasnya.
            
                lihat juga: pendidikan tom lembong, lulusan harvard yang jadi tersangka kasus impor gula
            (rca)",nasional
"anies terkejut tom lembong tersangka korupsi gula, minta proses hukum berjalan transparan","jakarta -  anies baswedan  terkejut atas penetapan tersangka thomas trikasih lembong atau  tom lembong  oleh kejaksaan agung atas dugaan korupsi impor gula. tom lembong merupakan mantan co-captain timnas amin, tim pemenangan anies baswedan-muhaimin iskandar di pilpres 2024.""kabar ini amat-amat mengejutkan. walau begitu kami tahu proses hukum tetap harus dihormati. kami percaya aparat penegak hukum dan peradilan akan menjalankan proses secara transparan dan adil,"" tulis @aniesbaswedan di akun sosial media x, rabu (30/10/2024).anies memberikan dukungan moral terhadap tom lembong. dia juga berharap atas penetapan ini tom tak berhenti untuk terus mencintai indonesia.""tom, jangan berhenti mencintai indonesia dan rakyatnya, seperti yang telah dijalani dan dibuktikan selama ini. i still have my trust in tom, dan doa serta dukungan kami tidak akan putus,"" ujarnya.kami ingin negeri ini membuktikan bahwa yang tertulis di penjelasan uud 1945 masih valid yaitu, “negara indonesia adalah negara berdasarkan hukum (rechtsstaat), bukan negara berdasarkan kekuasaan belaka (machtstaat),"" sambungnya.anies mengaku ia telah bersahabat selama dengan tom selama 20 tahun. dia menyebut tom adalah sosok yang berintegritas tinggi serta selalu memperjuangkan kelas menengah indonesia yang terhimpit.""tom adalah orang yang lurus dan bukan tipe orang yang suka neko-neko. karena itu selama karier-panjang di dunia usaha dan karier-singkat di pemerintahan ia disegani, baik lingkup domestik maupun internasional,"" tuturnya.sebelumnya ,tom lembong ditetapkan sebagai tersangka diduga lantaran memberikan izin persetujuan impor gula kristal mentah sebanyak 105 ribu ton kepada pt ap.
                
                    baca juga
                    
                        
                    
                        
                    
                        
                            detik-detik tom lembong diborgol dan pakai rompi tahanan kejagung
                        
                    
                 dirdik jampidsus kejagung abdul qohar menjelaskan, impor gula seharusnya dilakukan oleh bumn. akan tetapi, tom lembong mengizinkan pt ap melakukan impor. indonesia ketika itu juga disebut dalam kondisi surplus gula.selain itu, direktur pengembangan bisnis pt perusahaan perdagangan indonesia (ppi) berinisial cs juga ditetapkan tersangka.""penyidik jaksa agung muda tindak pidana khusus kejaksaan agung ri menetapkan status saksi terhadap dua orang menjadi tersangka karena telah memenuhi alat bukti bahwa yang bersangkutan telah melakukan tindak pidana korupsi,"" kata abdul qohar.
            
                lihat juga: tom lembong tersangka korupsi impor gula, cak imin: saya turut sedih
            (abd)",nasional
"prabowo diminta merangkul orang-orang optimistis, bukan pesimistis","jakarta - ketua umum lingkar nusantara hendarsam marantoko, mengatakan bahwa presiden  prabowo subianto  diharuskan untuk merangkul orang-orang yang optimistis. hal itu perlu dilakukan demi membangun indonesia ke arah yang lebih baik.""memang untuk membangun suatu pemerintahan itu membutuhkan orang-orang yang optimis. prabowo harus merangkul orang-orang yang optimis, bukan pesimis,"" ujar hendarsam dalam acara rakyat bersuara di inews, selasa (29/10/2024).""oleh karena itu, terlepas dari latar belakang para menteri, wakil menteri, dan susunan kabinet lainnya, perlunya dilakukan acara di magelang kemarin itu untuk menyatukan dan mempertegas bahwa ke depannya mereka adalah satu tim,"" tambahnya.
                
                    baca juga
                    
                        
                    
                        
                    
                        
                            prabowo minta menaker prioritaskan isu pengangguran dan penciptaan lapangan kerja
                        
                    
                 sebagaimana diketahui, beberapa waktu lalu prabowo mengundang mereka yang tergabung di kabinet merah putih ke magelang untuk berkumpul dan melakukan kegiatan ala militer. para menteri, wakil menteri, kepala badan, dan juga presiden dan wakil presiden berkumpul selama sekitar empat hari.""kita harus juga melihat ke belakang, beliau (prabowo) mempelajari bahwa di pemerintah sebelumnya terjadi reshuffle itu bukan hanya disebabkan oleh masalah kinerja saja, tetapi ada menteri-menteri yang tidak ikut imamnya,"" kata hendarsam.menurutnya, hal-hal seperti itu yang ingin diterapkan oleh prabowo subianto. hendarsam melihat bahwa prabowo ingin adanya satu visi dan misi baik dari dirinya dan juga dengan anggota kabinet merah putih.
            
                lihat juga: tekad prabowo berantas korupsi sampai ke akarnya mendapat dukungan
            (rca)",nasional
"serangan israel ke iran dianggap gagal, berikut 4 alasannya","teheran - pengguna media sosial bereaksi terhadap agresi dini hari israel terhadap iran, mengejek skala serangan dan memuji kemampuan pertahanan udara iran yang tangguh.pada sabtu dini hari, pejabat iran mengatakan bahwa suara yang terdengar di beberapa bagian teheran disebabkan oleh aktivasi pertahanan udara iran yang menargetkan ""objek musuh di wilayah udara sekitar provinsi teheran.""media israel berusaha membesar-besarkan signifikansi serangan itu, dengan membingkainya sebagai operasi yang berhasil.namun, pengguna di x menanggapi dengan sarkasme terhadap agresi israel dan memuji pertahanan udara iran yang kuat, yang secara efektif menggagalkan agresi israel.serangan israel ke iran dianggap gagal, berikut 4 alasannya1. iran memiliki sistem pertahanan udara yang kuatmoshi, seorang jurnalis, memuji respons pertahanan udara iran terhadap agresi israel, dengan menyatakan, ""iran telah membuktikan bahwa ia memiliki pertahanan udara yang kuat."" analis geopolitik yang berbasis di as will schryver menulis di x, meringkas agresi israel dan respons pertahanan udara iran. dia mencatat bahwa meskipun israel meluncurkan ""banyak rudal... tidak ada laporan pasti atau bukti video (sejauh ini) tentang serangan besar terhadap target penting iran mana pun."" ""berikut ini yang saya amati saat ini terkait serangan israel terhadap iran: israel meluncurkan banyak rudal dengan semuanya dari jarak aman maksimum. iran memasang banyak rudal pertahanan udara. tidak ada laporan pasti atau bukti video (sejauh ini) tentang serangan rudal besar terhadap target penting iran mana pun. iran mengatakan mereka mencegat sebagian besar rudal penyerang, tetapi mengakui beberapa berhasil lolos. semua penyedia #empirepropaganda mengklaim israel menghancurkan pertahanan udara iran dan menghancurkan target yang mereka tuju,"" ungkap moshi, dilansir press tv. kesan moshi adalah, meskipun israel mungkin mengenai sesuatu yang berarti dengan serangan ini, secara umum itu adalah demonstrasi betapa terbatasnya kemampuan serangan jarak jauh israel sebenarnya -- dan betapa tangguhnya pertahanan udara iran sekarang.2. tidak ada kerusakan yang besardan cohen, jurnalis dan pembuat film yang berbasis di as, menggarisbawahi “propaganda israel” yang mencoba menjual “serangan (israel) sebagai sebuah keberhasilan besar.”“serangan israel terhadap iran tampaknya gagal menyebabkan kerusakan yang signifikan, tetapi propaganda israel sangat ingin menjual serangan itu sebagai sebuah keberhasilan besar. pertunjukan yang menyedihkan ini adalah cara mereka mencoba menyelamatkan muka setelah mengalami kehancuran di lebanon minggu ini.”
                
                    baca juga
                    
                        
                    
                        
                    
                        
                            iran bantah adanya serangan israel di 20 lokasi
                        
                    
                 3. pangkalan militer as di timur tengah akan jadi ajang balas dendampeneliti dan sarjana helyeh doutaghi mengeluarkan sebuah posting singkat yang membahas tindakan agresi israel terhadap republik islam. dia menggambarkan pangkalan israel dan as di wilayah tersebut sebagai “target yang sah.”“as dan israel baru saja melakukan tindakan perang terhadap iran. setiap pangkalan as dan israel di wilayah tersebut adalah target yang sah.”4. serangan israel hanya tipu muslihatrobert inlakesh, seorang pembuat film dan jurnalis yang tinggal di palestina, menyoroti kehebohan media seputar upaya untuk membesar-besarkan skala agresi israel terhadap iran.“serangan israel terhadap iran sejauh ini sangat lemah, sampai-sampai membuat malu media. entah mereka akan melancarkan serangan lagi dan ini tipuan, atau ini adalah upaya untuk menyelamatkan muka, oleh karena itu israel membagikan video/foto dari tahun lalu. sulit dipahami.”
            
                lihat juga: netanyahu klaim serangan israel melumpuhkan produksi rudal iran
            (ahm)",internasional
ada rusia di balik iran sukses ladeni serangan 100 pesawat israel termasuk f-35,"teheran - ada peran  rusia  di balik kesuksesan  iran  meladeni serangan udara  israel  yang melibatkan 100 pesawat militer, termasuk jet tempur siluman f-35 adir, pada sabtu dini hari.mengutip laporan sky news arabia, minggu (27/10/2024), beberapa jam sebelum operasi israel diluncurkan, pejabat rusia memberi tahu iran tentang serangan yang akan datang, dan berbagi informasi intelijen tentang target potensial dan manuver zionis.peran rusia itu diungkap sumber yang berbicara dengan sky news arabia. kolaborasi ini menggarisbawahi komitmen rusia untuk menjaga stabilitas regional dan membantu teheran dalam mempersiapkan pertahanannya. iran dan rusia tidak berkomentar atas laporan berbagi intelijen tersebut.meskipun mengalami kerusakan pada instalasi militer di provinsi teheran, khuzestan, dan ilam—yang mengakibatkan kematian empat tentara iran—otoritas iran melaporkan bahwa pertahanan udara mereka mencegat banyak rudal zionis yang menyerang.
                
                    baca juga
                    
                        
                    
                        
                    
                        
                            teka-teki iran tak luluh lantak diserang 100 pesawat israel, termasuk jet siluman f-35
                        
                    
                 berbagai laporan yang saling bertentangan telah muncul mengenai jumlah gelombang serangan israel. meskipun sumber-sumber barat dan israel berbeda, laporan-laporan dari iran menunjukkan beberapa gelombang serangan memang terjadi.strategi israel mengandalkan rudal jarak jauh yang diluncurkan dari udara, yang ditembakkan dari posisi yang jauh di luar wilayah udara iran, sehingga meminimalkan risiko bagi pesawat-pesawat militernya.media zionis melaporkan serangan kemarin melibatkan sekitar 100 pesawat militer, termasuk f-15, f-16, dan jet tempur siluman f-35.laporan lain dari axios memaparkan israel berkomunikasi langsung dengan iran melalui perantara pihak ketiga sebelum serangan diluncurkan, mendesak pengekangan dan mengancam akan menyerang lebih dahsyat jika teheran membalas serangan. namun, militer zionis membantah laporan tersebut.pada 25 oktober, menteri luar negeri belanda kaspar veldkamp juga menyerukan de-eskalasi selama percakapan dengan koleganya dari iran. 
            
                lihat juga: iran incar kapal induk as di timur tengah",internasional
"wujudkan program swasembada pangan, polri rekrut bintara pertanian","jakarta - kapolri jenderal polisi  listyo sigit prabowo  telah menyiapkan sejumlah langkah dalam mendukung percepatan swasembada pangan yang merupakan program presiden prabowo subianto. polri akan segera melakukan sosialisasi perekrutan bintara kompetensi khusus (bakomsus).“sedang dirancang maupun disusun untuk tindak lanjutnya, salah satunya adalah menindaklanjuti program ketahanan pangan yang diinisiasi oleh bapak as sdm, kemarin sudah dipaparkan rencana merekrut bakomsus yang berasal dari pertanian,” kata kadiv humas polri irjen pol sandi nugroho, rabu (30/10/2024).sandi menjelaskan, polri sudah melakukan kerja sama dengan sejumlah pihak termasuk kementerian untuk mengetahui lembaga-lembaga pendidikan yang fokus di bidang pertanian dan ahli gizi.
                
                    baca juga
                    
                        
                    
                        
                    
                        
                            kapolri siapkan program 100 hari sukseskan asta cita prabowo-gibran
                        
                    
                 “rencana kick off akan disampaikan bulan november ini akan disosialisasi dan kemudian di bulan desember sudah mulai perekrutan untuk bisa mendapatkan calon-calon terbaik untuk mengawali soal ketahanan pangan maupun untuk masalah keahlian di bidang gizi,” ujar dia.
                
                    baca juga
                    
                        
                    
                        
                    
                        
                            kolaborasi dengan bumn pangan, mentan amran optimalkan kemandirian pangan nasional
                        
                    
                 nantinya, polri akan merekrut 600 orang baik dari bakomsus maupun dari sekolah inspektur polisi sumber sarjana (sipss). mereka akan bertugas untuk membantu menyiapkan ketahanan pangan.“mulai dari penyiapan lahan dari padi kemudian menyiapkan tanaman-tanaman lainnya, palawija, jagung, dan sebagainya. maupun juga bagaimana untuk berkolaborasi untuk pemenuhan makan siang gratis sesuai dengan standar gizi yang ada. makanya dibutuhkan polisi-polisi yang paham untuk itu, supaya bisa berkolaborasi dengan sebaik-baiknya,” jelas dia.
            
                lihat juga: kolaborasi dengan bumn pangan, mentan amran optimalkan kemandirian pangan nasional
            (cip)",nasional
cagub sulteng ahmad ali targetkan kantongi 200 ribu lebih suara di parigi moutong,"parigi moutong (parimo) - calon gubernur (cagub) sulawesi tengah (sulteng) nomor urut 1 ahmad hm ali disambut antusias masyarakat saat menggelar kampanye dialogis di desa siniu, kecamatan siniu, kabupaten parigi moutong (parimo), senin (28/10/2024) malam.baru saja tiba di lokasi kampanye, ahmad ali langsung dikerumuni warga. ibu-ibu yang mendominasi kampanye malam itu berebut menemui calon gubernur idolanya. bahkan, mereka langsung mengajak suami nilam sari lawira itu berjoget ""gemoy"", goyangan khas ahmad ali sambil mengangkat 1 jari.""bapak tidak perlu pidato, bapak sudah pasti menang di sini,"" teriak seorang warga.sementara itu, cagub sulteng ahmad ali mengajak agar seluruh simpatisan dan masyarakat yang menginginkan perubahan lebih baik di daerah tersebut untuk sama-sama memperjuangkan harapan mereka dengan memilih calon kepala daerah yang programnya realistis.kabupaten parigi moutong diyakini sebagai basis suara terbesar pasangan calon gubernur dan wakil gubernur ahmad hm ali-abdul karim al jufri. di daerah dengan jumlah daftar pemilih tetap (dpt) terbanyak, yakni 327.357 pemilih itu, ahmad ali menargetkan paling tidak bisa mengamankan 200 ribu lebih suara.""kita tidak bisa berkeyakinan tanpa perjuangan. olehnya, malam ini saya mengajak mari kita berjuang bersama-sama,"" ujar ahmad ali yang diamini warga.mantan anggota dpr ri dua periode itu ikut berkontestasi di pilkada sulteng dengan menawarkan sejumlah program pro rakyat, di antaranya asuransi pertanian, perlengkapan sekolah gratis, pembiayaan jaminan kesehatan gratis, perlindungan sosial pekerja informal, hingga perbaikan infrastruktur jalan.dia pun yakin bisa merealisasikan semua program itu jika diberi mandat oleh masyarakat sulteng yang akan melakukan pemilihan serentak 27 november mendatang.""saya tidak dibiayai pengusaha untuk maju gubernur, saya tidak mau berhutang kepada pengusaha karena saya hanya mau melayani masyarakat. saya ingin jabatan ini sebagai ladang amal saya kelak, sehingga saya hanya ingin melakukan yang terbaik untuk daerah ini dan masyarakat sulteng,"" ujarnya.
            
                lihat juga: kolaborasi dengan bumn pangan, mentan amran optimalkan kemandirian pangan nasional
            (skr)",nasional
"96 tahun sumpah pemuda, refleksi pkb sebagai partai anak muda","muhammad rodli kaelanisekretaris jenderal dkn garda bangsa, wakil ketua umum dpp ikatan pemuda tionghoa indonesiasetiap tanggal 28 oktober, kita selalu memperingati hari sumpah pemuda . sumpah pemuda tahun 1928 merupakan tonggak penting dalam sejarah bangsa indonesia, di mana semangat persatuan dan kebangsaan dipelopori oleh anak-anak muda. momentum ini menjadi puncak dari gerakan-gerakan anak muda yang telah muncul sebelumnya, seperti kebangkitan nasional pada 1908, yang dipelopori oleh budi utomo.sejak itu, peran anak muda dalam pembaharuan sosial dan politik tidak dapat dipisahkan dari dinamika perubahan bangsa. bahkan, di era reformasi, anak-anak muda (mahasiswa) kembali menjadi garda terdepan dalam menuntut perubahan rezim otoritarianisme menuju demokrasi yang lebih terbuka. dengan kata lain, perjalanan bangsa indonesia selama 79 tahun selalu diwarnai oleh spirit dan kepeloporan kaum pemuda.namun, 96 tahun setelah sumpah pemuda berlangsung, tantangan yang dihadapi generasi muda semakin kompleks. fenomena bonus demografi yang sering dianggap sebagai “berkah” untuk bangsa, pada kenyataannya menyimpan berbagai paradoks. generasi milenial dan gen z, yang menjadi tumpuan harapan bangsa, tidak hanya membawa potensi besar, tetapi juga dihadapkan pada tantangan-tantangan serius. paradoks bonus demografibonus demografi yang dimaksud adalah lonjakan jumlah penduduk usia produktif, yang dianggap bisa mendorong pertumbuhan ekonomi. dan ini memang merupakan momen langka, pasalnya tidak semua negara memiliki kesempatan emas ini. dimana penduduk berusia produktif (15-65 tahun) jumlahnya lebih besar dibandingkan usia 0 - 14 tahun dan di atas 65 tahun. namun, realitasnya, bonus demografi ini juga menyimpan sejumlah tantangan serius.tingkat pengangguran di kalangan anak muda cukup tinggi. tahun 2023, data badan pusat statistik (bps) melaporkan jumlah pengangguran di kalangan anak muda tembus mencapai 22,25 persen dari total penduduk usia muda. situasi ini diperparah dengan kerentanan psikologis akibat tekanan sosial, ekonomi, dan budaya digital yang semakin menguat. alih-alih menjadi kelas menengah yang kuat, banyak di antara mereka justru terjebak dalam kondisi ekonomi yang stagnan, di mana daya beli mereka menurun dan sikap individualistik semakin menguat bahkan aksi kriminalisme-kekerasan yang dilakukan usia mudah semakin parah.gejala itu setidaknya bisa diprediksi dengan melakukan pembacaan terhadap pertumbuhan ekonomi indonesia selama 20 tahun terakhir yakni sejak 2003 hingga 2023 berjalan sangat melambat. dimana angka pertumbuhan ekonomi indonesia hanya diangka 5% (bappenas: 2024). realitas ini kemudian berdampak pada trend penurunan daya beli. plt kepala bps amalia adininggar widyasanti melaporkan, september 2024 terjadi deflasi sebesar 0,12 persen (voa indonesia).faktor ekonomi ini akan turut semakin memperparah kerentanan psikologis yang dihadapi generasi ini. tahun 2023, kemenkes merilis sebanyak 6,1 persen penduduk indonesia berusia 15 tahun ke atas mengalami gangguan kesehatan mental. gangguan kesehatan mental yang dihadapi gen z meningkat hingga mencapai 200%. selain masalah ekonomi, masalah pelik lain yang tengah dihadapi gen z ini adalah menguatnya sikap individualistik di kalangan mereka.paradoks ini menunjukkan bahwa tidak semua anak muda siap menghadapi dunia kerja yang semakin kompetitif, sementara dunia politik dan pembangunan lebih banyak dikendalikan oleh kekuatan uang (pemodal). di sini, partai kebangkitan bangsa (pkb) berhasil melihat adanya pergeseran nilai yang perlu diantisipasi. pkb sebagai partai yang konsisten merangkul anak muda, melihat fenomena ini sebagai sebuah tantangan sekaligus peluang untuk memperkuat peran generasi muda di masa depan.alih kepemimpinan: tanggung jawab generasi dan peran partai politiktantangan ini semakin relevan dalam konteks alih kepemimpinan nasional. prabowo subianto yang terpilih sebagai presiden ri 2024-2029 memiliki tanggung jawab itu. fenomena munculnya anak-anak muda yang mulai mengambil peran sebagai pejabat publik merupakan sinyal positif. sesuatu yang kini juga tengah menjadi konsentrasi partai politik untuk terus didorong, mengingat ceruk pemilih muda juga signifkan. partai politik mulai menyadari bahwa masa depan bangsa ada di tangan anak muda, dan oleh karena itu, peran mereka harus semakin dikuatkan.
            
                lihat juga: prabowo: saya yakin pkb akan kembali mendukung saya",nasional
apakah jet tempur siluman f-35 israel gunakan wilayah udara yordania saat serang iran?,"teheran - militer zionis  israel  dilaporkan mengerahkan 100 pesawat, termasuk jet tempur siluman f-35 adir, saat menyerang  iran  pada sabtu dini hari.beberapa saksi mata di yordania mengatakan mereka mendengar suara pesawat tempur di wilayah udara yordania, pada saat yang sama ketika israel melakukan serangan terhadap iran dan suriah.pengguna media sosial di yordania mengunggah video yang tampak seperti jet tempur di langit, disertai komentar yang menyatakan bahwa itu milik israel.pemerintah kerajaan yordania bergegas membantah kesaksian semacam itu. mereka menegaskan tidak mengizinkan israel menggunakan wilayah udara yordania untuk menyerang iran kemarin.
                
                    baca juga
                    
                        
                    
                        
                    
                        
                            jet siluman f-35 israel dilaporkan mengebom iran, serang 4 sistem rudal s-300, 4 tentara tewas
                        
                    
                 sumber militer di angkatan darat yordania mengatakan: ""tidak ada pesawat militer yang diizinkan melintasi wilayah udara yordania dan angkatan bersenjata mengikuti dengan cermat eskalasi militer yang terjadi selama beberapa jam terakhir.”militer kerajaan yordania menambahkan: ""angkatan udara kerajaan sedang memantau situasi dan siap melindungi tanah air.”sumber militer yordania yang dikutip di media lokal menekankan bahwa warganya harus mengambil informasi dari sumber resmi, dan tidak mendengarkan rumor tak berdasar yang beredar.sementara itu, the jerusalem post melaporkan bahwa wilayah udara suatu negara mengacu pada wilayah udara di atas daratan dan lautannya tetapi tidak termasuk luar angkasa.""tidak ada ketinggian yang disepakati secara universal yang menandai akhir wilayah udara suatu negara dan awal dari luar angkasa,” tulis media zionis israel terseut, seraya menambahkan bahwa di bawah ketinggian sekitar 100 kilometer di atas permukaan laut dianggap sebagai bagian dari wilayah udara kedaulatan suatu negara.“di luar ketinggian ini terdapat angkasa luar yang bebas dari kedaulatan nasional, yang memungkinkan kebebasan aktivitas internasional,” lanjut laporan tersebut.
            
                lihat juga: apakah israel ingin menginvasi iran? bisa jadi, tapi sangat berisiko",internasional
lembong terjerat hukum karena berikan perizinan impor saat surplus gula,"jakarta - thomas trikasih lembong (ttl) alias  tom lembong  telah ditetapkan sebagai tersangka oleh kejaksaan agung (kejagung). kejagung menilai tom lembong memberikan perizinan impor saat indonesia surplus gula.direktur penyidikan jampidsus kejagung, abdul qohar menyatakan, surplus gula tersebut berdasarkan rapat koordinasi (rakor) antarkementerian pada 12 mei 2015 yang salah satunya menyimpulkan indonesia mengalami surplus gula. namun, di tahun yang sama tom lembong memberikan izin persetujuan  impor gula  kristal mentah (gkm) ke pt ap sebanyak 105.000 ton. qohar melanjutkan, sesuai dengan keputusan menteri perdagangan dan peridustrian nomor 527 tahun 2004 yang diperbolehkan impor gula kristal putih (gkp) adalah bumn.""tetapi berdasarkan persujuan impor yang telah dikeluarkan oleh tersangka ttl, impor gula tersebut dilakukan oleh pt ap,"" kata qohar.impor gkm itu juga dilakukan tanpa adanya rakor dengan intansi terkait. selain itu, impor juga dilakukan tanpa adanya rekomendasi dari kementerian-kementerian guna mengetahui kebutuhan riil gula di dalam negeri.""bahwa kerugian negara akibat perbuatan importasi gula yang tidak sesuai dengan ketentuan perundang-undangan yang berlaku negara dirugikan kurang lebih rp400 miliar,"" ujarnya.
            
                lihat juga: gaji dan tunjangan tom lembong saat jadi menteri perdagangan ri 2015-2016
            (abd)",nasional
"bukan sekadar mengutuk, hamas minta pemimpin islam ikut bertanggung jawab atas genosida di gaza","gaza - para pemimpin negara-negara islam dalam setahun terakhir umumnya hanya berwacana dan berdialektika ketika berbicara tentang kekejaman israel di gaza. mereka hanya mengutuk dan mengecam tindakan keji israel. tapi, mereka tak bertindak banyak.bosan dengan kutukan dan kecaman negara-negara islam tersebut, hamas hamas menyerukan para pemimpin arab dan islam untuk menegakkan tanggung jawab atas perang genosida di gaza“para pemimpin negara-negara arab dan islam untuk menegakkan tanggung jawab mereka dan tidak hanya menyetujui dengan pernyataan kutukan,"" demikian ungkap hamas, dilansir middle east monitor. gerakan ini mendesak mereka untuk: “mengambil tindakan untuk menghentikan perang genosida dan pembersihan etnis yang dialami rakyat kami.”gerakan ini menegaskan dalam pernyataan pers yang diterima oleh quds press bahwa, “penyerbuan rumah sakit martir kamal adwan di proyek beit lahia oleh tentara pendudukan teroris… adalah kejahatan perang dan pelanggaran terang-terangan terhadap hukum internasional.”
                
                    baca juga
                    
                        
                    
                        
                    
                        
                            serangan israel ke iran dianggap gagal, berikut 4 alasannya
                        
                    
                 “pemerintah pendudukan zionis terus melakukan perang genosida di jalur gaza utara, tanpa mempedulikan akibat apa pun, mengingat dukungan dan perlindungan penuh yang diberikan kepadanya oleh pemerintah as,” tambahnya.gerakan ini menekankan bahwa, pembantaian yang dilakukan di jalur gaza utara dan pemboman kriminal yang difokuskan pada rumah-rumah, dan pembongkaran blok-blok perumahan di atas penghuninya adalah desakan zionis atas kampanye pembersihan etnis yang dilakukannya di jalur gaza utara.hamas menyerukan kepada para pemimpin negara arab dan islam untuk meneguhkan tanggung jawab mereka dalam melindungi rakyat palestina. mereka juga meminta pemimpin islam untuk tidak merasa puas dengan pernyataan kutukan dan bertindak untuk menghentikan perang genosida dan pembersihan etnis.hamas mengakhiri dengan mengkritik: “masyarakat internasional dan lembaga-lembaganya yang bungkam atas kejahatan-kejahatan ini memikul tanggung jawab politik dan moral atas kelanjutannya dan atas keruntuhan yang disaksikan dunia dalam sistem nilai-nilai dan hukum yang mengaturnya, karena pelanggaran-pelanggaran zionis yang meluas terhadapnya.”
            
                lihat juga: padang mahsyar dunia berada di palestina? berikut ini dalilnya
            (ahm)",internasional
laporan media iran: tak ada pangkalan militer di barat teheran yang diserang israel,"teheran - kantor berita tasnim iran mengatakan sejauh ini tidak ada ledakan yang dilaporkan di kantor pusat militer garda revolusi di sebelah barat atau barat daya teheran.""suara yang terdengar terkait dengan keterlibatan pertahanan udara tentara di tiga tempat di sekitar teheran sebagai tanggapan atas serangan israel,” ungkap laporan itu, mengutip beberapa sumber.“informasi tambahan tentang alasan di balik suara beberapa ledakan akan diumumkan kemudian,"" papar sumber itu.loud sirens were heard in sadeghiyeh (aryashahr) neighborhood in western tehran as israel started its airstrikes, a video obtained by @iranintl_en shows. pic.twitter.com/vpagcu5l5y — iran international english (@iranintl_en) october 26, 2024  laporan itu setelah kantor berita fars mengatakan beberapa pangkalan militer di sebelah barat dan barat daya ibu kota iran telah menjadi sasaran serangan israel, menurut penyelidikan awal.foad izadi, profesor madya studi dunia di universitas teheran, telah berbicara kepada al jazeera dari ibu kota iran.dia mengatakan, “kota teheran sangat tenang sekarang.""""sekitar pukul empat pagi di teheran, dan kami tidak melihat apa pun yang terjadi di luar, atau aktivitas atau gerakan apa pun,"" ujar dia.dia menjelaskan, “jadi kota ini berfungsi seperti biasa, dan jika terjadi serangan, saya rasa serangan itu tidak sebesar itu.”direktur bandara internasional imam khomeini di teheran mengatakan bandara tersebut terus beroperasi sesuai jadwal, tanpa ada insiden keamanan yang dilaporkan, demikian laporan rekan-rekan kami di al jazeera arabic.
                
                    baca juga
                    
                        
                    
                        
                    
                        
                            israel luncurkan serangan ke iran, beberapa ledakan terdengar di teheran
                        
                    
                 
            
                lihat juga: tidak seperti hassan nasrallah, pemimpin baru hizbullah justru bukan dari keturunan nabi muhammad, kenapa?
            (sya)",internasional
"retreat berakhir, mentan-wamentan ungkap kesan selama di akmil magelang","magelang - menteri pertanian (mentan) andi amran sulaiman dan wakil menteri pertanian (wamentan) sudaryono mengungkapkan kesannya setelah merampungkan retreat kabinet merah putih.“luar biasa, kompak, kabinet merah putih kompak,” kata mentan amran saat meninggalkan kompleks akademi militer (akmil) magelang, jawa tengah, minggu (27/10/2024).amran menjelaskan bahwa pelatihan tidak hanya menguatkan kebersamaan antara pejabat di kabinet merah putih, tetapi juga memantapkan komitmen untuk mewujudkan cita-cita bangsa.“pembekalan ini menegaskan kembali komitmen untuk bekerja dengan hati dan penuh integritas, serta kekompakan di bawah komando presiden prabowo,” ujarnya.sepakat dengan mentan amran, wamentan sudaryono mengaku menjadi semakin bersemangat untuk menjalankan pemerintahan yang mengabdi kepada kepentingan rakyat. salah satunya mewujudkan gagasan besar untuk swasembada pangan.“kita dapat pengarahan presiden, di sini kita benar-benar fokus dan kompak. kami siap menyukseskan pemerintahan prabowo-gibran. semangat, swasembada, swasembada, tidak bisa ditawar,” ucapnya.seperti diketahui, presiden prabowo subianto mengumpulkan jajaran pejabat di kabinet merah putih untuk mengikuti pembekalan selama tiga hari. kegiatan retreat menekankan pentingnya kebersamaan, disiplin, dan kesatuan visi antara para menteri di kabinet merah putih.dalam berbagai kesempatan selama di akmil magelang, mentan amran dan wamentan sudaryono terlihat sering bersama dan berdiskusi serius di sela-sela kegiatan. kekompakan dan kebersamaan punggawa kementerian yang mengurusi produksi pangan rakyat indonesia ini, kerap kali menjadi sorotan para menteri lainnya. “wah menteri dan wamennya kompak nih pertanian. naik mobil (golf car) aja barengan,” celetuk salah satu menteri kabinet merah putih.di tengah suasana diskusi dan evaluasi, keduanya menunjukkan kerja sama yang solid, mencerminkan keharmonisan dalam upaya bersama membangun sektor pertanian indonesia.
            
                lihat juga: kolaborasi dengan bumn pangan, mentan amran optimalkan kemandirian pangan nasional",nasional
kasus suap mantan pejabat ma cermin bobroknya peradilan,"jakarta - kasus suap perkara kasasi gregorius ronald tannur yang menjerat mantan pejabat mahkamah agung (ma) zarof ricar (zr) membuka tabir praktik mafia kasus (markus) yang masih gentayangan di peradilan indonesia.terlebih, dari rumah zr yang merupakan mantan kepala balitbang diklat kumdil ma itu disita uang bernilai fantastis yakni rp920 miliar dan 51 kg emas. tersangka diduga menerima gratifikasi mulai 2012-2022.
                
                    baca juga
                    
                        
                    
                        
                    
                        
                            profil zarof ricar, eks pejabat ma tersangka suap ronald tannur dengan barang bukti rp950 miliar dan 51 kg emas
                        
                    
                 wakil ketua dewan pembina dpp kongres advokat indonesia (kai) henry indraguna menilai dengan ditetapkannya zarof ricar sebagai tersangka perantara suap dalam kasus ronald tannur (31) mencerminkan bobroknya dunia peradilan di indonesia. menurut pemerhati hukum ini, dengan temuan uang yang diduga hasil pengurusan perkara menunjukkan bagaimana aparat memperjualbelikan vonis hukum dengan mengebiri rasa keadilan korban dan masyarakat. “bahkan tidak menutup kemungkinan dalam pendalaman dan penyidikan kasus ini ke depan akan terkuak siapa lagi sebagai aktor praktik suap yang sering jual-beli penyelesaian suatu perkara,” ujar henry indraguna yang juga anggota dewan pakar partai golkar, senin (28/10/2024).menurut dia, indonesia sudah darurat korupsi sehingga dapat menimbulkan krisis kepercayaan di masyarakat. “ini sudah pasti membuat dinamika krisis kepercayaan di masyarakat terhadap hukum di indonesia yang semakin akut,” ujar doktor hukum dari uns surakarta dan universitas borobudur jakarta ini.henry berharap kepada pemerintahan prabowo-gibran harus segera melakukan penataan sistem dan mekanisme peradilan yang terkelola secara profesional dengan menggunakan prinsip transparansi sekaligus akuntabel.“supaya kejadian serupa tidak terulang di kemudian hari, harus ada pola rewards dan punishment. ini harus diberikan dan diberlakukan kepada setiap hakim dan panitera serta asn di lingkungan ma,” ucapnya. 
            
                lihat juga: gpa minta kejagung usut tuntas sumber uang rp920 miliar dan 51 kg emas eks pejabat ma",nasional
"profil mehdi hasan, jurnalis muslim yang diancam dibunuh ryan girdusky saat acara live","london - jurnalis muslim mehdi hasan viral setelah dikomentari rasis dan diancam dibunuh oleh ryan girdusky saat acara diskusi live di cnn. cnn kemudian mengatakan komentator sayap kanan ryan girdusky tidak akan diterima lagi tampil live setelah dia membuat pernyataan rasis di acara ""cnn newsnight with abby phillip.""pada acara utama hari senin (28/10/2024), setelah jurnalis muslim mehdi hasan menyatakan dia mendukung palestina, komentator konservatif ryan girdusky menanggapi, ""saya harap pager anda tidak berbunyi."" komentar girdusky tersebut merujuk pada ribuan ledakan pager di lebanon yang menargetkan warga sipil dan pejuang hizbullah. cnn mengetahui serangan tersebut dilakukan israel.hasan kemudian bertanya kepada phillip, ""apakah tamu anda baru saja mengatakan saya harus dibunuh di tv live?"" girdusky menanggapi dengan secara keliru menyamakan dukungan hasan terhadap palestina dengan kelompok hamas.""itu sama sekali tidak masuk akal. anda tahu itu,"" ujar phillip kepada girdusky. phillip meminta maaf kepada para pemirsa atas pernyataan girdusky. girdusky mengatakan dia meminta maaf karena dia mengira hasan mengatakan dia mendukung hamas, klaim yang dibantah phillip dan hasan.beberapa menit kemudian, saat acara kembali dari jeda iklan, phillip berkata pada pemirsa dan hasan atas komentar ""yang sama sekali tidak dapat diterima"" yang dibuat girdusky dan girdusky pun dikeluarkan dari acara tersebut.""ada batas yang dilanggar di sana dan itu tidak dapat diterima oleh saya. itu tidak dapat diterima oleh kami di jaringan ini. kami ingin berdiskusi. kami ingin orang-orang yang tidak sependapat untuk berbicara satu sama lain. namun, jika anda melewati batas kurangnya kesopanan, itu tidak akan terjadi di acara ini,"" tegas phillip.
            
                lihat juga: 10 fakta hubungan pangeran william dan harry, dari keluarga hingga persaingan saudara",internasional
perampasan aset tindak pidana dan pembuktian terbalik,"romli atmasasmitasetelah undang-undang (uu) tindak pidana korupsi (tipikor) (1999/2001) dan uu tindak pidana pencucian uang (tppu) (2010) diundangkan telah terbukti bahwa upaya penegakan hukum dalam pemberantasan korupsi masih mengalami hambatan, terutama dalam hal pengembalian kerugian negara dan pemulihan aset tindak pidana secara maksimal. hal ini disebabkan di dalam kitab undang-undang hukum acara pidana (kuhap) maupun di dalam uu tipikor dan uu tppu aquo tidak diatur secara rinci dan jelas baik mengenai hukum materiil maupun hukum formil mengenai bagaimana norma dan prosedur perampasan aset tipikor dapat dioptimalkan. di dalam pertimbangan ruu perampasan aset tindak pidana antara lain dikemukakan bahwa, (b) perkembangan tindak pidana yang bertujuan untuk mendapatkan keuntungan ekonomis berpotensi merusak tatanan perekonomian nasional sekaligus mengurangi kemampuan pemerintah indonesia dalam mewujudkan kesejahteraan umum sehingga diperlukan pengaturan mengenai perampasan aset terkait dengan tindak pidana. akan tetapi, ruu perampasan aset tindak pidana ini tidak bertujuan untuk menghukum pelaku/pemilik aset yang diduga berasal dari tindak pidana sebagaimana dikemukakan dalam pasal 1 angka 3: perampasan aset tindak pidana yang selanjutnya disebut perampasan aset adalah upaya paksa yang dilakukan oleh negara untuk mengambil alih penguasaan dan/atau kepemilikan aset tindak pidana berdasarkan putusan pengadilan yang telah memperoleh kekuatan hukum tetapi tanpa didasarkan pada penghukuman terhadap pelakunya. 
                
                    baca juga
                    
                        
                    
                        
                    
                        
                            perampasan aset tindak pidana
                        
                    
                 pola perampasan aset tindak pidana sebagaimana diatur di dalam ruu perampasan aset tindak pidana ini menganut perampasan aset tindak pidana, dikenal in rem forfeiutre, dan tidak menganut in personam forefeiture atau perampasan aset tindak pidana berdasarkan putusan pengadilan yang berkekuatan hukum tetap yang menjatuhkan hukuman terhadap pelaku tindak pidana/pemilik aset tindak pidana yang tidak dapat dibuktikan asal-usul perolehannya yang sah. ruu perampasan aset tindak pidana menganut pendekatan in-rem forefeiture, dalam arti yang dijadikan target adalah hanya perampasan aset tindak pidana, bukan pelaku tindak pidana yang menguasai aset tindak pidana. perampasan aset in-rem forfeiture tidak bertujuan menghukum pelaku tindak pidananya. pola pendekatan relatif baru di dalam ruu perampasan aset tindak pidana ini merupakan perubahan mendasar dalam strategi pemberantasan tindak pidana khususnya dalam tindak pidana korupsi yang telah berhasil dipraktikkan di negara anggota uni eropa dan amerika serikat. perubahan tersebut juga mengakibatkan perubahan dalam hukum pidana formil, hukum acara perampasan aset tindak pidana, yaitu perampasan dilakukan berdasarkan prosedur gugatan keperdataan yang dilaksanakan oleh jaksa perdatun dan tata usaha negara (jadatun). di dalam ruu perampasan aset tindak pidana ini, prosedur hukum acara perampasan dilakukan melalui 4 (empat) tahap yaitu: a) penelusuran, (b) penghentian transaksi, (c) pemblokiran, dan (d) penyitaan. akan tetapi, perampasan aset tidak pidana hanya dapat dilakukan berdasarkan putusan pengadilan yang telah berkekuatan hukum tetap saja, tanpa didasarkan pada penghukuman terhadap pelakunya. jaksa pengacara negara wajib menyampaikan dalil-dalil yang menjadi dasar permohonan dan wajib membuktikan bahwa aset yang dimohonkan untuk dirampas merupakan aset tindak pidana (pasal 37) dan jika terdapat pihak yang berkeberatan atas pemohonan jaksa pengacara negara, diwajibkan pihak tersebut mengajukan upaya hukum perlawanan. dalam hal alat bukti yang diatur dalam ruu perampasan aset tindak pidana, diatur ketentuan mengenai alat bukti (baru) yaitu penyataan (affidavit) dari penyedia layanan dalam hal aset yang dimohonkan berupa akun atau benda tidak berwujud seperti saham. merujuk ketentuan pasal 37 di atas, jelas bahwa permohonan perampasan aset tindak pidana tidak menghapuskan kewenangan penuntutan (pasal 3) sehingga jika dalam penuntutan tindak pidana ternyata objek aset tindak pidana sama dengan aset tindak pidana yang dimohonkan untuk dirampas, maka permohonan perampasan aset tindak pidana melalui proses gugatan ditunda sampai ada putusan pengadilan yang berkekuatan hukum tetap terhadap pelakunya. 
            
                lihat juga: kausa kejahatan dan viktimisasi",nasional
"kapolri terima penghargaan dari raja malaysia, alwi: pengakuan prestasi dan dedikasi","jakarta - kapolri jenderal polisi  listyo sigit prabowo  dijadwalkan menerima penghargaan panglima gagah pasukan polis dari raja malaysia, sultan ibrahim. penghargaan itu diberikan di istana negara malaysia pada hari ini.pendiri haidar alwi institute (hai), r haidar alwi menilai, penghargaan tersebut merupakan bentuk pengakuan negara lain atas prestasi dan dedikasi polri di bawah kepemimpinan kapolri jenderal polisi listyo sigit prabowo.baik dalam menjaga keamanan nasional dan kawasan, maupun dalam hubungan kerja sama antarnegara sahabat khususnya dengan polisi diraja malaysia.
                
                    baca juga
                    
                        
                    
                        
                    
                        
                            41 perwira polisi berpangkat kompol dimutasi kapolda metro jaya, ini nama-namanya
                        
                    
                 ""prestasi dan dedikasi polri di bawah kepemimpinan kapolri jenderal listyo sigit prabowo sudah diakui dunia sehingga menjadikannya layak dan pantas diganjar penghargaan,"" kata r haidar alwi, rabu (30/10/2024).haidar mengungkap kembali hasil riset international police science association (ipsa) yang berbasis di amerika serikat berkolaborasi dengan institute for economic and peace (iep) yang terdaftar di autralia.
                
                    baca juga
                    
                        
                    
                        
                    
                        
                            33 perwira lemdiklat polri dimutasi september 2024, jadi kapolres hingga ketua stik
                        
                    
                 dalam laporan bertajuk world internal security and police index (wispi) 2023, ipsa dan iep mengukur kemampuan kepolisian suatu negara dalam menjaga keamanan dan ketertiban masyarakat serta keselamatan anggotanya.""hasilnya polri menempati peringkat ke-63 dari 125 negara atau naik 21 peringkat dibanding sebelumnya di posisi ke-84 dari 127 negara. bahkan untuk salah satu varibel, polri terbaik ke-3 di dunia,"" jelasnya.gallup, lembaga survei lainnya dari amerika serikat juga mengakui kinerja positif polri. mereka mengukur persepsi masyarakat terhadap kinerja kepolisian di lebih dari 120 negara dengan mewawancarai sekitar 127.000 orang dewasa.""dari laporan global law and order yang dirilis gallup tahun 2022, polri di bawah kepemimpinan kapolri jenderal listyo sigit prabowo masuk lima besar polisi dengan kinerja terbaik di dunia,"" pungkas r haidar alwi
            
                lihat juga: wujudkan program swasembada pangan, polri rekrut bintara pertanian
            (cip)",nasional
"truk tabrak halte di israel, sopir ditembaki warga yahudi","tel aviv - sekitar 37 orang terluka baik kondisi kritis dan ringan setelah sebuah truk menabrak halte bus di dekat glilot di israel tengah pada minggu (27/10/2024). satu orang dalam kondisi kritis, menurut sourasky medical center. magen david adom menambahkan bahwa paramedis merawat enam orang yang terluka parah dan lima orang yang terluka sedang.sekitar 20 orang yang mengalami luka ringan dan empat orang yang menderita kecemasan sedang dirawat oleh para medis, mda juga menyatakan, seraya menambahkan bahwa sebagian besar korban adalah orang dewasa.melansir times of israel, mda mengatakan bahwa mereka memindahkan para korban luka ke sourasky medical center, rabin medical center-beilinson campus, meir medical center, laniado hospital, shamir medical center, dan sheba medical center.polisi israel menyatakan, warga sipil yang berada di tempat kejadian telah menembaki pengemudi truk. polisi mencatat bahwa menurut pemeriksaan awal, sebuah bus telah berhenti di dekat halte bus di daerah tersebut, setelah itu truk menabrak bus dan orang-orang yang berdiri di halte bus.menurut media israel, polisi memperlakukan insiden itu sebagai serangan teror.relawan paramedis united hatzalah aharon yaakobson, yang berada di sekitar lokasi kejadian dan tiba pertama kali di lokasi kejadian, paramedis yaron schiff, eliyah tubul, dan yair porush melaporkan, ""itu adalah lokasi kejadian yang sulit dengan truk, bus, dan pejalan kaki. kami memberikan perawatan awal di lokasi kejadian kepada lebih dari 20 orang (pada tahap ini) yang mengalami berbagai tingkat cedera.""
                
                    baca juga
                    
                        
                    
                        
                    
                        
                            citra satelit tunjukkan fasilitas senjata nuklir iran jadi target serangan israel
                        
                    
                 ""beberapa dari mereka diselamatkan oleh petugas pemadam kebakaran dalam kondisi serius setelah terjebak di bawah truk. anggota unit tanggap krisis dan psikotrauma united hatzalah juga memberikan bantuan di lokasi kejadian kepada beberapa orang yang menderita syok emosional.polisi menyatakan bahwa pasukan besar dikerahkan ke daerah tersebut dan meminta pengemudi mengalihkan rute mereka dari daerah tersebut.
            
                lihat juga: 3 dosa israel terhadap indonesia, salah satunya lukai tni
            (ahm)",internasional
"arab saudi buka sindalah, pulau mewah neom impian pangeran mohammed bin salman","riyadh - kota besar futuristik  arab saudi,  neom, mengumumkan pembukaan sindalah pada hari minggu. sindalah adalah sebuah pulau mewah di laut merah yang dilengkapi restoran, hotel, dan tempat berlabuh kapal pesiar.neom, kota impian yang digagas putra mahkota arab saudi  mohammed bin salman,  menggambarkan sindalah sebagai pameran fisik pertamanya.""yang akan berfungsi sebagai pintu gerbang neom ke laut merah, menyediakan akses mudah bagi pemilik kapal pesiar eropa, saudi, dan gcc [dewan kerjasama teluk],"" kata otoritas neom.
                
                    baca juga
                    
                        
                    
                        
                    
                        
                            mohammed bin salman ungkap pulau mewah pertama neom, ini rentetan fasilitasnya
                        
                    
                 ""neom berkomitmen untuk mendukung era baru pariwisata mewah kerajaan, dengan pembukaan sindalah,"" imbuh ceo neom nadhmi al-nasr dalam sebuah pernyataan, sebagaimana dikutip dari al arabiya english, senin (28/10/2024).“destinasi perdana neom menawarkan kepada para pengunjung ‘pandangan pertama’ tentang masa depan portofolio destinasi dan pengembangan kami yang luas,"" paparnya.""sindalah tersebar di lahan seluas 840.000 meter persegi (200 hektare) dan akan menerima hingga 2.400 tamu per hari pada tahun 2028,” imbuh pernyataan bos neom.pertama kali diumumkan oleh putra mahkota arab saudi mohammed bin salman pada bulan desember 2022, neom mengatakan bahwa pembukaan sindalah menandai tonggak sejarah yang menarik dalam kemajuan neom.gelombang pertama tamu undangan telah disambut di sindalah untuk merasakan daya tarik pulau tersebut, menurut laporan saudi press agency (spa).neom menambahkan bahwa mengubah sindalah dari ide menjadi kenyataan merupakan hasil dari upaya dan kerja keras selama dua tahun.“hal ini menandai langkah penting dalam mewujudkan ambisi pariwisata kerajaan di bawah visi saudi 2030 dan menegaskan kembali kemampuan neom untuk merancang dan menghadirkan destinasi baru dan menarik,"" imbuh pernyataan al-nasr.
            
                lihat juga: who kolaborasi dengan arab saudi dalam inisiatif kartu kesehatan haji
            (mas)",internasional
pasukan korea utara dapat tugas usir pasukan ukraina dari kursk di rusia,"moskow - pasukan korea utara telah dikerahkan ke rusia dan beroperasi di wilayah perbatasan kursk tempat pasukan ukraina berpijak. mereka mendapatkan tugas untuk mengusir pasukan ukraina dari wilayah tersebut. sekretaris jenderal nato mark rutte mengatakan ia dapat mengonfirmasi pengerahan tersebut setelah berminggu-minggu berspekulasi, menyusul pertemuan dengan pejabat intelijen dan pertahanan korea selatan pada hari senin.kepala nato yang baru dilantik mengatakan pengerahan tersebut merupakan ""eskalasi signifikan"" dan ""ekspansi berbahaya"" dari perang rusia di ukraina.minggu lalu, presiden vladimir putin menolak untuk menyangkal bahwa pasukan korea utara telah tiba di rusia, menyusul laporan bahwa pyongyang sedang bersiap untuk mengirim ribuan pasukan untuk membantu sekutunya.badan mata-mata korea selatan mengatakan awal bulan ini bahwa sedikitnya 1.500 tentara korea utara telah tiba di rusia, yang mendorong seoul untuk mengeluarkan teguran diplomatik yang keras kepada moskow.
                
                    baca juga
                    
                        
                    
                        
                    
                        
                            cawapres partai republik tegaskan as seharusnya tidak berperang dengan rusia, ini alasannya
                        
                    
                 namun, intervensi rutte pada hari senin menandai pertama kalinya nato secara resmi mengakui bahwa pasukan pyongyang beroperasi di rusia. ia menambahkan bahwa korea utara telah mengirim jutaan amunisi dan rudal balistik ke moskow untuk digunakan di ukraina.sebagai balasannya, presiden putin telah setuju untuk mengirim teknologi militer dan dukungan lainnya untuk membantu korea utara menghindari sanksi internasional, kata rutte. kemitraan tersebut, tambahnya, ""merusak perdamaian dan keamanan global"".melansir bbc, peringatannya bahwa pasukan korea utara beroperasi di kursk akan menimbulkan kekhawatiran di ibu kota barat. bentrokan terus berlanjut antara pasukan moskow dan kyiv hampir dua bulan setelah pasukan ukraina pertama kali memasuki wilayah tersebut dalam operasi kejutan.
            
                lihat juga: presiden joe biden berikan 1 syarat jika ukraina ingin menyerang pasukan korea utara
            (ahm)",internasional
"kisah michiko, bagaimana seorang gadis hiroshima selamat dari bom nuklir amerika","tokyo - michiko kodama baru berusia tujuh tahun saat itu, tetapi dia memiliki ingatan yang sangat jelas tentang pagi hari tanggal 6 agustus 1945 di  hiroshima,  jepang.“hari itu cerah,” katanya. “pukul 08.15, saya berada di sekolah, duduk di meja saya di depan kelas, ketika ada kilatan putih yang dahsyat dan langit-langit runtuh. sepotong kaca tersangkut di bahu saya, dan di sekeliling saya orang-orang terjebak oleh pecahan puing, tetapi entah bagaimana semua orang masih hidup.”hal berikutnya yang diingatnya adalah berada di klinik sekolah tempat salah satu guru melepaskan kaca. “mereka merobek tirai untuk membersihkan luka kami sebaik mungkin. kemudian ayah saya datang. dia membaringkan saya di punggungnya dan kami berjalan pulang bersama,"" tutur michiko.
                
                    baca juga
                    
                        
                    
                        
                    
                        
                            truman menyesal membom atom hiroshima? jawabnya: persetan, harus dilakukan
                        
                    
                 michiko adalah seorang “hibakusha” atau “orang yang terkena bom”—seorang penyintas  bom nuklir  yang dijatuhkan oleh amerika serikat (as) di kota hiroshima dan nagasaki di jepang. para hibakusha, termasuk keturunan dari mereka yang mengalami pengeboman tersebut, kini berjumlah sekitar 540.000 orang.hampir sembilan dekade sejak peristiwa mengerikan tersebut, nihon hidankyo, organisasi yang mewakili hibakusha, dianugerahi hadiah nobel perdamaian pada 11 oktober 2024. “atas upayanya untuk mencapai dunia yang bebas dari senjata nuklir dan karena menunjukkan melalui kesaksian saksi bahwa senjata nuklir tidak boleh digunakan lagi,"" kata nobel foundation terkait alasan memberikan hadiah nobel perdamaian kepada nihon hidankyo.nihon hidankyo didirikan pada tahun 1956 untuk meningkatkan kesadaran publik di seluruh dunia dengan memamerkan, melalui pengalaman hibakusha, efek jangka panjang senjata nuklir. 
            
                lihat juga: indonesia-jepang perkuat transformasi digital untuk atasi stunting dan pelayanan kesehatan ibu-anak",internasional
ketum partai perindo angela tanoesoedibjo ajak generasi muda pandai bersyukur,"jakarta   - ketua umum partai perindo angela tanoesoedibjo mengajak generasi muda untuk pandai bersyukur dan tidak membandingkan diri dengan orang lain. hal paling tepat untuk perbandingan diri ialah dengan diri sendiri di masa lampau.""bersyukur ialah modal terbesar bagi kita generasi muda,"" kata angela menjawab pertanyaan audiens saat acara di m blok jakarta selatan, senin (29/10/2024).
                
                    baca juga
                    
                        
                    
                        
                    
                        
                            dorong dialog pemerintah-generasi muda, angela tanoesoedibjo: agar kebijakan berpihak
                        
                    
                 selain itu, angela menilai tidak akan ada rasa syukur dalam diri jika terus membandingkan diri dengan orang lain. ""jangan bandingkan diri kita dengan orang lain,"" katanya. angela memberikan saran kepada generasi muda untuk membandingkan diri dengan dirinya sendiri di masa lampau. ""jika kita mau membandingkan diri kita, maka bandingkanlah kita dengan diri kita sendiri,"" pungkasnya.
            
                lihat juga: dorong dialog pemerintah-generasi muda, angela tanoesoedibjo: agar kebijakan berpihak
            (cip)",nasional
"hendak serang lebanon, 2 jet tempur israel nyaris tabrakan","tel aviv - sebuah jet tempur  israel  hampir menabrak pesawat tempur lain di sebuah landasan pacu pangkalan udara ramat david pada sabtu malam. selama insiden tersebut, sebuah jet tempur f-16 lepas landas dari pangkalan udara ramat david untuk menjalankan misi serangan di lebanon. namun, pesawat itu mengidentifikasi jet tempur lain yang melintasi jalurnya.kedua pesawat tempur bermanuver menghindar beberapa saat sebelum nyaris saling bertabrakan.rekaman insiden itu telah bocor ke media pada hari senin, memicu pasukan pertahanan israel (idf) meluncurkan penyelidikan.
                
                    baca juga
                    
                        
                    
                        
                    
                        
                            serangan israel diklaim hancurkan seluruh sistem rudal s-300 iran, teheran dalam bahaya besar
                        
                    
                 menanggapi pertanyaan media perihal insiden tersebut, idf mengatakan bahwa insiden nyaris tabrakan dua pesawat tempur itu akibat dari kesalahan operator menara pengawas lalu lintas udara. ""akibat diterbitkannya persetujuan lepas landas yang salah oleh menara pengawas lalu lintas udara, sementara pesawat lain berada di landasan pacu,"" kata idf, seperti dikutip dari times of israel, selasa (29/10/2024).""para kru merespons dengan cepat dan profesional dan insiden keselamatan yang serius dapat dihindari,"" lanjut idf.pada bulan september, dua tentara tewas dan tujuh lainnya cedera ketika sebuah helikopter militer jatuh di rafah, gaza selatan.penyelidikan berikutnya menemukan bahwa kondisi jarak pandang yang buruk menjadi penyebab kecelakaan tersebut.
            
                lihat juga: 3 dosa israel terhadap indonesia, salah satunya lukai tni
            (mas)",internasional
bendum perindo angkie yudistia terima penghargaan youth humanitarian award,"jakarta - bendahara umum (bendum) partai perindo  angkie yudistia  meraih penghargaan youth humanitarian award 2024 yang digelar oleh human initiative. angkie yang juga staf khusus presiden ri periode 2019-2024 ini meraih penghargaan dalam kategori individu. ditemui seusai penyerahan penghargaan, angkie menyampaikan terima kasih kepada pihak penyelenggara. dengan raihan penghargaan ini menurutnya, menjadi bukti nyata bahwa generasi muda bisa berkembang seluas-luasnya asal ada keinginan dan keyakinan. ""ini adalah penghargaan ke-22 sepanjang karier saya dan saya meyakinkan diri sebagai generasi muda untuk menjadi social entrepreneur, ini menjadi bukti nyata bahwa generasi muda bisa berkembang dan memberikan dampak seluas-luasnya,"" kata angkie di hotel bidakara jakarta, selasa (29/10/2024). 
                
                    baca juga
                    
                        
                    
                        
                    
                        
                            10 tahun partai perindo, angkie: kami rekrut sebanyak-banyaknya penyandang disabilitas
                        
                    
                 ""terlebih ini penghargaan untuk teman-teman disabilitas yang jumlahnya 22,9 juta jiwa di seluruh indonesia, ini saatnya disabilitas setara,"" sambungnya. kendati demikian, angkie menegaskan tidak berpuas diri dengan adanya penghargaan tersebut. ""harapannya adalah untuk tidak berhenti di sini, 25 tahun itu bukan penjalanan yang gampang mudah dan sebentar masih banyak masyarakat yang membutuhkan kepanjangan tangan,"" ujarnya.
            
                lihat juga: bank jatim sabet platinum award-best issuer bank (atm) di ajang prima awards 2024
            (rca)",nasional
"iran, israel, dan irak tutup wilayah udara setelah serangan zionis","teheran - peringatan yang dikeluarkan untuk para pilot mengatakan otoritas iran telah menutup wilayah udara negara itu setelah serangan militer israel.tidak jelas berapa lama penutupan wilayah udara akan berlangsung.otoritas israel juga telah menutup wilayah udara israel hingga pukul 8:30 pagi waktu setempat (5:30 pagi gmt), menurut laporan media israel.selain itu, kementerian transportasi irak telah mengumumkan penangguhan lalu lintas udara di semua bandara negara itu hingga pemberitahuan lebih lanjut.sebelumnya, kantor berita lebanon al mayadeen mengatakan korespondennya di irak melaporkan ledakan di pinggiran provinsi diyala dan salah al-din.“kami berharap mendengar lebih banyak dari militer israel dalam beberapa jam mendatang, terkait secara spesifik tentang jenis perangkat keras apa yang digunakan dalam serangan ini. apakah ini hanya satu fase dalam serangan? apakah akan ada lebih banyak serangan? apakah ini sedang berlangsung?” ungkap laporan jurnalis al jazeera. kejelasan tentang hal itu adalah apa yang perlu kita dengar dari tentara israel ke depannya.“sejauh yang kita pahami saat ini, israel belum menaikkan status siaga terkait komando front dalam negeri mereka, sejauh arahan kepada warga negara. namun, itu semua bisa berubah juga dalam beberapa jam mendatang,” papar laporan itu.militer israel mengatakan telah melakukan ""serangan tepat terhadap target militer di iran"" dan ""kemampuan defensif dan ofensifnya dimobilisasi sepenuhnya"".pemerintah iran belum berkomentar lebih rinci setelah beberapa ledakan dilaporkan di dan sekitar ibu kota iran, teheran.
            
                lihat juga: iran incar kapal induk as di timur tengah",internasional
mahfud md sarankan ma dan kejagung bentuk tim gabungan bongkar mafia peradilan,"jakarta - mantan menko polhukam yang juga guru besar hukum tata negara,  mahfud md  mengatakan, selama ini pemerintah tidak boleh ikut campur bila terjadi sesuatu di pengadilan karena merupakan wilayah dan kewenangan yudikatif. namun dengan munculnya kasus besar saat ini, di mana terjadi penangkapan mantan pejabat  mahkamah agung (ma) , zarof ricar dengan uang tunai dan emas mencapai rp1 triliun yang diduga merupakan bentuk mafia peradilan, maka saatnya pemerintah masuk untuk membenahi sengkarut hukum di area peradilan.selain itu, ada momentum yang bisa digunakan ma yang baru saja memiliki ketua baru untuk melakukan bersih-bersih. terutama, setelah penangkapan oleh kejaksaan agung terhadap mantan pejabat ma tersebut.mahfud berpendapat, ketua ma yang baru, sunarto merupakan sosok yang sepengetahuannya bersih. mahfud menyarankan mahkamah agung dan kejaksaan agung membentuk tim gabungan untuk mengembangkan tindak kejahatan zarof ricar yang bisa menjadi pintu masuk membongkat mafia peradilan. apalagi, presiden prabowo seperti janjinya yang sering disampaikan ke publik bahwa ingin memberantas korupsi.""toh sebentar lagi juga pak narto pensiun, sekarang coba berbuat untuk republik ini, dibentuk tim itu, dibuka itu semua suruh jaksa agung, kalau perlu bentuk tim gabungan mahkamah agung dan kejaksaan agung untuk membuka, membongkar kasus ini, nah nanti pro justicianya biar jaksa agung,"" kata mahfud dalam podcast terus terang mahfud md di kanal youtube mahfud md official, rabu (30/10/2024).terkait peran komisi yudisial (ky) atau badan pengawasan (bawas) ma, mahfud merasa, selama ini masih tidak efektif, termasuk dalam kasus ronald tannur. ketika putusan hakim banyak diprotes, ky yang membentuk tim saja sampai mengeluhkan kalau ma tidak sungguh-sungguh menyelidiki kasus itu.""bahkan, saya telpon, bertelponan dengan orang ky. iya pak, ini nggak sungguh-sungguh, baru sekarang ini mereka kayak bersungguh-sungguh mahkamah agung (ma), sesudah tertangkap,” ujar mahfud.itupun, lanjut mahfud, menurut analisisnya cukup aneh ada putusan dihukum satu hari sebelum ditangkap. sekalipun tidak memiliki bukti, mahfud berpendapat itu sudah diatur atau mungkin sudah diberi tahu oleh kejagung, sehingga sehari sebelum ditangkap ma mengumumkan agar tidak malu.
                
                    baca juga
                    
                        
                    
                        
                    
                        
                            ini penampakan uang rp920 miliar dan 51 kg emas batangan yang disita dari eks pejabat ma
                        
                    
                 sebab, mahfud merasa, sedikit tidak wajar selama ini tidak apa-apa tapi satu hari sebelum ditangkap ma baru mengeluarkan pengumuman. mahfud sendiri meyakini, di ma sendiri masih banyak mafia-mafia peradilan karena sempat menjadi sarang terjadinya permainan untuk mengatur-atur perkara.
            
                lihat juga: mahfud md apresiasi ketegasan mentan amran copot pegawai terima suap",nasional
siapa yang mengizinkan israel gunakan wilayah udara irak untuk menyerang iran?,"baghdad - israel menggunakan wilayah udara irak untuk melancarkan serangan udara ke iran. ternyata bukan pemerintah irak yang mengizinkannya, tetapi militer amerika serikat (as) yang membantu israel menggunakan wilayah tersebut. kelompok perlawanan antiteror irak kata'ib hezbollah memperingatkan bahwa amerika serikat akan membayar harga karena membuka koridor luar angkasa bagi rezim zionis untuk melakukan serangan udara terhadap beberapa instalasi militer di negara tetangga iran.""as harus bertanggung jawab atas kecerobohannya dalam mengendalikan wilayah udara di irak. as akan membayar harga untuk masalah ini,"" kata kata'ib hezbollah (brigade hezbollah), dilansir press tv. ""dengan pertolongan tuhan, ini akan terjadi di tempat yang tepat dan pada waktu yang tepat. zionis tidak terkecuali,” tambah pernyataan itu.menurut staf umum angkatan bersenjata iran, jet tempur israel menggunakan wilayah udara yang dikontrol as di atas irak untuk meluncurkan rudal ke lokasi militer iran.menteri luar negeri iran abbas araghchi menegaskan bahwa keterlibatan amerika serikat dalam tindakan agresi israel terhadap negara itu “cukup jelas” karena telah menyediakan peralatan militer dan wilayah udara bagi rezim tersebut untuk melakukan serangan udara.kata’ib hezbollah mengecam serangan israel terhadap iran sebagai “preseden berbahaya,” menekankan bahwa “beberapa faktor yang genting harus ditangani.”“tantangan yang paling menakutkan adalah penggunaan wilayah udara irak untuk melancarkan serangan terhadap fasilitas iran, yang terjadi berulang kali selama beberapa jam.“setelah mereka (pasukan israel) berani menyerang iran, mereka pasti akan berani menyerang irak jika mereka tidak membayar harga yang mahal untuk agresi mereka,” kata kelompok perlawanan irak itu dalam pernyataannya.kata’ib hezbollah melanjutkan dengan mengatakan bahwa ada indikasi yang menunjukkan bahwa wilayah udara arab saudi dan yordania digunakan dalam serangan israel terhadap iran.
            
                lihat juga: ada rusia di balik iran sukses ladeni serangan israel",internasional
iran eksekusi warga as yang dituduh jadi mata-mata israel,"teheran - otoritas berwenang  iran  telah mengeksekusi mati seorang warga  amerika serikat  (as) yang dituduh sebagai mata-mata zionis  israel. menurut pengadilan iran, jamshid sharmahd—pemimpin kelompok teroris tondar yang berbasis di amerika, yang selama bertahun-tahun merencanakan banyak operasi teroris terhadap iran—atas perintah tuannya di organisasi mata-mata zionis israel—telah dihukum atas tindakannya dan dieksekusi.setelah proses hukum dan persetujuan akhir dari keputusan pengadilan di mahkamah agung, jamshid sharmahd—yang juga dilaporkan memiliki kewarganegaraan jerman—dieksekusi pada senin pagi.
                
                    baca juga
                    
                        
                    
                        
                    
                        
                            serangan israel diklaim hancurkan seluruh sistem rudal s-300 iran, teheran dalam bahaya besar
                        
                    
                 sharmahd dihukum karena merencanakan serangan teroris pada tahun 2008 terhadap sebuah pusat perkumpulan keagamaan di kota shiraz, provinsi fars, iran selatan, yang menewaskan 14 orang dan melukai hampir 200 lainnya.pada bulan april, mahkamah agung iran menguatkan hukuman mati sharmahd, yang dijatuhkan kepadanya pada bulan februari.berbicara di sidang pengadilan, seorang pengacara yang mewakili penggugat mengatakan sharmahd telah mengaku bertanggung jawab atas serangan teroris tersebut melalui media miliknya dan menyatakan rencana untuk melakukan lebih banyak aksi teror.""as secara resmi mendukung kelompok teroris tondar, dan markas besar kelompok teroris ini berpusat di amerika,"" kata pengacara tersebut. ""as telah diberitahu berkali-kali melalui interpol bahwa ini adalah kelompok teroris, tetapi tidak ada tindakan yang diambil untuk mencegah aksi kelompok ini, mereka bahkan didukung.""pengacara lain yang mewakili penggugat mengatakan pemerintah as hanya memberikan dukungan finansial untuk kelompok teroris tersebut dan membayar sejumlah besar uang kepada agen mereka di iran.di akhir sidang pengadilan, hakim hosseinzadeh mengatakan semua terdakwa yang berada di luar negeri telah dipanggil secara resmi, tetapi mereka, termasuk pemerintah dan otoritas as, belum menanggapi atau memilih pengacara.“oleh karena itu, pengadilan telah bersidang sesuai ketentuan dan setelah memeriksa bukti-bukti, memberikan putusan yang tepat,” imbuhnya, seperti dikutip irna, selasa (29/10/2024).ekskusi sharmahd terjadi ketika perseteruan iran dan israel sedang memanas. rezim zionis telah melakukan serangan udara terhadap iran pada sabtu pekan lalu sebagai respons atas serangan ratusan rudal teheran pada 1 oktober lalu.
            
                lihat juga: tidak seperti hassan nasrallah, pemimpin baru hizbullah justru bukan dari keturunan nabi muhammad, kenapa?
            (mas)",internasional
legislator muda ntt stevano adranacus siap kawal kasus rudy soik,"jakarta - anggota komisi iii dpr dari nusa tenggara timur (ntt) stevano rizki adranacus menyatakan siap mengawal kasus pemberhentian tidak dengan hormat (ptdh) alias pemecatan terhadap  ipda rudy soik  hingga tuntas. sebab, stevano menegaskan bahwa warga ntt sangat membutuhkan penegakan hukum yang adil dan bermanfaat bagi rakyatnya.hal itu dikatakannya rapat dengar pendapat (rdp) dengan jajaran kapolda nusa tenggara timur (ntt) irjen daniel tahi monang silitonga terkait kasus pemecatan terhadap ipda rudy soik. kasus tersebut bermula dari penyelidikan kasus bahan bakar minyak (bbm) ilegal.“pesan saya kepada bapak kapolda dan rekan-rekan sekalian jika benar bapak kapolda, maka kami back-up secara penuh, tetapi jika tidak ada yang benar kami di komisi iii akan berada di garda terdepan untuk mengingatkan saudara-saudara sekalian,” kata stevano saat rdp komisi iii dpr dengan jajaran polda ntt di gedung dpr, kompleks parlemen, jakarta, senin (28/10/2024).
                
                    baca juga
                    
                        
                    
                        
                    
                        
                            benny k harman minta pemecatan ipda rudy soik dibahas bareng kapolri
                        
                    
                 stevano menegaskan, jika memang betul apa yang diberitakan media massa selama ini bahwa polda ntt bertindak secara sewenang-wenang tanpa dasar memberhentikan ipda rudy soik, maka sangat memprihatinkan dan kemunduran dalam penegakan hukum di tanah air khususnya di ntt.meski demikian, stevano masih meyakini, jajaran polda ntt merupakan polisi yang profesional. untuk itu, ia berharap melalui rdp ini dapat dapat membongkar kasus tersebut secara terang benderang hingga tuntas.“saya berharap melalui forum yang terhormat ini semua fakta, semua perspektif bisa diutarakan secara terang benderang sehingga kami di komisi iii bisa mendudukan permasalahan ini dengan seutuh-utuhnya, sehingga rakyat indonesia khususnya masyarakat ntt bisa mendapatkan penjelasan yang seutuh-utuhnya,” tegas stevano.
                
                    baca juga
                    
                        
                    
                        
                    
                        
                            kapolda ntt usap kepala ipda rudy soik di dpr: anak ayam itu ada di tangan kamu
                        
                    
                 oleh sebab itu, stevano menyerahkan kasus tersebut kepada institusi polri khususnya propam yang memiliki mekanisme internal yang profesional untuk mengungkap kasus tersebut. “karena saya dengar bahwa propam polri di bawah pimpinan irjen abdul karim ini sangat profesional dan ditakuti. jadi, saya mengajak teman-teman komisi iii sekalian untuk mempercayakan kepada propam agar kasus ini bisa terselesaikan dengan segera,” kata stevano.
            
                lihat juga: alasan tunjangan perumahan anggota dpr: rumah dinas diklaim bocor hingga banyak tikus dan rayap",nasional
trump kecam harris asyik berpesta saat timur tengah membara,"washington - calon presiden dari partai republik donald trump mengomentari situasi di timur tengah saat rapat umum di michigan.""kita sedang berperang dan dia berpesta,"" ujar trump, merujuk pada lawannya dari partai demokrat, kamala harris.wakil presiden as itu tengah mengadakan rapat umum kampanye di houston, texas, bersama beyonce dan selebritas lainnya.berbicara di rapat umum di traverse city, michigan, mantan presiden trump mengalihkan perhatiannya pada perjuangan harris mendapatkan suara dari populasi arab amerika yang besar di negara bagian itu.dukungan harris terhadap perang israel di gaza telah mengasingkan banyak pemilih arab amerika yang sebelumnya mendukung presiden biden dalam pemilu 2020.""kamala juga benar-benar jatuh bebas dengan populasi arab dan muslim di michigan. dia benar-benar jatuh bebas,"" ujar trump.""dia mengirim pekerjaan mereka ke luar negeri, membawa kejahatan ke kota-kota mereka, dan malam ini di timur tengah, itu seperti kotak api yang siap meledak. orang-orang terbunuh pada tingkat yang belum pernah kita lihat sebelumnya. dan itu sedang terjadi sekarang,” ungkap trump. trump juga berusaha menyoroti kritik yang diterima harris karena menyoroti dukungan terhadapnya dari mantan anggota dpr partai republik liz cheney dan ayahnya, mantan wakil presiden dick cheney.“mengapa muslim mendukung kamala ketika dia merangkul liz cheney yang membenci muslim? bisakah anda mempercayainya? liz cheney, pecundang total, yang ayahnya membawa perang dan kematian selama bertahun-tahun ke timur tengah,” papar trump.pernyataan trump merujuk pada cheney yang lebih tua, yakni salah satu tokoh paling berkuasa dalam pemerintahan george w bush, yang melancarkan perang di afghanistan dan irak setelah serangan pada 11 september 2001.peneliti di universitas brown memperkirakan pada tahun 2023 bahwa jumlah korban tewas kolektif dari perang pasca-11 september bisa mencapai 4,5 juta jiwa, termasuk dari penyakit dan faktor tidak langsung lainnya.“ayahnya membunuh lebih banyak orang arab daripada manusia mana pun di bumi. dia mendorong bush, dan mereka pergi ke timur tengah,” papar trump tentang dick cheney.
                
                    baca juga
                    
                        
                    
                        
                    
                        
                            israel serang iran, 7 ledakan terdengar di teheran dan sekitarnya
                        
                    
                 
            
                lihat juga: iron dome israel sudah jebol, padahal hizbullah belum gunakan kemampuan rudal secara penuh
            (sya)",internasional
projo putuskan jadi partai politik di kongres ke-3 pada akhir tahun 2024,"jakarta   - keputusan organisasi pro jokowi (projo) untuk bertransformasi menjadi partai politik akan ditentukan dalam kongres ketiga yang akan digelar pada desember 2024. forum itu akan membahas sejumlah kondisi dan tantangan terkini, termasuk transformasi projo menjadi partai politik.""jadi gini, mengenai isu transformasi projo ke depan itu akan dibahas di kongres. nah kongres projo ini, yang ke depan adalah kongres ketiga insyaallah dilaksanakan desember 2024,"" kata bendahara umum projo panel barus, selasa (29/10/2024).panel menjelaskan, kongres merupakan mekanisme organisasi yang rutin dilakukan 5 tahun sekali. kongres, merupakan forum tertinggi pengambilan keputusan projo. dalam forum itu, kata dia, para pengurus projo dari tingkat daerah hingga pusat akan membahas sejumlah isu strategis, terkhusus soal kondisi, tantangan terkini.
                
                    baca juga
                    
                        
                    
                        
                    
                        
                            projo muda sebut tangan dingin jokowi masih dibutuhkan generasi muda
                        
                    
                 ""situasi, kondisi, tantangan, objektif itu kondisinya berbeda dengan 2019. nah sehingga karena semuanya berubah, organisasi sebagai alat perjuangan harus adaptif, harus disesuaikan dengan kondisi dan tantangan yang berubah tadi,"" tuturnya.""jadi tidak ada suatu hal yang diharamkan untuk membicarakan transformasi organisasi. nah seperti apa-seperti apa transformasinya, dibahas di kongres. kongres itu bisa membahas tentang perubahan ad-art, kongres itu boleh bicara tentang perubahan bentuk organisasi, kongres juga akan mengangkat kepemimpinan kepengurusan baru, kongres membicarakan perubahan-perubahan strategi taktik organisasi,"" imbuhnya.
                
                    baca juga
                    
                        
                    
                        
                    
                        
                            41 perwira polisi berpangkat kompol dimutasi kapolda metro jaya, ini nama-namanya
                        
                    
                 panel menambahkan, transformasi projo menjadi partai politik juga merupakan kesepakatan seluruh anggota organisasi di seluruh indonesia. pihaknya mempertimbangkan aspirasi rakyat dalam mengubah projo menjadi partai.""mengenai projo jadi partai atau tidak, itu bagaimana kehendak rakyat saja. kenapa saya bilang kehendak rakyat? karena pengurus-pengurus projo di daerah, cara bertindak dan berpikirnya itu sangat dipengaruhi oleh kehendak rakyat di bawah,"" tuturnyapanel mengatakan, projo siap menjemput takdir. bila rakyat menghendaki, sambungnya, projo siap menjadi sebuah partai politik. ""yang pasti komitmen projo adalah mengawal, memastikan pemerintahan prabowo gibran solid sukses hingga akhir. itu sudah menjadi garis kita hari ini, lalu memastikan dan membawa indonesia kepada cita-cita indonesia emas 2045,"" ucapnya.""nah mengenai organisasinya, bentuknya, seperti apa, seperti apa, itu nanti didiskusikan kongres desember. kongres iii desember bisa di jakarta bisa di solo,"" tandas panel.
            
                lihat juga: projo deklarasi dukung ridwan kamil-suswono di pilkada jakarta
            (cip)",nasional
"israel serang iran, arab saudi marah besar!","teheran - arab saudi mengutuk serangan israel terhadap iran sebagai pelanggaran kedaulatan negara dan pelanggaran hukum serta norma internasional.“kerajaan arab saudi menegaskan posisi tegasnya dalam penolakannya terhadap eskalasi yang terus berlanjut di kawasan tersebut dan perluasan konflik yang mengancam keamanan dan stabilitas negara dan masyarakat di kawasan tersebut,” kata kementerian luar negeri saudi dalam sebuah pernyataan, dilansir al jazeera. riyadh juga mendesak semua pihak untuk “menahan diri sepenuhnya dan mengurangi eskalasi”, memperingatkan konsekuensi dari konflik militer yang terus berlanjut di kawasan tersebut.hal itu terjadi setelah militer israel melakukan serangan udara terhadap iran pada hari sabtu, menghantam pangkalan militer dan lokasi rudal, serta sistem lain di beberapa wilayah.
                
                    baca juga
                    
                        
                    
                        
                    
                        
                            as peringatkan iran tak balas serangan israel terbaru
                        
                    
                 “kerajaan saudi menyerukan kepada masyarakat internasional dan pihak-pihak yang berpengaruh dan aktif untuk menjalankan peran dan tanggung jawab mereka guna mengurangi eskalasi dan mengakhiri konflik di kawasan tersebut.”sementara itu, kementerian luar negeri malaysia telah merilis sebuah pernyataan sebagai tanggapan atas serangan israel semalam terhadap sejumlah lokasi di iran, dengan menyebut serangan tersebut sebagai “pelanggaran hukum internasional yang jelas” yang “secara serius merusak keamanan regional”.“malaysia menyerukan penghentian segera permusuhan dan diakhirinya siklus kekerasan,” kata pernyataan tersebut.kementerian luar negeri menambahkan bahwa serangan israel yang terus berlanjut terhadap negara-negara di timur tengah terus membawa kawasan itu lebih dekat ke ambang perang yang lebih luas.
            
                lihat juga: netanyahu ungkap ingin berdamai dengan negara-negara arab
            (ahm)",internasional
mengapa menteri keuangan israel sebut qatar sebagai musuh?,"tel aviv - menteri keuangan israel bezalel smotrich menyerang negara qatar, dengan menyatakan bahwa partisipasinya yang berkelanjutan dalam negosiasi untuk pengembalian sandera adalah “kesalahan serius”. dia menggambarkan qatar sebagai “negara musuh”.smotrich, yang dianggap berhaluan kanan ekstrem, menyampaikan penyesalannya yang mendalam atas perintah perdana menteri benjamin netanyahu untuk mengirim kepala mossad david barnea ke qatar guna berpartisipasi dalam negosiasi.mengapa menteri keuangan israel sebut qatar sebagai musuh?1. qatar mendukung hamas“qatar adalah negara musuh yang mendukung hamas dan mendukung posisinya dalam negosiasi dan tujuannya adalah untuk mencegah kita menghancurkannya. qatar memiliki al-jazeera dan sangat merusak citra israel di dunia dan upaya perang eksistensi kita,"" katanya, dilansir middle east monitor. 2. perang jadi solusi bagi israel, bukan negosiasismotrich menyarankan bahwa satu-satunya cara untuk membawa kembali para sandera adalah: “dengan penyerahan diri hamas melalui kelanjutan tekanan militer seperti yang saat ini dilakukan oleh para pejuang heroik kita di utara jalur gaza.”dari waktu ke waktu, qatar diserang oleh kelompok sayap kanan ekstrem di israel, yang dipimpin oleh netanyahu dan menteri smotrich yang ekstremis, yang meminta barat untuk menekan qatar agar membebaskan para sandera pada januari lalu.
                
                    baca juga
                    
                        
                    
                        
                    
                        
                            israel serang iran, bagaimana perbandingan kekuatan militer kedua negara yang berperang?
                        
                    
                 3. politikus sayap kanan israel memang memusuhu qatarpemerintah qatar belum mengomentari pernyataan smotrich, tetapi doha sebelumnya mengecam pernyataan yang ditujukan kepadanya oleh kelompok sayap kanan yang dipimpin oleh netanyahu.pernyataan menteri keuangan israel itu muncul sehari setelah pengumuman mengenai keberangkatan barnea ke qatar pada minggu mendatang untuk membahas kemungkinan dimulainya kembali perundingan mengenai tawanan di gaza.qatar memainkan peran penting dalam upaya mediasi untuk menghentikan agresi israel di jalur gaza dan meluncurkan perundingan tahanan. pada november 2023, qatar mencapai kesepakatan besar di mana ratusan tahanan dipertukarkan dari kedua belah pihak.
            
                lihat juga: profil mehdi hasan, jurnalis muslim yang diancam dibunuh ryan girdusky saat acara live
            (ahm)",internasional
"cawapres partai republik tegaskan as seharusnya tidak berperang dengan rusia, ini alasannya","washington - as tidak berperang dengan rusia dan tidak seharusnya mencari perang. demikian diungkapkan calon wakil presiden dari partai republik j.d. vance, ketika ditanya apakah ia akan mencap presiden vladimir putin sebagai ""musuh"" amerika.senator dari ohio itu ditanya selama penampilannya di acara meet the press di nbc pada hari minggu apakah ia melihat pemimpin rusia itu ""sebagai sekutu atau musuh."" putin ""jelas musuh, ia pesaing,"" tetapi washington perlu ""cerdas dalam diplomasi juga,"" jawab vance.""hanya karena kita tidak menyukai seseorang bukan berarti kita tidak bisa sesekali terlibat dalam percakapan dengan mereka,"" sarannya, dilansir rt.pembawa acara kristen welker mendesaknya lebih jauh mengenai apakah ia akan secara langsung menyebut putin sebagai musuh.""kami tidak berperang dengannya. dan saya tidak ingin berperang dengan rusia pimpinan vladimir putin,"" kata senator tersebut. ""saya pikir kita harus mencoba mencari jalan damai.""
                
                    baca juga
                    
                        
                    
                        
                    
                        
                            siapa yang mengizinkan israel gunakan wilayah udara irak untuk menyerang iran?
                        
                    
                 logika yang sama berlaku untuk tiongkok, kata vance, seraya menambahkan bahwa ia menganggapnya sebagai ancaman yang lebih besar bagi kepentingan amerika daripada rusia. as mungkin tidak suka harus berbicara dengan para pesaingnya, tetapi dalam kasus konflik ukraina, penyelesaiannya akan memerlukan negosiasi, kata senator tersebut.ketika ditanya apakah mantan presiden donald trump akan mengeluarkan as dari nato, vance meyakinkan bahwa ia tidak akan melakukannya. jika calon wakil presidennya kembali menjabat, negara tersebut akan menghormati komitmennya terhadap organisasi tersebut, tetapi blok tersebut ""bukan hanya klien kesejahteraan, tetapi harus menjadi aliansi yang nyata,"" katanya. vance merujuk pada kritik trump atas kurangnya anggaran pertahanan oleh negara-negara anggotanya di eropa.moskow telah mengidentifikasi perluasan nato di eropa sebagai ancaman terhadap keamanan nasionalnya dan alasan utama memburuknya hubungan dengan barat. 
            
                lihat juga: ada rusia di balik iran sukses ladeni serangan israel",internasional
kenapa banyak pihak menolak hasil pemilu georgia? ada dugaan campur tangan rusia,"moskow - hasil pemilu georgia 2024 mendapat penolakan dari sejumlah pihak. menyikapi hasil yang diduga penuh kecurangan itu, ribuan orang berunjuk rasa di luar gedung parlemen georgia di tbilisi pada senin, (28/10/2024).aksi protes tersebut berlangsung setelah partai yang berkuasa di negara itu, georgian dream, keluar sebagai pemenang pemilihan umum. sementara itu, partai oposisi yang didukung negara-negara barat menyerukan penyelidikan menyeluruh terhadap hasil pemilihan umum yang dituding menyimpan kecurangan.reuters melaporkan georgian dream memperoleh hampir 54% suara. namun, sejumlah pihak dari kalangan partai oposisi memprotes hasil tersebut karena ada laporan pelanggaran yang signifikan.kenapa banyak pihak menolak hasil pemilu georgia?salah satu penolakan hasil pemilu georgia 2024 datang dari presiden georgia yang pro-barat, salome zourabichvili. ia telah mengumumkan tidak akan mengakui hasil pemilihan parlemen baru-baru ini karena menuding adanya campur tangan rusia yang bertujuan mengonsolidasikan pengaruhnya di georgia.berbicara dari istana kepresidenan, zourabichvili mengutuk proses pemilu tersebut. ia juga menggambarkannya sebagai ""perang hibrida"" dan menyebutnya sebagai bagian dari strategi rusia dalam memperluas jangkauannya ke dalam politik georgia.zourabichvili bahkan menyerukan kepada warga georgia untuk turun ke jalan dan berunjuk rasa di pusat ibu kota, tbilisi. ia ingin agar masyarakat mendukung penuh keputusannya dan mengumumkan kepada dunia bahwa georgia tidak mengakui pemilu ini.sebelum hasil pemilu keluar, banyak warga georgia memandang pemungutan suara tersebut berstatus referendum yang akan menentukan jalan bagi hubungan negaranya di masa depan, baik menuju rusia atau uni eropa. 
            
                lihat juga: putin harap nato mendengar peringatannya soal risiko serangan rudal jarak jauh ukraina",internasional
iran ungkap aktivitas pertahanan sebabkan beberapa suara terdengar di teheran,"teheran - kantor berita resmi iran, irna, mengutip sumber keamanan yang mengatakan beberapa suara yang terdengar di ibu kota disebabkan oleh ""aktivitas pertahanan di teheran, dan pertahanan udara berhasil selama insiden ini"".dalam unggahan telegram terpisah, kantor berita tersebut mengatakan tidak ada laporan insiden yang memerlukan bantuan. ditambahkannya, situasi di bandara internasional mehrabad dan bandara internasional imam khomeini ""normal"".serangan israel dilaporkan menargetkan beberapa lokasi di iran. meski demikian, belum diketahui berapa besar kerusakan akibat serangan zionis itu. telah dilaporkan berkali-kali dalam beberapa pekan terakhir, setelah serangan (oleh iran) di tel aviv pada tanggal 1 oktober, bahwa amerika serikat (as) telah memperingatkan israel bahwa jika dan kapan israel memutuskan untuk membalas, israel harus menghindari menyerang fasilitas nuklir iran, dan menghindari menyerang fasilitas minyak iran.mengenai dukungan as terhadap israel, as telah lama mendukung keunggulan teknologi dan militer israel di kawasan timur tengah.setiap penjualan senjata yang dilakukan as dengan israel dilakukan untuk memastikan israel memiliki keunggulan teknologi atas negara-negara tetangganya, termasuk iran.perlu juga dicatat bahwa as hampir selalu menempatkan kelompok penyerang kapal induk di wilayah tersebut untuk membantu memberikan pertahanan bagi warga negara israel dan wilayah israel.dan dalam beberapa pekan terakhir, as mengerahkan thaad, sistem terminal high altitude area defense, bersama dengan 100 tentara as ke israel untuk membantu melindungi israel jika dan ketika serangan terhadap iran ini benar-benar terjadi, karena asumsinya adalah iran akan membalas dengan cara yang sama.serangan terbaru israel ke iran tampaknya akan memicu serangan balasan selanjutkan dari teheran.
                
                    baca juga
                    
                        
                    
                        
                    
                        
                            israel luncurkan serangan ke iran, beberapa ledakan terdengar di teheran
                        
                    
                 
            
                lihat juga: tidak seperti hassan nasrallah, pemimpin baru hizbullah justru bukan dari keturunan nabi muhammad, kenapa?
            (sya)",internasional
"di icj, afrika selatan sodorkan dokumen 750 halaman bukti genosida israel di gaza","den haag - afrika selatan telah menyerahkan dokumen 750 halaman tentang bukti genosida yang dilakukan  israel  di  jalur gaza  ke mahkamah internasional (icj).""dokumen tersebut berisi bukti yang menunjukkan bagaimana pemerintah israel telah melanggar konvensi genosida dengan mempromosikan penghancuran warga palestina yang tinggal di gaza,"" kata kantor presiden cyril ramaphosa pada hari senin.rezim zionis selama ini membantah keras melakukan genosida di jalur gaza, palestina, meski bukti dan kesaksikan kelompok hak asasi manusia (ham) bermunculan.
                
                    baca juga
                    
                        
                    
                        
                    
                        
                            bukan sekadar mengutuk, hamas minta pemimpin islam ikut bertanggung jawab atas genosida di gaza
                        
                    
                 seorang pejabat pengadilan yang berpusat di den haag pada hari senin mengonfirmasi telah menerima dokumen tersebut, tetapi menolak memberikan perincian lebih lanjut.""bukti akan menunjukkan bahwa yang mendasari tindakan genosida israel adalah niat khusus untuk melakukan genosida, kegagalan israel untuk mencegah hasutan untuk melakukan genosida, untuk mencegah genosida itu sendiri dan kegagalannya untuk menghukum mereka yang menghasut dan melakukan tindakan genosida,"" kata kantor presiden ramaphosa, sebagaimana dikutip dari afp, selasa (29/10/2024).""memorial""—nama dokumen yang merinci kasus afrika selatan terhadap israel di icj—tidak dapat dipublikasikan tetapi memaparkan bukti dalam lebih dari 750 halaman teks. ""didukung oleh bukti dan lampiran lebih dari 4.000 halaman,"" imbuh kantor presiden ramaphosa.afrika selatan pada bulan desember mengajukan kasus ke icj, dengan alasan perang brutal israel di gaza melanggar konvensi genosida perserikatan bangsa-bangsa (pbb) 1948, tuduhan yang dibantah keras oleh israel.beberapa negara telah memberikan dukungan mereka terhadap proses hukum afrika selatan terhadap israel, termasuk spanyol, bolivia, kolombia, meksiko, turki, chili, dan libya.meskipun putusan icj mengikat secara hukum, pengadilan tidak memiliki cara konkret untuk menegakkannya.perang brutal israel di gaza telah menewaskan sedikitnya 43.020 warga palestina, sebagian besar dari mereka adalah warga sipil, menurut angka dari kementerian kesehatan gaza, yang dianggap kredibel oleh pbb.perang tersebut dipicu oleh serangan hamas pada 7 oktober 2023 yang mengakibatkan tewasnya 1.206 orang di israel, menurut penghitungan afp berdasarkan angka resmi israel yang mencakup sandera yang tewas saat ditawan.dari 251 sandera yang ditawan selama serangan itu, 97 masih ditahan di gaza, termasuk 34 orang yang menurut militer israel telah tewas.
            
                lihat juga: iron dome israel sudah jebol, padahal hizbullah belum gunakan kemampuan rudal secara penuh
            (mas)",internasional
detik-detik penangkapan terpidana gregorius ronald tannur,"jakarta - petugas kejaksaan tinggi (kejati) jawa timur menangkap gregorius ronald tannur (27) terpidana kasus penganiayaan terhadap kekasihnya, dini sera afrianti (29) hingga tewas. penangkapan dilakukan di kediamannya surabaya. kapuspenkum kejagung harli siregar mengatakan, penangkapan terpidana gregrorius ronald tannur berdasarkan putusan mahkamah agung (ma) nomor: 1466/k/pid/2024 tanggal 22 oktober 2024. ""putusan itu memutus bersalah telah melakukan tindak pidana penganiayaan yang menyebabkan mati sebagaimana diatur dalam pasal 351 ayat (3) kuhp dengan pidana penjara selama 5 tahun,"" kata harli siregar, minggu (27/10/2024). 
                
                    baca juga
                    
                        
                    
                        
                    
                        
                            kejati jatim tangkap ronald tannur, kejagung: pelaksanaan putusan ma
                        
                    
                 penangkapan terpidana dilakukan di pakuwon city virginia regency kota surabaya, pada hari ini minggu 27 oktober 2024 pukul 14.40 wib. awalnya, pukul 14.10 wib tim berangkat dari kantor menuju kediaman terpidana gregorius ronald tannur dan tiba pukul 14.30 wib. kemudian tim masuk kerumah terpidana dan menyampaikan maksud dan tujuan kedatangan untuk menjemput dalam rangka pelaksanaan eksekusi. saat itu yang bersangkutan didampingi oleh asisten rumah tangga (art).
                
                    baca juga
                    
                        
                    
                        
                    
                        
                            tertunduk lesu, ini penampakan ronald tannur saat ditangkap di surabaya
                        
                    
                 ""pukul 14.45 wib terpidana gregorius ronald tannur berhasil dibawa dan diamankan oleh tim intelijen kejati jatim bersama tim jaksa eksekutor kejari surabaya dan langsung dibawa menuju ke kantor kejaksaan tinggi jawa timur,"" jelasnya. kemudian tepat pada pukul 15.40 wib terpidana gregorius ronald tannur tiba di kantor kejati jatim dengan pengamanan dari tim gabungan intelijen. bahwa upaya penangkapan dalam rangka eksekusi ini adalah hasil dari kerja keras tim intelijen yang selalu melakukan monitoring terhadap keberadaan terpidana gregorius ronald tannur sesaat setelah putusan kasasi dari mahkamah agung ri nomor: 1466/k/pid/2024, sehingga tepatnya pada hari ini minggu tanggal 27 oktober 2024 pukul 14.40 wib pelarian terpidana gregrorius ronald tannur berakhir di surabaya.""setelah berhasil ditangkap dan dibawa di kantor kejaksaan tinggi jawa timur, maka terpidana gregrorius ronald tannur segera di eksekusi oleh jaksa eksekutor di lembaga pemasyarakatan kelas i surabaya di medaeng,"" pungkasnya.
            
                lihat juga: mahfuf md bicara zarof ricar bisa jadi pintu masuk bongkar makelar kasus peradilan
            (cip)",nasional
"3 menlu ri sebelum sugiono, retno marsudi 10 tahun jadi kapten diplomasi","jakarta - tiga menteri luar negeri ( menlu ) ri sebelum sugiono akan diulas di artikel ini. dari tiga nama tersebut, ada yang menjabat di dua kabinet yang berbeda.diketahui, menlu ri kini dijabat oleh salah seorang kepercayaan presiden prabowo subianto, yakni sugiono. pria kelahiran takengon, aceh, 11 februari 1979 tersebut telah dilantik menjadi menlu kabinet merah putih pada 21 oktober 2024.beberapa hari setelah dilantik, sugiono langsung terbang ke rusia, menghadiri konferensi tingkat tinggi atau ktt brics plus 2024 yang diselenggarakan pada 23-24 oktober 2024. siapa saja menlu ri sebelum sugiono? berikut ini ulasannya:1. retno marsudiretno marsudi. foto/dok sindonewsretno lp marsudi lahir di semarang, 27 november 1962. retno adalah wanita pertama yang menjabat sebagai menlu ri. dia dilantik pada tanggal 27 oktober 2014 oleh presiden joko widodo (jokowi). retno menjadi menlu di dua kabinet, yakni kabinet kerja dan kabinet indonesia maju.sebelum diangkat menjadi menlu kabinet kerja oleh presiden jokowi, retno antara lain pernah menjadi duta besar republik indonesia untuk kerajaan belanda pada 2012-2014, direktur jenderal amerika dan eropa pada 2008-2012, dan duta besar republik indonesia untuk kerajaan norwegia dan republik islandia pada 2005-2008.
                
                    baca juga
                    
                        
                    
                        
                    
                        
                            retno marsudi, kapten diplomasi indonesia yang ditunjuk menjadi utusan khusus sekjen pbb
                        
                    
                 dikutip dari laman resmi kemlu, retno lulus pada tahun 1985 dari universitas gadjah mada, yogyakarta, jurusan ilmu hubungan internasional. retno juga mengambil beberapa program studi lain, yaitu ""undang-undang uni eropa"" di haagse hogeschool di den haag dan ""studi hak asasi manusia"" di universitas oslo.saat rapat terakhir dengan komisi i dpr , retno berpamitan kepada para anggota dewan yang menjadi mitranya. ""saya sangat terhormat mendapatkan amanah dan tanggung jawab menjadi kapten diplomasi indonesia selama 10 tahun. amanah tersebut sebentar lagi akan selesai,"" ucapnya.sebelum mengakhiri tugas sebagai menlu, pada 13 september 2024 retno marsudi ditunjuk sebagai utusan khusus sekjen pbb untuk isu air. penunjukan retno bertujuan menggalang kemitraan dan upaya bersama untuk memajukan agenda air, termasuk tindak lanjut atas hasil konferensi air perserikatan bangsa-bangsa (pbb) 2023. ""utusan khusus tersebut akan memanfaatkan hasil-hasil ini dalam persiapan menuju berbagai proses air global, khususnya konferensi air pbb 2026,"" ujar sekjen pbb antonio guterres.2. marty natalegawaraden mohammad marty muliana natalegawa, lebih dikenal dengan nama marty natalegawa, adalah seorang diplomat. pria kelahiran bandung, 22 maret 1963 ini diangkat menjadi menlu kabinet indonesia bersatu ii.
            
                lihat juga: kemlu sebut diplomasi indonesia diperhitungkan di tingkat global",nasional
mentan gandeng perguruan tinggi dorong inovasi teknologi pertanian untuk swasembada pangan,"jakarta - kementerian pertanian (kementan) di bawah pimpinan menteri pertanian (mentan) andi amran sulaiman menjalin kerja sama dengan kementerian pendidikan tinggi, sains, dan teknologi (dikti saintek) untuk mendukung visi presiden prabowo subianto terkait swasembada pangan. kolaborasi ini bertujuan untuk mendorong inovasi teknologi pertanian sebagai langkah strategis dalam meningkatkan produksi pangan nasional.mentan amran menegaskan bahwa perguruan tinggi memiliki peran penting yang sangat strategis dalam pengembangan teknologi dan inovasi di sektor pertanian.“perguruan tinggi berperan besar dalam kemajuan bangsa. melalui kolaborasi ini, kita dapat mempercepat tercapainya target swasembada pangan yang diharapkan presiden,” ujar mentan amran dalam forum diskusi rektor dengan mentan dan mendikti saintek di kantor pusat kementan, jakarta, selasa (29/10/2024). kerja sama antara kementan dan kemendikti saintek mencakup berbagai inisiatif, seperti penelitian bersama, pelatihan teknologi terbaru bagi petani, serta pemanfaatan hasil riset perguruan tinggi untuk meningkatkan kualitas produksi.“teknologi pertanian adalah masa depan kita. kita butuh teknologi baru dari perguruan tinggi. jangan kita bergantung pada negara lain. untuk itu, aku ingin orang-orang terbaik, dosen terbaik, untuk bantu melakukan riset tentang air, benih, alat mesin pertanian,” kata amran.menteri pendidikan tinggi, sains, dan teknologi (mendikti saintek), satryo soemantri brodjonegoro, mendukung penuh kolaborasi lintas kementerian ini.“ini hal bersejarah, kita menjalankan amanat presiden untuk kolaborasi antarsektor. perguruan tinggi dilibatkan terkait pemanfaatan perkembangan teknologi inovasi bidang pertanian,” ujar satryo.satryo mendorong dosen, ahli, dan mahasiswa untuk aktif menyukseskan program strategis kementan guna menjaga ketahanan pangan.“kami di dikti saintek beri keleluasan ke dosen dan mahasiswa di program swasembada pangan untuk kemajuan pertanian di indonesia sekaligus meningkatkan keahlian mereka. peneliti hasilkan inovasi baru, mahasiswa pertanian didorong ikut petani milenial,” tuturnya.dalam setiap kesempatan, mentan amran mengatakan pentingnya transformasi pertanian tradisional menuju pertanian modern untuk menyukseskan program strategis mencapai swasembada pangan di indonesia.“kita sinkronkan sumber daya alam, generasi muda, dan teknologi. aku yakin indonesia menjadi lumbung pangan dunia,” ucapnya.
            
                lihat juga: kampanye di ampibabo, cagub sulteng ahmad ali pastikan tak ada lagi petani merugi
            (ars)",nasional
"terungkap, tom lembong sudah 3 kali diperiksa sebelum jadi tersangka impor gula","jakarta - kejaksaan agung ( kejagung ) menetapkan mantan menteri perdagangan (mendag) periode 2015-2016 thomas trikasih lembong (ttl) sebagai tersangka kasus dugaan korupsi importir gula di kementerian perdagangan. sebelum ditetapkan tersangka, tom lembong sudah tiga kali diperiksa sebagai saksi kasus tersebut.“terkait dengan pemeriksaan yang bersangkutan sejak kurun waktu 2023, sudah tiga kali diperiksa sebagai saksi,” kata kapuspenkum kejagung harli siregar rabu (30/10/2024).harli menjelaskan, penyidik melakukan gelar perkara setelah memeriksa tom lembong kemarin. dari hasil gelar perkara itu, penyidik kejagung menetapkan tom lembong sebagai tersangka.
                
                    baca juga
                    
                        
                    
                        
                    
                        
                            10 fakta tom lembong, tersangka kasus impor gula yang ditahan kejagung
                        
                    
                 “setelah melakukan pemeriksaan sebagai saksi, penyidik melakukan ekspose perkara. kemudian menetapkan yang bersangkutan sebagai tersangka. kemudian penyidik menggunakan kewenangannya dalam rangka melakukan penahanan terhadap kedua tersangka baik ttl maupun cs,” jelas dia.sebelumnya, direktur penyidikan jampidsus kejagung abdul qohar menjelaskan kronologis berawal pada 2015 berdasarkan rapat koordinasi antarkementerian tepatnya 12 mei 2015 telah disimpulkan indonesia mengalami surplus gula sehingga tidak perlu atau tidak membutuhkan impor gula.
                
                    baca juga
                    
                        
                    
                        
                    
                        
                            tom lembong tersangka kasus impor gula, kejagung klaim tidak ada politisasi
                        
                    
                 ""akan tetapi, pada tahun yang sama yaitu 2015 menteri perdagangan saudara ttl memberikan izin persetujuan impor gula kristal mentah sebanyak 105.000 ton kepada pt ap yang kemudian gula kristal mentah tersebut di olah menjadi gula kristal putih atau gkp,"" kata abdul dalam konferensi pers di kejagung, jakarta, selasa 29 oktober 2024.""sesuai keputusan menteri perdagangan nomor 527 tahun 2004 yang diperbolehkan impor gula kristal putih adalah bumn, tetapi berdasarkan persetujuan impor yang telah dikeluarkan oleh tersangka ttl impor gula dilakukan oleh pt ap dan impor gula kristal mentah tersebut tidak melalui rapat koordinasi dengan instansi terkait serta tanpa adanya rekomendasi dari kementerian perindustrian yang mengetahui kebutuhan riil gula di dalam negeri,"" tambahnya.qohar menyebut, pada 28 desember 2015 dilakukan rapat koordinasi di bidang perekonomian yang dihadiri kementerian di bawah menko perekonomian yang salah satu pembahasannya bahwa indonesia pada 2016 kekurangan gula kristal putih sebanyak 200.000 ton dalam rangka stabilisasi harga gula dan pemenuhan stok gula nasional. 
            
                lihat juga: tom lembong tersangka korupsi impor gula, cak imin: saya turut sedih",nasional
"3 dosa israel terhadap indonesia, salah satunya melukai prajurit tni di unifil","beirut - riwayat “dosa” israel terhadap indonesia bisa ditelusuri sejak beberapa waktu terakhir. terbaru, tentara zionis melukai prajurit tni yang sedang bertugas sebagai pasukan perdamaian di unifil.sejak israel mendeklarasikan diri sebagai negara merdeka, indonesia tidak pernah mengakui keberadaan negara yahudi tersebut. sebaliknya, indonesia mendukung penuh perjuangan palestina dalam meraih kebebasan serta menuntut tel aviv agar segera angkat kaki dari wilayah yang didudukinya.meski tidak ikut terlibat konflik secara langsung, israel telah membuat sejumlah ‘dosa’ terhadap indonesia. berikut ini beberapa di antaranya yang bisa diketahui.dosa israel terhadap indonesia1. menyerang rs indonesia di gazarumah sakit indonesia di gaza tak luput menjadi serangan-serangan israel. meski statusnya fasilitas kesehatan, tentara zionis tak segan untuk menyerang tempat tersebut demi mencapai tujuannya. rs indonesia di gaza menjadi salah satu fasilitas kesehatan terbesar di sana. tujuan pendiriannya adalah untuk memberikan bantuan kebutuhan medis bagi warga palestina yang terdampak konflik.seiring masifnya serangan israel di gaza, rs indonesia juga beralih menjadi tempat evakuasi para warga yang terluka. namun, statusnya menjadi tidak aman menyusul serangan udara tentara zionis yang turut ditujukan ke fasilitas publik seperti rumah sakit di jalur gaza.salah satu contoh terbaru, setidaknya dua pasien meninggal dunia di rumah sakit indonesia di gaza utara setelah serangan israel pada sabtu (19/10/2024). arab news juga melaporkan ada puluhan orang lain yang terjebak di dalamnya.
            
                lihat juga: perbandingan kekuatan militer iran vs indonesia",internasional
netanyahu klaim serangan israel lumpuhkan produksi rudal iran,"tel aviv - perdana menteri benjamin netanyahu mengeklaim serangan udara  israel  terhadap  iran  presisi dan kuat. menurutnya, semua tujuan serangan tercapai dengan melumpuhkan kemampuan produksi rudal teheran.""kami berjanji akan menanggapi serangan iran dan pada hari sabtu kami menyerang. serangan di iran presisi dan kuat, mencapai semua tujuannya,"" kata netanyahu dalam pidatonya pada hari minggu, yang dilansir afp, senin (28/10/2024).
                
                    baca juga
                    
                        
                    
                        
                    
                        
                            teka-teki iran tak luluh lantak diserang 100 pesawat israel, termasuk jet siluman f-35
                        
                    
                 serangan israel merupakan balasan atas serangan iran pada 1 oktober, di mana teheran menembakkan hampir 200 rudal ke negara yahudi tersebut, yang diklaim rezim zionis sebagian besar misil dicegat oleh sistem pertahanan udara.""iran menyerang israel dengan ratusan rudal balistik dan serangan ini gagal,"" kata netanyahu.""kami menepati janji kami. angkatan udara menyerang iran dan menghantam kemampuan pertahanan dan produksi rudal iran,"" lanjut dia.iran mengonfirmasi israel telah menargetkan lokasi militer di sekitar ibu kota dan di provinsi lain, dengan mengatakan serangan itu menyebabkan kerusakan terbatas tetapi menewaskan empat tentara.republik islam iran belum memberi sinyal bagaimana mereka akan menanggapi serangan israel pada hari sabtu, yang dilaporkan melibatkan sekitar 100 pesawat termasuk jet tempur siluman f-35. serangan itu mengantam target di dekat ibu kota iran; teheran, dan di provinsi barat ilam dan khuzestan.sementara itu, pemimpin tertinggi iran ayatollah ali khamenei mengatakan perhitungan israel harus digagalkan. ""serangan terhadap iran tidak boleh diremehkan atau dibesar-besarkan,"" katanya.ketua parlemen iran mohammad baqer qalibaf mengatakan negaranya berhak untuk membela diri dan tanggapannya akan pasti, sesuai dengan persyaratan.
            
                lihat juga: 3 dosa israel terhadap indonesia, salah satunya lukai tni",internasional
prabowo minta menaker prioritaskan isu pengangguran dan penciptaan lapangan kerja,"jakarta - presiden  prabowo subianto  meminta menteri ketenagakerjaan (menaker) yassierli memprioritaskan isu masalah pengangguran dan penciptaan lapangan kerja baru. hal itu diungkapkan yassierli kepada awak media di istana kepresidenan, jakarta, selasa (29/10/2024).“terkait dengan pengangguran, itu akan menjadi concern kami, kemudian bagaimana kita menyiapkan, pak presiden kan punya beberapa program strategis saya bertugas untuk bagaimana menjadikan ini peluang untuk menciptakan lapangan kerja yang baru buat mereka,” ujar yassierli.yassierli pun mengatakan sebagai langkah pertama yakni dengan melakukan revitalisasi balai-bali pelatihan kerja (blk). dengan begitu, diharapkan semakin meningkatkan efektivitasnya untuk agar tenaga kerja terampil bisa siap kerja.
                
                    baca juga
                    
                        
                    
                        
                    
                        
                            prabowo putuskan sritex tetap bisa ekspor impor meski pailit
                        
                    
                 “untuk itu kami harus melakukan pertama revitalisasi balai-balai latihan kerja kita akan meningkatkan efektivitasnya kita akan meningkatkan aksesnya dan juga kita akan meningkatkan skalanya,” ujarnya.yassierli menargetkan blk bisa berkontribusi untuk mencetak tenaga kerja terampil sebanyak 1 juta dalam setahun. dia mengatakan, hal ini akan menjadi prioritas utamanya dalam 2 sampai 3 bulan ke depan.“jadi kita tidak lagi berbicara ribuan ya, kita harus berbicara bagaimana balai-balai ini bisa berkontribusi ya hitungan kami sampai 1 juta, satu tahun ya orang kemudian bisa siap untuk bekerja dengan pembekalan pelatihan yang kita berikan ya mungkin 2 hingga 3 bulan ke depan. itu yang akan menjadi prioritas utama kita ke depan,” pungkasnya.
            
                lihat juga: mensesneg pastikan anggota kabinet merah putih pakai mobil dinas maung, bukan sewa
            (rca)",nasional
"siap hadapi perang dunia iii, rusia gelar latihan senjata nuklir darat, laut dan udara","moskow - presiden rusia vladimir putin meluncurkan latihan kekuatan nuklir negaranya yang menampilkan peluncuran rudal dalam simulasi serangan balasan di tengah meningkatnya ketegangan dengan barat atas ukraina.“mengingat meningkatnya ketegangan geopolitik dan munculnya ancaman dan risiko eksternal baru, penting untuk memiliki kekuatan strategis yang modern dan selalu siap digunakan,” kata putin, dilansir al jazeera. dalam komentar yang disiarkan di televisi, menteri pertahanan andrei belousov mengatakan kepada putin bahwa tujuan latihan tersebut adalah untuk berlatih melancarkan ""serangan nuklir besar-besaran oleh pasukan ofensif strategis sebagai respons terhadap serangan nuklir oleh musuh"".latihan tersebut melibatkan ""tiga serangkai"" nuklir rusia yang terdiri dari rudal yang diluncurkan dari darat, laut, dan udara.
                
                    baca juga
                    
                        
                    
                        
                    
                        
                            3 sekutu zionis ini kutuk langkah israel larang unrwa
                        
                    
                 sebuah rudal balistik antarbenua yars diluncurkan dari kosmodrom plesetsk di rusia barat laut ke kamchatka, sebuah semenanjung di timur jauh. rudal balistik sineva dan bulava ditembakkan dari kapal selam, dan rudal jelajah diluncurkan dari pesawat pembom strategis, kata kementerian pertahanan.latihan rudal tersebut berlangsung pada saat kritis dalam perang rusia-ukraina, setelah berminggu-minggu rusia memberi sinyal kepada barat bahwa moskow akan menanggapi jika amerika serikat dan sekutunya mengizinkan kyiv menembakkan rudal jarak jauh ke dalam wilayah rusia.pada hari senin, nato mengatakan bahwa korea utara telah mengirim pasukan ke rusia bagian barat, klaim yang tidak dibantah moskow. minggu lalu, putin menyatakan bahwa penerapan perjanjian kemitraan dengan pyongyang oleh moskow adalah urusannya sendiri.perang yang telah berlangsung selama dua setengah tahun ini juga memasuki apa yang menurut pejabat rusia sebagai fase paling berbahaya karena barat mempertimbangkan cara untuk memperkuat ukraina sementara pasukan rusia bergerak maju di wilayah timur negara tersebut.putin menekankan pada hari selasa bahwa persenjataan nuklir rusia tetap menjadi ""penjamin kedaulatan dan keamanan negara yang dapat diandalkan"".
            
                lihat juga: mengapa israel tak takut pada iran? ini analisanya",internasional
"israel serang iran, bagaimana perbandingan kekuatan militer kedua negara yang berperang?","teheran - israel menyerang beberapa lokasi di iran pada sabtu pagi, mengklaim telah menyerang fasilitas militer, menandai babak terbaru dalam spiral eskalasi antara kedua rival timur tengah tersebut.“kami melakukan serangan yang terarah dan tepat terhadap target militer di iran – dan menggagalkan ancaman langsung terhadap negara israel,” kata juru bicara militer israel daniel hagari dalam sebuah posting di x, yang mengumumkan bahwa gelombang serangan telah berakhir, dilansir al jazeera. sejumlah ledakan terdengar di sekitar teheran. al jazeera, melaporkan dari ibu kota iran, mengatakan pejabat iran menganggap ledakan itu disebabkan oleh intersepsi rudal oleh sistem pertahanan udara iran.melansir al jazeera, pengeboman israel terjadi kurang dari sebulan setelah iran menyerang kota-kota besar israel dengan sedikitnya 180 rudal balistik pada tanggal 2 oktober. korps garda revolusi islam (irgc) iran mengatakan rudal-rudal itu ditembakkan sebagai respons teheran terhadap pembunuhan warga sipil di gaza dan baru-baru ini, di lebanon, dalam serangan israel – serta pembunuhan para pemimpin irgc, hamas, dan hizbullah. irgc mengatakan rudal tersebut secara khusus ditujukan ke tiga pangkalan militer di tel aviv.perdana menteri israel benjamin netanyahu telah bersumpah untuk membalas setelah serangan 2 oktober, dengan mengatakan bahwa iran telah ""membuat kesalahan besar"" dan ""akan membayarnya"".seiring israel dan iran — musuh lama yang, selama beberapa dekade, telah terlibat dalam pertempuran proksi — semakin mengarah ke konfrontasi langsung. mereka memiliki kemampuan militer masing-masing, kemampuan mereka untuk saling menyerang, dan bagaimana mereka dapat mempertahankan wilayah mereka.israel serang iran, bagaimana perbandingan kekuatan militer kedua negara yang berperang?1. jumlah tentaramenurut the military balance 2023, yang diterbitkan oleh lembaga pemikir yang berbasis di inggris, international institute for strategic studies (iiss):iran memiliki 610.000 personel aktif, termasuk 350.000 di angkatan darat, 190.000 di irgc, 18.000 di angkatan laut, 37.000 di angkatan udara, dan 15.000 di pertahanan udara. iran juga memiliki pasukan cadangan sebanyak 350.000. wajib militer wajib bagi pria iran yang berusia di atas 18 tahun, dengan beberapa pengecualian.israel memiliki 169.500 personel aktif, termasuk 126.000 di angkatan darat, 9.500 di angkatan laut, dan 34.000 di angkatan udara. israel memiliki pasukan cadangan sebanyak 465.000. israel mengamanatkan wajib militer bagi sebagian besar pria dan wanita muda berusia di atas 18 tahun, dengan pengecualian tertentu.2. anggaran militermenurut lembar fakta yang diterbitkan oleh stockholm international peace research institute (sipri) pada bulan april 2024:iran menghabiskan usd10,3 miliar pada tahun 2023, meningkat 0,6 persen dari tahun 2022.israel menghabiskan usd27,5 miliar pada tahun 2023, meningkat 24 persen dari tahun 2022 — lonjakan yang sebagian didorong oleh perang di gaza setelah 7 oktober.3. angkatan daratmenurut the military balance 2023, iran memiliki lebih dari 10.513 tank tempur, lebih dari 6.798 senjata artileri, dan lebih dari 640 pengangkut pribadi lapis baja. angkatan darat juga memiliki 50 helikopter sementara irgc memiliki 5 helikopter.
            
                lihat juga: ayatollah khamenei disebut sakit parah usai serangan israel, faktanya sehat bugar",internasional
retreat kabinet merah putih di magelang pakai uang pribadi prabowo,"magelang - presiden prabowo subianto merogoh koceknya pribadi untuk membiayai retreat kabinet merah putih di akademi militer, magelang, jawa tengah.""ya betul. pak prabowo yang membiayainya sendiri,"" kata menteri pelindungan pekerja migran indonesia/kepala bp2mi abdul kadir karding, senin (28/10/2024).
                
                    baca juga
                    
                        
                    
                        
                    
                        
                            kelakar prabowo usai retreat kabinet merah putih: kita bikin tidak nyaman lagi
                        
                    
                 retreat kabinet merah putih berlangsung selama tiga hari mulai dari jumat, 25 oktober hingga minggu, 27 oktober 2024 di akmil magelang.pada hari pertama retreat, para jajaran kabinet diminta bangun pagi dan mengikuti olahraga pagi. usai olahraga, jajaran kabinet melakukan latihan baris-berbaris.usai latihan baris-berbaris, jajaran kabinet mendapatkan arahan dari prabowo. beberapa menteri kabinet juga memberikan materi.sore harinya, prabowo, wakil presiden gibran rakabuming raka, serta jajaran kabinet mengikuti upacara parade senja dan penurunan bendera di akmil. upacara berlangsung khidmat meski diguyur hujan.malam harinya, prabowo mengajak jajaran kabinet dan taruna yang menjadi petugas upacara untuk makan malam bersama.hari kedua, agenda pagi masih sama seperti hari pertama. jajaran kabinet melakukan olahraga dan latihan baris-berbaris.setelahnya jajaran menteri mendapatkan materi dari beberapa narasumber yang di antaranya merupakan menteri kabinet merah putih.malam harinya, prabowo mengajak jajaran kabinet menghadiri acara malam keakraban. jajaran kabinet kompak mengenakan pakaian batik pada acara tersebut.keesokan harinya, jajaran melakukan olahraga pagi kembali. setelahnya prabowo mengajak jajaran untuk sarapan bersama. kemudian, prabowo, gibran, dan jajaran kabinet kembali ke jakarta.
            
                lihat juga: tiru amerika serikat, istana: ig presiden bukan akun pribadi
            (jon)",nasional
3 alasan israel akan menyerang iran secara bertahap,"teharan - israel sudah melaksanakan serangan balas dendam kepada iran. tapi, serangan tersebut masih berskala kecil dan belum memiliki dampak serius bagi teheran.ada indikasi bahwa serangan israel tersebut akan terus berlanjut dalam beberapa tahap. itu juga dikarenakan situasi dan kondisi iran sedang lemah. selain itu, kondisi di timur tengah juga dalam situasi yang memanas. 3 alasan israel akan menyerang iran secara bertahap1. iran dalam makin lemah jika serangan akan dilanjutkanhassan mneimneh, analis politik di middle east institute, mengatakan kepada al jazeera bahwa meskipun serangan israel terhadap iran sudah diperkirakan, masih belum jelas seberapa besar serangan itu dan apakah akan ada serangan lebih lanjut.""saya pikir masih terlalu dini untuk mengatakan bahwa ini adalah serangan. kita mungkin akan melihat lebih banyak lagi,"" kata mneimneh.""jelas, netanyahu berkepentingan untuk mencari lebih banyak, bukan hanya demi citra, tetapi karena ini memang merupakan momen kesempatan baginya, sejalan dengan kenyataan bahwa pemerintahan amerika benar-benar dalam kondisi terlemahnya saat ini,"" katanya.as, kata mneimneh, ""tidak menunjukkan tanda-tanda kekuatan apa pun selama setahun terakhir, dan telah mengikuti persis naskah yang diinginkan netanyahu"", tambahnya.""tetapi ini adalah momennya, jika benar-benar tujuannya adalah menyeret as untuk berperang melawan israel dengan iran. ini adalah momen untuk itu. jadi saya akan sangat terkejut jika [serangan] ini benar-benar terjadi.”2. serangan berikutnya akan lebih dahsyattrita parsi, wakil presiden eksekutif lembaga pemikir quincy institute for responsible statecraft, mengatakan gelombang serangan israel terhadap iran mengkhawatirkan dan dapat mengindikasikan bahwa yang terburuk belum terjadi.“saya pikir kita harus sedikit berhati-hati sekarang karena kita telah melihat dua fase dari serangan ini. ada kemungkinan akan ada beberapa fase lagi,” kata parsi kepada al jazeera.“serangan itu mungkin akan lebih dahsyat daripada yang pertama karena serangan pertama mungkin berfokus pada sistem pertahanan udara – untuk menghancurkannya guna membuka jalan bagi serangan yang jauh lebih dahsyat setelahnya,” kata parsi.“semua yang kita dengar sejauh ini tentang tidak adanya korban, kerusakan terbatas, pada dasarnya merupakan upaya untuk mengecilkan kerusakan akibat serangan israel, dan yang mengindikasikan bahwa iran tidak menginginkan eskalasi lebih lanjut,” katanya.namun, ""tidak jelas apakah itu akan tetap terjadi dalam beberapa jam jika benar-benar berakhir dengan fase tiga, fase empat, dan mungkin fase lima,"" tambahnya.
            
                lihat juga: ayatollah khamenei luncurkan akun media sosial berbahasa ibrani",internasional
"rampai nusantara silaturahmi ke rumah jokowi, apresiasi kinerja 10 tahun","jakarta - pengurus dewan eksekutif nasional rampai nusantara bersilaturahmi ke rumah presiden ke-7 ri joko widodo ( jokowi ) di solo, jawa tengah, selasa (29/10/2024). kedatangan mereka diterima langsung oleh jokowi.ketua umum rampai nusantara mardiansyah semar menjelaskan, kunjungan tersebut dalam rangka memberikan apresiasi atas kinerja jokowi dalam memimpin bangsa indonesia selama 10 tahun dengan berbagai prestasi yang cukup membanggakan.“rampai nusantara menyampaikan apresiasinya terhadap kepemimpinan pak jokowi atas dedikasi dan prestasinya selama beliau memimpin negara ini selama 10 tahun, kami merasakan bahwa kebijakan-kebijakan selama beliau memimpin telah membawa negara ini bergerak maju terutama pada pemerataan pembangunan yang dirasakan oleh seluruh masyarakat indonesia dari sabang sampai merauke dari miangas sampai pulau rote,"" kata semar.
                
                    baca juga
                    
                        
                    
                        
                    
                        
                            rampai nusantara akan kawal pemerintahan prabowo-gibran
                        
                    
                 selain infrastruktur, kata semar, pemerintahan di bawah presiden jokowi juga telah mampu membangun hilirisasi sumber-sumber kekayaan negara yang berdampak pada nilai tambah sumber daya alam indonesia berlipat dari sebelumnya. ""hilirisasi pada sektor pertambangan dan industri kita semasa pak jokowi mendongkrak nilai tambah dan manfaat dari sumber-sumber kekayaan negara yang selama ini kurang maksimal, sektor pariwisata, ketahanan pangan, umkm, dan dana desa juga menjadi bukti prestasi dan keberhasilan beliau dalam memimpin bangsa ini yang tentunya sangat bermanfaat bagi masyarakat luas,"" kata semar. semar juga berharap jokowi tetap bersama rakyat yang bisa menambah semangat juang dalam menghadapi berbagai tantangan kehidupan pada kondisi dunia yang sangat tidak menentu. dia menilai jokowi masih perlu menyumbangkan pikir dan gagasannya untuk bangsa ini dengan memberikan masukan-masukan kepada pemerintahaan saat ini prabowo-gibran. ""kami yakin program-program pak jokowi akan diteruskan oleh pemerintah saat ini di bawah pak prabowo-gibran yang sejak awal memang menginginkan adanya keberlanjutan, kami tadi juga menyampaikan supaya beliau tetap membersamai kami rakyat indonesia,” kata aktivis 98 tersebut.“agar semakin bertambah semangat juangnya dalam menghadapi berbagai persoalan yang tentu tidak mudah untuk dilewati dan kami juga berharap beliau tetap dapat memberikan saran serta gagasannya untuk pemerintahan saat ini karena kami yakin masih sangat diperlukan,"" pungkasnya.
            
                lihat juga: retreat kabinet merah putih hari kedua, olahraga pagi dan latihan baris-berbaris lagi
            (rca)",nasional
pgn siap ambil peran dalam gotong royong bangun jargas nasional untuk kurangi subsidi energi,"jakarta - pt pgn tbk selaku subholding gas pertamina berkomitmen untuk terus membangun jaringan gas (jargas) rumah tangga agar dapat memberikan manfaat bagi masyarakat maupun negara. pgn menyadari bahwa rantai bisnis pengembangan jargas cukup panjang, sehingga membutuhkan gotong royong yang sinergis agar jargas bisa optimal memberikan manfaat kepada masyarakat. pengurangan subsidi energi menjadi salah satu highlight dalam kegiatan focus group discussion (fgd) investortrust bertajuk gotong royong membangun jargas, selasa (29/10/2024).pengembangan jargas pgn juga sejalan asta cita pemerintah khususnya dalam upaya swasembada energi sehingga keberlanjutan proyek akan terus dilakukan. saat ini jumlah jargas yang dikelola oleh pgn sebanyak 820 ribu sambungan rumah (sr) atau setara dengan 84 ribu metrikton lpg. namun disisi lain kapasitas infrastruktur yang telah dibangun oleh pgn sebenarnya telah melebihi dari jumlah rumah tangga atau komersial jargas yang sudah berlangganan. masih terbuka ruang yang cukup besar dalam pemanfaatan infrastruktur eksisting dalam meningkatkan jumlah pelanggan dan optimalisasi pasokan gas yang telah disediakan skk migas untuk jargas dan bbg. hal ini tentunya akan meningkatkan penyerapan volume gas bumi yang tentunya akan membantu mengurangi subsidi energi dalam pemakaian lpg subsidi.laode sulaeman selaku direktur perencanaan dan pembangunan infrastruktur minyak dan gas bumi, direktorat minyak dan gas bumi kesdm mengatakan pihaknya menilai bahwa salah satu cara yang diperlukan untuk pengembangan jargas yaitu dengan model terintegrasi antara industri dengan rumah tangga atau model kawasan industri serta mekanisme beyond pipeline khususnya oleh badan usaha.""kami (bph migas) support pada sisi harga di rumah tangga dan pelanggan kecil-nya, dalam rangka mengembangkan pemanfaatan gas domestik. namun tetap, infratruktur adalah kunci, sehingga perlu gotong royong semua pihak, semua harus satu tujuan,"" ujar idham baridwan, koordinator pengaturan akun, tarif, dan harga gas bumi melalui pipa bph migas.sejalan dengan pernyataan para regulator, menurut rosa permata sari selaku direktur strategi dan pengembangan bisnis pgn, kolaborasi dan kontribusi semua pihak menjadi kunci serta orkestrasi dari perencanaan dan kebutuhan masyarakat menuju swasembada energi. ""pgn siap untuk menjalankan fungsi di rantai bisnis dan gotong royong penyaluran jargas,"" ujarnya. menurut rosa, investasi untuk membangun jargas cukup besar. maka salah satu konsep pembangunan yang dilakukan yaitu konsep kpbu di mana badan usaha menerima penugasan. disaat bersamaan dilakukan integrasi atau klasterisasi sehingga cost akan lebih efisien. insentif dari pemerintah dengan dasar hukum yang solid dalam konsep kpbu membuka peluang bagi seluruh badan usaha, baik bumn maupun swasta untuk berkontribusi dalam program jargas.saat ini, pgn terus melakukan pemanfaatan sumber gas bumi untuk pengembangan jargas tumah tangga. pipa transmisi terus bertambah, dilanjutkan dengan pipa distribusi untuk penetrasi jargas ke rumah-rumah. pgn juga melakukan konsep beyond pipeline. salah satunya cng clustering di sleman, yogyakarta. pada tahun 2025, pgn menargertkan pembangunan jargas sebanyak 200 ribu, sehingga selama 2021 -2025 pgn menbangun tambahan jargas sebanyak 400.000 sr.rosa juga menyatakan kesiapan pgn untuk menbangun infratruktur jargas dengan rekanan sehingga bisa semakin terintegrasi. ""ke depan arahnya adalah integrasi bersamaan dengan rencana pengembangan industri maupun komersil. sejalan dengan itu, tetap memerlukan dukungan diantaranya untuk kemudahan perizinan, kepastian alokasi, dan pembangunan infrastruktur jargas sebagai bagian dari infrastruktur dasar perumahan atau hunian,"" katanya.
            
                lihat juga: mentan gandeng perguruan tinggi dorong inovasi teknologi pertanian untuk swasembada pangan
            (ars)",nasional
"partai penguasa jepang kalah pada pemilu sela, kenapa jadi sejarah paling memalukan?","tokyo - koalisi penguasa jepang telah kehilangan mayoritas parlementernya dalam kekalahan signifikan pada pemilihan nasional. itu meningkatkan ketidakpastian tentang susunan pemerintahan berikutnya dan prospek ekonomi terbesar keempat di dunia.dengan hanya 20 dari 465 kursi yang diperebutkan, partai demokrat liberal (ldp) perdana menteri shigeru ishiba, yang telah memerintah jepang hampir sepanjang sejarah pascaperangnya, dan mitra koalisi junior komeito memperoleh 209 kursi di majelis rendah parlemen. itu turun dari 279 kursi yang mereka miliki sebelumnya, menandai hasil pemilihan umum terburuk koalisi sejak kehilangan kekuasaan sebentar pada tahun 2009.partai penguasa jepang kalah pada pemilu sela, kenapa jadi sejarah paling memalukan?1. pemilu yang sangat sulit""pemilihan umum ini sangat sulit bagi kami,"" kata ishiba yang tampak muram kepada tv tokyo.keiichi ishii, yang menjadi pemimpin baru komeito - mitra koalisi jangka panjang ldp - kalah di distriknya bulan lalu.pemenang terbesar malam itu, oposisi utama partai demokrat konstitusional jepang (cdpj), sejauh ini memperoleh 143 kursi, naik dari 98 kursi sebelumnya, karena pemilih menghukum partai ishiba atas skandal pendanaan dan inflasi.
                
                    baca juga
                    
                        
                    
                        
                    
                        
                            jenderal tertinggi zionis sesumbar israel hanya gunakan secuil kemampuan saat serang iran
                        
                    
                 2. membangun kesepakatan untuk berbagai kekuasaanhasilnya dapat memaksa partai-partai untuk membuat kesepakatan pembagian kekuasaan yang tidak jelas untuk berkuasa, yang berpotensi menyebabkan ketidakstabilan politik karena negara tersebut menghadapi tantangan ekonomi dan situasi keamanan yang menegangkan di asia timur.""ini bukan akhir, tetapi awal,"" kata pemimpin cdpj yoshihiko noda dalam konferensi pers, dilansir al jazeera. dia menambahkan bahwa partainya akan bekerja sama dengan partai-partai oposisi lainnya untuk mengupayakan perubahan pemerintahan.perdana menteri ishiba mengatakan ia akan menunggu hingga hasil akhir, yang diharapkan pada dini hari senin, sebelum mempertimbangkan kemungkinan koalisi atau kesepakatan pembagian kekuasaan lainnya.bulan lalu, ishiba mengalahkan delapan kandidat lainnya untuk menjadi ketua ldp konservatif, yang telah memerintah jepang hampir tanpa gangguan selama tujuh dekade, meskipun dengan seringnya terjadi pergantian pemimpin.ia memangku jabatan beberapa hari kemudian, menggantikan fumio kishida, yang menghadapi ketidakpuasan atas kenaikan harga, skandal dana gelap, dan hubungan ldp dengan gerakan kristen setelah pembunuhan mantan perdana menteri shinzo abe pada tahun 2022.3. kesalahan prediksi yang paling burukishiba menyerukan pemilihan umum dadakan segera setelah terpilih, dengan harapan memenangkan mandat publik untuk jabatan perdana menterinya.
            
                lihat juga: eks menhan shigeru ishiba terpilih jadi perdana menteri baru jepang",internasional
netanyahu tuduh iran kembangkan stockpile bom nuklir untuk hancurkan israel,"tel aviv - perdana menteri (pm)  benjamin netanyahu  telah menuduh  iran  mengembangkan stockpile (cadangan)  bom nuklir  yang ditujukan untuk menghancurkan  israel. tuduhan pemimpin rezim zionis itu disampaikan dua hari setelah israel mengebom situs-situs militer di republik islam iran.pada hari sabtu, israel melakukan serangan udara di sejumlah situs militer iran sebagai respons atas serangan ratusan rudal teheran pada 1 oktober, yang sebenarnya juga merupakan pembalasan atas pembunuhan para pemimpin milisi pro-iran dan seorang komandan korps garda revolusi islam (irgc).""iran tengah berupaya keras mengembangkan stockpile bom nuklir untuk menghancurkan kita, dilengkapi dengan rudal jarak jauh, rudal antarbenua yang tengah diupayakan iran,"" kata netanyahu dalam pidatonya kepada para anggota parlemen israel pada senin.
                
                    baca juga
                    
                        
                    
                        
                    
                        
                            jenderal iran klaim negaranya miliki senjata rahasia lebih kuat dari bom nuklir
                        
                    
                 ""iran dapat mengancam seluruh dunia kapan saja,"" lanjut netanyahu, seperti dikutip dari al arabiya english, selasa (29/10/2024).""menghentikan program nuklir iran menjadi prioritas utama kami, dan karena alasan yang jelas, saya tidak dapat berbagi dengan anda semua rencana dan tindakan kami dalam hal ini,"" imbuh dia.pemerintah iran telah lama membantah bahwa mereka tengah berupaya membangun senjata nuklir dan menegaskan bahwa program nuklirnya untuk tujuan damai.sebaliknya, israel diyakini para pakar militer telah lama memiliki senjata nuklir. namun, rezim zionis tidak mengakui maupun membantahnya.dalam beberapa tahun terakhir, iran telah mengurangi kerja samanya dengan badan tenaga atom internasional (iaea), sementara secara signifikan meningkatkan program nuklirnya, termasuk mengumpulkan persediaan uranium yang diperkaya dalam jumlah besar.namun, kepala pengawas nuklir pbb mengatakan pekan lalu bahwa iran menunjukkan keinginan untuk kembali terlibat dalam masalah nuklir.
            
                lihat juga: 3 dosa israel terhadap indonesia, salah satunya lukai tni",internasional
"penjelasan taktik israel saat serang iran, sukses atau gagal?","teheran - taktik israel saat serang iran menjadi ulasan menarik untuk diketahui. disebut sebagai balasan tel aviv atas serangan rudal teheran beberapa waktu lalu, tentara zionis melakukan penyerbuan dengan melibatkan sejumlah jet tempur dan pesawat nirawak.serangan israel ke wilayah iran berlangsung pada sabtu (26/10) dini hari. sementara media iran melaporkan adanya ledakan di sekitar ibu kota, teheran, pasukan pertahanan israel (idf), tak lama berselang mengonfirmasi bahwa pihaknya bertanggung jawab atas serangan tersebut. serangan di teheran terjadi dalam beberapa gelombang selama periode tiga jam. gedung putih menggambarkan aksi itu sebagai ""latihan israel membela diri"" dari musuh-musuhnya. lebih jauh, taktik apa yang dipakai israel saat menyerang iran? berikut penjelasannya.
                
                    baca juga
                    
                        
                    
                        
                    
                        
                            siapa yang mengizinkan israel gunakan wilayah udara irak untuk menyerang iran?
                        
                    
                 taktik israel saat serang iranisrael meluncurkan serangan udara ke iran dengan tajuk ‘days of repentance’ atau ‘hari-hari pertobatan’. tel aviv dalam aksinya ini mengerahkan puluhan jet tempur dan pesawat nirawak.pada serangan udara itu, israel tampak memakai rute yang terlihat mudah, tetapi melibatkan perencanaan rumit. hal ini termasuk perhitungan mengenai target serangan hingga koordinasi pesawat yang dipakai untuk melewati yordania, suriah, dan irak. strategi israel adalah menyerang iran dalam tiga gelombang besar. mengutip laman times of israel, gelombang pertama mencari target dari udara ke permukaan seperti instalasi radar dan markas pertahanan udara iran di teheran, ilam, serta khuzestan. target itu ditujukan guna menangguhkan kemampuan pertahanan udara iran, baik untuk memastikan kebebasan operasi idf hingga persiapan serangan lanjutan apabila teheran melakukan balasan.lanjut, gelombang kedua difokuskan pada penghancuran lokasi pembuatan drone dan rudal balistik. tujuannya jelas untuk menghancurkan tempat atau fasilitas yang digunakan iran untuk membuat persenjataan militer terkait.sementara untuk gelombang ketiga, israel menargetkan industri manufaktur militer. sumber israel menyebut informasi intelijen yang sangat akurat memungkinkan tentara idf menyerang ""pabrik yang tak tergantikan"" di balik pembuatan rudal permukaan-ke-permukaan milik iran.
            
                lihat juga: iron dome israel sudah jebol, padahal hizbullah belum gunakan kemampuan rudal secara penuh",internasional
iran bantah adanya serangan israel di 20 lokasi,"teheran - sebuah sumber yang memiliki informasi membantah klaim rezim israel bahwa mereka telah menyerang 20 lokasi di seluruh iran.sumber yang memiliki informasi tersebut mengatakan kepada tasnim pada hari sabtu bahwa klaim tentara israel bahwa mereka telah menargetkan 20 lokasi di seluruh iran tidak benar, dengan mencatat bahwa jumlah lokasi yang menjadi target musuh jauh lebih rendah dari itu.sumber tersebut menambahkan bahwa tindakan oleh zionis telah dilakukan dari luar perbatasan iran dan telah menyebabkan kerusakan yang terbatas.sumber tersebut juga mengonfirmasi laporan sebelumnya dari tasnim bahwa tidak ada satu pun pusat militer korps garda revolusi islam di teheran yang menjadi target.“laporan yang menuduh bahwa 100 pesawat militer israel berperan dalam serangan itu juga merupakan kebohongan besar, karena israel berusaha membesar-besarkan serangannya yang lemah,” tambah sumber itu.
                
                    baca juga
                    
                        
                    
                        
                    
                        
                            kehidupan rakyat iran tetap normal meski diserang israel, mengapa?
                        
                    
                 sebelumnya, pangkalan pertahanan udara iran mengatakan pertahanan udara negara itu telah berhasil menghadapi tindakan agresi israel. pangkalan pertahanan udara mengeluarkan pernyataan pada hari sabtu, yang mengatakan bahwa rezim israel yang kriminal, tidak sah, dan palsu dalam upaya untuk meningkatkan ketegangan melancarkan serangan terhadap beberapa lokasi militer di provinsi teheran, khuzestan, dan ilam pada dini hari tadi.pertahanan udara iran mencegat dan berhasil menghadapi tindakan agresi tersebut, katanya, seraya menambahkan bahwa beberapa kerusakan terbatas terjadi di beberapa area, yang dimensinya sedang diselidiki.pernyataan tersebut mendesak masyarakat untuk menjaga persatuan dan ketenangan serta mengabaikan rumor yang disebarkan oleh media musuh.suara keras terdengar oleh beberapa orang di sekitar teheran pada dini hari sabtu, yang menurut sumber keamanan iran disebabkan oleh aktivasi sistem pertahanan udara.menurut laporan, pertahanan udara iran berhasil menembak jatuh target musuh di wilayah udara sekitar provinsi teheran.rekaman yang dibagikan secara daring menangkap apa yang tampak sebagai intersepsi di atas ibu kota iran.
            
                lihat juga: netanyahu klaim serangan israel melumpuhkan produksi rudal iran
            (ahm)",internasional
mentan amran tegaskan tidak ada toleransi untuk korupsi di kementerian pertanian,"jakarta - menteri pertanian (mentan) andi amran sulaiman berkomitmen penuh untuk memberantas praktik korupsi, nepotisme, dan kolusi di lingkungan kementerian pertanian (kementan). penandatanganan pakta integritas oleh pejabat eselon i di lingkup kementan menjadi wujud nyata komitmen seluruh jajaran kementan dalam menjaga integritas dan transparansi sebagai dasar pelaksanaan tugas.selain penandatanganan pakta integritas, kementan juga menyelenggarakan penandatanganan komitmen penerapan core values asn berakhlak dan employer branding 'bangga melayani bangsa'. kegiatan ini dihadiri oleh mitra pertanian, termasuk pengusaha, sebagai wujud dukungan dalam mengembalikan kepercayaan publik terhadap institusi dan menciptakan tata kelola yang bersih di sektor pertanian.mentan amran menggarisbawahi bahwa pemberantasan korupsi bukan sekadar jargon, tetapi langkah konkret untuk memastikan akuntabilitas di kementan. “kita tidak boleh bermain-main. sesuai arahan bapak presiden, kita harus melakukan pencegahan dan menghentikan praktik korupsi, nepotisme, dan kolusi. itu semua tidak boleh terjadi,” ujarnya saat memberikan arahan di kantor pusat kementan, jakarta, selasa (29/10/2024)menurutnya, pakta integritas bukan hanya simbol, tetapi janji seluruh pejabat dan pegawai kementan untuk bekerja dengan jujur, transparan, dan berorientasi pada pelayanan publik. mentan amran juga menekankan pentingnya mengambil tindakan tegas terhadap segala bentuk penyalahgunaan wewenang dan praktik percaloan dalam proyek atau pengadaan. “tidak boleh ada yang menggoda kementan, dan kementan juga tidak boleh tergoda untuk bermain-main. kami berharap kementan dapat mencapai swasembada pangan secara terhormat,” ujarnya menegaskan.mentan amran juga memberikan peringatan kepada para pengusaha, “bagi pengusaha yang membawa calo, akan saya blacklist,” katanya.ia menegaskan bahwa integritas adalah kunci dalam mencapai ketahanan pangan nasional, dan aparatur yang berintegritas tinggi akan memberikan kontribusi lebih besar terhadap pencapaian visi kementan. “saya menginginkan komitmen penuh dari seluruh jajaran kementan untuk bekerja secara profesional dan menghindari praktik korupsi. harta yang berlimpah tidak ada artinya jika kehormatan kita ternoda. kita harus bekerja sama untuk membangun reputasi yang baik bagi anak cucu kita di masa depan,” tutur mentan amran.dengan pakta integritas ini, kementan bertekad untuk terus meningkatkan kepercayaan masyarakat melalui pelayanan publik yang bersih dan berintegritas, serta membangun tata kelola yang lebih transparan di masa depan.sebelumnya, mentan amran telah mengambil langkah tegas dengan mencopot seorang pejabat eselon ii di kementan yang terbukti terlibat dalam praktik korupsi. langkah ini diambil sebagai upaya menegakkan integritas dan transparansi di sektor pertanian, sejalan dengan arahan presiden prabowo subianto untuk memberantas korupsi di seluruh jajaran pemerintahan.
            
                lihat juga: bangkitkan semangat wirausaha, indocomtech 2024 padukan pameran bisnis dan ritel
            (ars)",nasional
5 irjen dan 2 brigjen pol digeser kapolri pada mutasi polri september 2024,"jakarta - sebanyak 5 irjen pol dan 2 brigjen pol dimutasi kapolri jenderal pol listyo sigit prabowo pada september 2024. perpindahan tugas perwira tinggi (pati) polri tersebut merupakan bagian dari mutasi dan rotasi besar-besar 309 perwira menengah (pamen) dan pati polri pada pertengahan september lalu. mutasi dan rotasi 309 pamen dan pati polri tertuang dalam surat telegram bernomor st/2098/ix/kep./2024, st/2099/ix/kep./2024, st/2100/ix/kep./2024, serta st/2101/ix/kep./2024.
                
                    baca juga
                    
                        
                    
                        
                    
                        
                            7 wakasad era presiden jokowi abituren akmil 1980-an, nomor 1 pernah jadi ajudan sby
                        
                    
                 karo penmas divisi humas polri brigjen pol trunoyudo wisnu andiko menuturkan promosi dan rotasi merupakan hal biasa dalam suatu organisasi. hal ini untuk meningkatkan kinerja dan pelayanan serta perlindungan polri kepada masyarakat.“mutasi dan rotasi adalah proses alamiah di organisasi dalam rangka meningkatkan kinerja, tour of duty area,” ujarnya dikutip, senin (28/10/2024).5 irjen dan 2 brigjen pol dimutasi kapolri1. irjen pol andi rian ryacudu djajadi, kapolda sulsel diangkat dalam jabatan baru sebagai kapolda sumsel2. irjen pol yudhiawan wibisono, kapolda sulut diangkat dalam jabatan baru sebagai kapolda sulsel3. irjen pol roycke harry langie, kakorbinmas baharkam polri diangkat dalam jabatan baru sebagai kapolda sulut4. irjen pol hadi gunawan, koorsahli kapolri diangkat dalam jabatan baru sebagai kapolda ntb5. irjen pol r umar faroq, kapolda ntb dimutasi sebagai pati polda ntb (dalam rangka pensiun)6. brigjen pol i komang sandi arsana, kabag anev rojianstra ssdm polri dan penata kehumasan polri tk ii div humas polri diangkat dalam jabatan baru sebagai wakapolda bali7. brigjen pol tony harsono, penyidik tindak pidana utama tk ii bareskrim polri diangkat dalam jabatan baru sebagai wakapolda kepulauan babel
            
                lihat juga: wujudkan program swasembada pangan, polri rekrut bintara pertanian
            (jon)",nasional
"7 wakasad era presiden jokowi abituren akmil 1980-an, nomor 1 pernah jadi ajudan sby","jakarta - sebanyak 7 wakasad pernah bertugas di era kepemimpinan presiden ke-7 ri joko widodo (jokowi) abituren akademi militer (akmil) 1980-an. tujuh wakasad itu mulai dari letjen tni (purn) muhammad munir hingga letjen tni (purn) bakti agus fadjari.wakasad merupakan jabatan nomor dua tertinggi di lingkungan tni ad. jabatan ini diemban seorang jenderal bintang 3 atau letnan jenderal/letjen.
                
                    baca juga
                    
                        
                    
                        
                    
                        
                            panglima tni mutasi 63 perwira tinggi ad, al, dan au, ini nama-namanya
                        
                    
                 sepanjang riwayatnya, sudah banyak nama-nama jenderal tni ad yang berkesempatan menyemat jabatan wakasad. sebagian di antaranya berada di era pemerintahan jokowi. 7 wakasad era presiden jokowi1. letjen tni (purn) muhammad munirletjen tni (purn) muhammad munir merupakan purnawirawan perwira tinggi (pati) tni angkatan darat. dia adalah abituren akademi militer (akmil) 1983 dari kecabangan infanteri.pada catatan kariernya, munir pernah menjabat wakasad. dia bertugas pada periode 2013-2015 setelah menggantikan moeldoko.sebelum itu, munir pernah menyemat tugas penting lain. salah satunya ketika ditunjuk menjadi ajudan presiden susilo bambang yudhoyono (sby) tahun 2004.setelahnya, dia juga banyak menduduki posisi strategis lainnya di tni yakni pangdivif 2/kostrad (2010), pangdam iii/siliwangi (2011), hingga pangkostrad (2012).2. letjen tni (purn) m erwin syafitrisebelum pensiun, erwin pernah menjabat wakil kepala staf tni angkatan darat (wakasad). posisi ini ditempati setelah menggantikan muhammad munir tepatnya periode 2015-2017.pada riwayatnya, erwin diketahui lulusan terbaik akmil 1982. predikat ini membuatnya berhak atas penghargaan adhi makayasa dan tri sakti wiratama.selain wakasad, sejumlah posisi penting lain juga pernah diemban erwin yakni pangdam xvii/cenderawasih (2012), aspam ksad (2012-2013), hingga kabais tni (2013-2015).3. letjen tni (purn) hinsa siburianberikutnya ada letjen tni (purn) hinsa siburian. dia menjadi wakasad periode april-oktober 2017.melihat ke belakang, hinsa juga diketahui menerima penghargaan adhi makayasa-tri sakti wiratama. predikat tersebut didapat setelah dia menjadi lulusan terbaik akmil 1986.
            
                lihat juga: rampai nusantara silaturahmi ke rumah jokowi, apresiasi kinerja 10 tahun",nasional
1 skuadron drone hizbullah serang pangkalan udara israel di tel aviv,"beirut - hizbullah mengumumkan peluncuran serangan udara di pangkalan udara tel nof di selatan tel aviv dengan satu skuadron pesawat nirawak serang, yang berhasil mencapai serangan langsung.hizbullah secara teratur mengumumkan penargetan fasilitas militer israel tetapi pernyataannya pada hari sabtu bahwa mereka meluncurkan ""serangan udara dengan pesawat nirawak"" terhadap pangkalan tel nof adalah klaim pertama dari jenisnya dalam satu tahun.hizbullah juga menembakkan rentetan roket ke pasukan israel di dekat sebuah desa di lebanon selatan, tempat tentara israel telah melakukan serangan darat selama berminggu-minggu.melansir press tv, kelompok perlawanan itu mengatakan dalam sebuah pernyataan bahwa para pejuangnya meluncurkan ""serangan roket"" ke arah tentara israel di pinggiran desa aita al-shaab, tempat bentrokan rutin antara hizbullah dan pasukan israel selama dua minggu terakhir.sirene berbunyi di sisi utara wilayah palestina yang diduduki karena ancaman penetrasi pesawat nirawak bermuatan bom yang diluncurkan oleh gerakan perlawanan hizbullah lebanon.peringatan pesawat nirawak diaktifkan di kota-kota pesisir utara nahariya dan acre pada hari sabtu.sirene peringatan juga berbunyi di mateh asher, ma'ale yosef, pemukiman ilegal klil serta moshav ein ya'akov di wilayah galilea barat dan galilea atas.selain itu, sirene berbunyi di kota metula, pemukiman kiryat shmona, moshav kfar yuval dan pemukiman sekitarnya di distrik utara wilayah yang diduduki israel karena kekhawatiran infiltrasi pesawat nirawak dari lebanon selatan.suara ledakan terdengar di sejumlah daerah di wilayah galilea tengah setelah sirene pesawat nirawak diaktifkan.
                
                    baca juga
                    
                        
                    
                        
                    
                        
                            kehidupan rakyat iran tetap normal meski diserang israel, mengapa?
                        
                    
                 
            
                lihat juga: profil mehdi hasan, jurnalis muslim yang diancam dibunuh ryan girdusky saat acara live",internasional
"gibran bakal jadi plt presiden pekan depan, begini kata istana","jakarta - kepala kantor komunikasi kepresidenan hasan nasbi mengingatkan untuk tidak menyalahartikan wakil presiden (wapres) gibran rakabuming raka yang akan menjadi pelaksana tugas (plt) presiden selama  prabowo subianto  lawatan ke luar negeri.diketahui, presiden prabowo akan melakukan lawatan kurang lebih selama dua minggu mulai pekan depan untuk menghadiri agenda di luar negeri di antaranya kerja sama ekonomi asia-pasifik atau asia-pacific economic cooperation (apec) di peru. kemudian, ktt g20 digelar di brasil.""enggak ada plt. wakil presiden ketika presiden ke luar negeri, wakil presiden menjalankan tugas-tugas presiden sebagai kepala pemerintahan,"" kata hasan kepada di kompleks istana kepresidenan, jakarta, rabu (30/10/2024).
                
                    baca juga
                    
                        
                    
                        
                    
                        
                            dua minggu indonesia dipimpin gibran saat prabowo ke luar negeri
                        
                    
                 hasan pun menegaskan tidak perlu ada instrumen hukum lagi untuk mengatur wapres gibran yang akan menggantikan tugas presiden prabowo di dalam negeri.""kan selama ini sudah kejadian begitu, presiden ke luar negeri yang menjalankan tugas presiden adalah wakil presiden. tidak perlu instrumen-instrumen hukum,"" ujarnya.
                
                    baca juga
                    
                        
                    
                        
                    
                        
                            gibran rakabuming raka jadi plt presiden saat prabowo ke luar negeri pekan depan
                        
                    
                 diketahui, sebelumnya wakil presiden ma'ruf amin pernah melakukan hal serupa ketika presiden ke-7 joko widodo (jokowi) melakukan kunjungan luar negeri beberapa waktu lalu. ""ya akan berlaku sama, jadi buat saya yang kayak gitu-gitu itu jangan disalahartikan, tidak ada istilah plt presiden, jadi wakil presiden menjalankan tugas-tugas presiden sebagai kepala pemerintahan ketika presiden sedang ke luar negeri,"" pungkasnya.
            
                lihat juga: jadi korban mafia tanah, guru besar ipb kirim surat keadilan ke presiden prabowo
            (cip)",nasional
perbandingan kekuatan militer iran vs indonesia,"teheran - perbandingan kekuatan militer antara iran dan indonesia adalah topik yang menarik dan kompleks. kedua negara memiliki sejarah, geografi, dan tantangan yang berbeda, yang mempengaruhi struktur dan kemampuan militer mereka. berikut adalah analisis mendalam tentang kekuatan militer kedua negara:1. kekuatan militer iranpersonel militeriran memiliki sekitar 610.000 personel militer, dengan sekitar 350.000 di antaranya adalah anggota aktif. tentara reguler terdiri dari sekitar 230.000 personel, sementara korps garda revolusi islam (irgc) membentuk sisanya.angkatan udaraangkatan udara iran memiliki beberapa puluh pesawat serang yang berfungsi, termasuk jet rusia dan model-model tua amerika yang diperoleh sebelum revolusi islam pada tahun 1979. iran juga memiliki satu skuadron yang terdiri dari sembilan jet tempur f-4 dan f-5, satu skuadron jet sukhoi-24 buatan rusia, dan beberapa pesawat mig-29, f7, dan f14.persenjataan rudaliran memiliki persenjataan rudal balistik yang luas yang mampu menjangkau berbagai wilayah, termasuk israel. meskipun teknologinya tidak secanggih persenjataan negara-negara barat, kemampuan rudal iran memberikan jangkauan dan ancaman yang signifikan. iran memiliki lebih dari 3.500 rudal permukaan-ke-permukaan, beberapa di antaranya membawa hulu ledak setengah ton.
            
                lihat juga: 3 dosa israel terhadap indonesia, salah satunya melukai prajurit tni di unifil",internasional
rusia tuding nato latih tentara ukraina untuk menyerang fasilitas nuklir rusia,"moskow - dinas intelijen barat telah melatih penyabotase ukraina untuk melakukan provokasi di pembangkit listrik tenaga nuklir rusia. tudingan itu diungkapkan perwakilan tetap moskow untuk pbb, vassily nebenzia. upaya ukraina untuk menargetkan fasilitas nuklir di dalam rusia adalah ""sangat sembrono"" dan dapat berakhir dengan menjerumuskan benua eropa ""ke dalam mimpi buruk radiasi,"" nebenzia memperingatkan selama pertemuan tidak resmi dewan keamanan pbb. pihak berwenang di moskow ""memiliki informasi yang dapat dipercaya bahwa badan intelijen barat, terutama mi6 inggris, telah secara sistematis mempersiapkan kelompok sabotase dan pengintaian ukraina untuk mengatur provokasi di pembangkit listrik tenaga nuklir di rusia."" di antaranya, kiev dan pendukung asingnya tengah mengerjakan operasi untuk meledakkan kabel listrik yang menghubungkan pembangkit nuklir dengan jaringan energi nasional rusia, tegas utusan tersebut.ia mengingat bagaimana selama konflik, ""perwakilan negara-negara tertentu"" menuduh moskow, ""bertentangan dengan akal sehat, telah mengacaukan situasi keamanan di sekitar pembangkit listrik tenaga nuklir zaporozhye (znpp), yang berada di bawah kendali kami."" fasilitas tersebut diamankan oleh pasukan rusia pada maret 2022.
                
                    baca juga
                    
                        
                    
                        
                    
                        
                            dunia sudah lelah dengan hegemoni barat yang dipimpin as
                        
                    
                 menurut nebenzia, mereka yang membuat klaim tersebut ""berusaha sebaik mungkin untuk mengabaikan fakta yang jelas bahwa serangan rutin dan gegabah terhadap znpp adalah strategi teroris yang disengaja dari ukraina.""moskow dan kiev telah berulang kali saling menuduh menembaki pembangkit listrik tenaga nuklir terbesar di eropa, dan kementerian pertahanan rusia telah mengatakan bahwa beberapa upaya oleh unit penyerang ukraina untuk merebutnya kembali telah digagalkan. badan tenaga atom internasional (iaea) telah mengonfirmasi serangan terhadap znpp, tetapi menolak menyebutkan nama pihak yang bertanggung jawab.""namun, berbagai peristiwa terkini melemahkan argumen semua pihak yang mencoba melindungi angkatan bersenjata ukraina dalam kasus pltn znpp,"" kata utusan tersebut, merujuk pada serbuan kiev ke wilayah kursk rusia, yang dimulai pada awal agustus, dilansir rt. ""ada bukti yang tak terbantahkan bahwa kiev juga berencana untuk menyerang pltn di kursk,"" dengan ukraina berencana untuk merebut dan menambang fasilitas tersebut, tegasnya.beruntunglah militer rusia mencegah pasukan ukraina mencapai pltn, sehingga mencegah ""bencana buatan manusia dan bencana buatan manusia berskala besar di eropa,"" kata nebenzia.utusan rusia sekali lagi meminta badan-badan internasional, termasuk pbb dan iaea, untuk mengutuk ""tindakan provokatif"" oleh ukraina dan mencegah upaya lebih lanjut untuk merusak keamanan lokasi nuklir di zaporozhye dan kursk.
            
                lihat juga: pasukan korea utara dapat tugas usir pasukan ukraina dari kursk di rusia
            (ahm)",internasional
"dorong dialog pemerintah-generasi muda, angela tanoesoedibjo: agar kebijakan berpihak","jakarta   - ketua umum partai perindo  angela tanoesoedibjo  menilai perlu adanya forum-forum dialog antara pemerintah dengan generasi muda. hal itu untuk memastikan bahwa setiap kebijakan yang diambil berpihak kepada generasi muda. angela menyebut forum-forum dialog secara langsung sangat perlu dilakukan agar para pemangku kebijakan selain mendengar juga bertukar pikiran dengan generasi muda. ""tidak hanya mendengarkan aspirasi generasi muda tapi kita bertukar pikiran dengan generasi muda,"" katanya di m bloc jakarta selatan, senin (29/10/2024). 
                
                    baca juga
                    
                        
                    
                        
                    
                        
                            angela tanoesoedibjo diyakini bisa beri inspirasi kaum perempuan terjun ke politik
                        
                    
                 angela menilai jika dialog antara pemerintah dan generasi muda terjadi dan mengetahui inti permasalahan generasi muda maka arah kebijakan yang diambil pemerintah juga akan berpihak kepada kaum muda. ""sehingga ke depannya kebijakan-kebijakan yang insyaallah akan diambil oleh pemerintah daerah di masa depan itu bisa berpihak kepada generasi muda kita,"" jelasnya.
                
                    baca juga
                    
                        
                    
                        
                    
                        
                            satu dekade partai perindo, angela tanoesoedibjo ajak kader merefleksikan tujuan berpolitik
                        
                    
                 dia menilai pemerintah harus berperan aktif melibatkan pemuda dalam berbagai hal. langkah itu diperlukan agar kepemimpinan masa depan dimiliki generasi mendatang benar benar dirasakan.""kita sering sekali mendengar bahwa generasi muda adalah masa depan bangsa. ini betul-betul harus kita selami bukan hanya sekadar bicara-bicara saja,"" pungkasnya.
            
                lihat juga: volunteering keberlanjutan sumpah pemuda di pantai teleng ria pacitan
            (cip)",nasional
kejagung beberkan peran tom lembong di kasus impor gula,"jakarta - kejaksaan agung (kejagung) menetapkan menteri perdagangan periode 2015-2016 thomas trikasih lembong (ttl) alias  tom lembong  sebagai tersangka kasus dugaan korupsi impor gula. kejagung menilai, tom lembong menyalahi aturan berupa pemberian izin kepada pihak swasta untuk melakukan impor gula. awalnya, kejagung menyebutkan pada mei 2015 indonesia mengalami surplus gula. dengan demikian, tidak diperlukan melakukan impor gula. ""akan tetapi pada tahun yang sama yaitu 2015 tersebut menteri perdagangan yaitu saudara ttl memberikan persetujuan impor gula kristal mentah sebanyak 105 ribu ton kepada pt ap yang kemudian gula kristal mentah tersebut diolah menjadi gula kristal putih (gkp),"" kata direktur penyidikan jampidsus kejagung abdul qohar saat konferensi pers, selasa (29/10/2024). kejagung menilai tindakan ttl tersebut menyalahi keputusan menteri perdagangan dan perindustrian nomor 527 tahun 2004. dalam keputusan tersebut, tertulis bahwa yang diperbolehkan melakukan impor gula hanya bumn. 
                
                    baca juga
                    
                        
                    
                        
                    
                        
                            breaking news! tom lembong tersangka kasus impor gula
                        
                    
                 ""berdasarkan persetujuan impor yang telah dikeluarkan oleh tersangka ttl, impor gula tersebut dilakukan oleh pt ap dan impor gula kristal mentah tersebut tidak melalui rapat koordinasi dengan instansi terkait serta tanpa adanya rekomendasi dari kementerian perindustrian guna mengetahui kebutuhan riil gula di dalam negeri,"" ujarnya. sebelumnya, tim penyidik jaksa agung muda tindak pidana khusus (jampidsus) kejaksaan agung (kejagung) ri menetapkan menteri perdagangan (mendag) 2015-2016, ttl alias thomas trikasih lembong dan direktur pengembangan bisnis pt perusahaan perdagangan indonesia (ppi) berinisial cs. 
                
                    baca juga
                    
                        
                    
                        
                    
                        
                            senyum tom lembong pakai rompi tahanan kejagung
                        
                    
                 hal itu disampaikan langsung direktur penyidik jampidsus kejagung ri abdul qohar pada selasa (29/10/2024) malam. ""penyidik jaksa agung muda tindak pidana khusus kejaksaan agung ri menetapkan status saksi terhadap dua orang menjadi tersangka karena telah memenuhi alat bukti bahwa yang bersangkutan telah melakukan tindak pidana korupsi,"" kata abdul qohar.""adapun kedua tersangka tersebut adalah satu ttl selaku menteri perdagangan periode 2015-2016 berdasarkan surat penetapan tersangka nomor tap-60/f:/fd:/10/2024 tanggal 29 oktober 2024. kedua tersangka atas nama ds selaku direktur pengembangan bisnis pt ppi 2015-2016 berdasarkan surat penetapan tersangka nomor tap-60/f:/fd:/10/2024 tanggal 29 oktober 2024,"" jelasnya.
            
                lihat juga: lembong terjerat hukum karena berikan perizinan impor saat surplus gula
            (rca)",nasional
kapolri siapkan program 100 hari sukseskan asta cita prabowo-gibran,"jakarta   - kapolri jenderal polisi listyo sigit prabowo memerintahkan jajarannya mendukung asta cita presiden prabowo subianto. hal itu diungkap sigit saat melakukan video conference (vicon) dengan seluruh jajaran dari polda dan polres pada senin, 28 oktober 2024.""segera buat rencana jangka pendek, menengah, dan panjang"", kata sigit mengawali arahannya kepada seluruh jajaran, dikutip melalui keterangan resminya pada selasa (29/10/2024).
                
                    baca juga
                    
                        
                    
                        
                    
                        
                            kapolri: perlu upaya extraordinary untuk cegah kebocoran keuangan negara
                        
                    
                 sigit mengungkap, instruksi presiden prabowo diberikan dalam kegiatan retreat kabinet merah putih di akademi militer (akmil) magelang, jawa tengah. salah satu instruksinya adalah bagaimana menjadikan indonesia sebagai negara yang kuat, dan terhormat serta disegani karena rakyatnya hidup sejahtera, juga berkontribusi positif pada kehidupan bangsa-bangsa. untuk mendukung hal itu, sigit menegaskan polri telah mempersiapkan program 100 hari untuk mendukung asta cita yang ditetapkan pemerintah.
                
                    baca juga
                    
                        
                    
                        
                    
                        
                            41 perwira polisi berpangkat kompol dimutasi kapolda metro jaya, ini nama-namanya
                        
                    
                 ""mulai dari mencegah kebocoran keuangan negara, sampai pada melakukan penegakan hukum yang tegas terhadap kasus-kasus yang menjadi perhatian pemerintah seperti judi online, korupsi, narkoba, dan penyelundupan,"" ucapnya melalui keterangan tertulis.sebagai informasi, pemerintahan prabowo subianto dan gibran rakabuming raka mengusung visi 'bersama indonesia maju menuju indonesia emas 2045', dan akan diwujudkan dengan delapan misi yang disebut asta cita. berikut delapan misi yang disebut asta cita: 1. memperkokoh ideologi pancasila, demokrasi, dan hak asasi manusia (ham);2. memantapkan sistem pertahanan keamanan negara dan mendorong kemandirian bangsa melalui swasembada pangan, energi, air, ekonomi kreatif, ekonomi hijau, dan ekonomi biru;3. meningkatkan lapangan kerja yang berkualitas, mendorong kewirausahaan, mengembangkan industri kreatif, dan melanjutkan pengembangan infrastruktur;4. memperkuat pembangunan sumber daya manusia (sdm), sains, teknologi, pendidikan, kesehatan, prestasi olahraga, kesetaraan gender, serta penguatan peran perempuan, pemuda, dan penyandang disabilitas;5. melanjutkan hilirisasi dan industrialisasi untuk meningkatkan nilai tambah di dalam negeri;6. membangun dari desa dan dari bawah untuk pemerataan ekonomi dan pemberantasan kemiskinan.7. memperkuat reformasi politik, hukum, dan birokrasi, serta memperkuat pencegahan dan pemberantasan korupsi dan narkoba;8. memperkuat penyelarasan kehidupan yang harmonis dengan lingkungan, alam, dan budaya, serta peningkatan toleransi antarumat beragama untuk mencapai masyarakat yang adil dan makmur;
            
                lihat juga: wujudkan program swasembada pangan, polri rekrut bintara pertanian
            (cip)",nasional
"iran ledek serangan israel: zionis seperti uang receh, terlalu lemah","teheran - pemerintah  iran  telah meremehkan skala dan efektivitas serangan  israel  terhadap siitus-situs militernya pada sabtu dini hari. para pejabatnya bahkan meledek serangan tersebut, yang dianggap terlalu lemah untuk menyaikiti teheran.di teheran, saat ini terjadi perdebatan internal iran tentang cara menanggapi serangan israel.dalam membuat keputusannya, elite politik iran harus mempertimbangkan berbagai tekanan politik, diplomatik, dan militer yang saling bertentangan. namun, nada awal dari pemerintah adalah kebanggaan patriotik atas kinerja pertahanan udara, alih-alih seruan untuk pembalasan segera. beberapa bahkan mengklaim bahwa pertahanan udara terbukti lebih baik daripada iron dome milik israel.
                
                    baca juga
                    
                        
                    
                        
                    
                        
                            jet siluman f-35 israel dilaporkan mengebom iran, serang 4 sistem rudal s-300, 4 tentara tewas
                        
                    
                 dalam pernyataan sementara, kementerian luar negeri iran mengutuk serangan tersebut, dengan menambahkan: ""iran merasa berhak dan berkewajiban untuk membela diri terhadap tindakan agresi asing.""juru bicara pemerintah iran, fatemeh mohajerani, mengatakan: ""kerusakan yang terjadi hanya terbatas"". menurutnya kebanggaan rakyat iran telah diperkuat oleh respons mereka terhadap serangan israel.amir-hossein sabeti, anggota parlemen ultra-konservatif untuk teheran, mengatakan di x: “keamanan yang stabil bergantung pada otoritas dan respons yang kuat terhadap kesalahan terkecil musuh. meskipun gunung israel melahirkan seekor tikus, pelanggaran garis merah iran dan invasi wilayah negara itu harus ditanggapi pada tingkat yang akan mengejutkan mereka.”“waktu terbaik untuk menanggapi adalah ketika mereka terlibat dalam perang yang melelahkan di gaza dan beirut,” paparnya, seperti dikutip the guardian, minggu (27/10/2024).di media sosial ada seruan untuk meluncurkan operasi janji sejati iii, referensi nama kode yang diberikan untuk dua serangan pertama iran terhadap israel.sebaliknya, mantan profesor universitas teheran sadegh zibakalam mengatakan: “serangan udara dini hari israel terhadap iran lebih dari sekadar pencapaian militer bagi tel aviv, itu adalah keberhasilan diplomatik bagi washington, yang mampu memaksa [perdana menteri israel benjamin] netanyahu untuk secara ketat membatasi serangan sehingga iran tidak perlu membalas. amerika telah menunjukkan untuk kesekian kalinya bahwa mereka tidak menginginkan perang dengan iran.”
            
                lihat juga: perbandingan kekuatan militer iran vs indonesia",internasional
daftar suku palestina yang ingin dimusnahkan zionis israel sampai habis,"tepi barat - palestina telah beberapa kali menjadi target invasi israel yang membuat sejumlah suku yang mendiami wilayah tersebut terancam. meski zionis berdalih tengah memburu kelompok pejuang, buktinya telah banyak warga sipil yang menjadi korban.dilansir dari al jazeera, israel menjunjung tinggi aspirasi pendiriannya, menegakkan doktrin pendudukan tanpa akhir sembari melakukan genosida yang tersirat dan tersurat sejak tahun 2005, di wilayah palestina.zionis israel menuai keuntungan dari tanah palestina dan sumber dayanya di surga konsumen yang modern, makmur, dan konon demokratis, yang mendorong hubungan dan identifikasi yang kuat dengan amerika serikat (as) dan eropa.namun pada tanggal 7 oktober, ketakutan dan keterkejutan yang hebat mencengkeram masyarakat israel ketika hamas berani memberikan perlawanan yang besar ke tel aviv.ketakutan israel telah ditunjukkan melalui militerisasi, narasi anti-palestina, pembingkaian ulang perlawanan sebagai ""terorisme,"" mengingat kekejaman masa lalu, berfokus pada ancaman yang dirasakan, dan mempromosikan segregasi, yaitu apartheid.daftar suku di palestina yang akan dihabisi israeluntuk meredakan ketakutan tersebut, berbagai genosida untuk melenyapkan setiap suku yang ada di palestina dengan dalih memburu pelaku terorisme pun dilakukan.dikutip dari iwgia, masyarakat adat palestina adalah badui jahalin, al-kaabneh, al-azazmeh, al-ramadin, dan al-rshaida.israel tidak memberikan suara untuk deklarasi perserikatan bangsa-bangsa tentang hak-hak masyarakat adat, dan masyarakat adat di palestina hidup dalam ketakutan terus-menerus, yang disebabkan pembongkaran dan penyitaan properti mereka, serta pembatasan hak-hak mereka untuk beraktivitas.setelah deklarasi kemerdekaan israel pada tahun 1948, suku badui jahalin, bersama dengan empat suku lainnya dari gurun negev (al-kaabneh, al-azazmeh, al-ramadin, dan al-rshaida), berlindung di tepi barat, yang saat itu berada di bawah kekuasaan yordania.suku-suku ini secara tradisional adalah petani penggembala semi-nomaden yang tinggal di daerah pedesaan di sekitar hebron, betlehem, yerusalem, yerikho, dan lembah yordan, yang disebut dengan daerah c.
            
                lihat juga: tidak seperti hassan nasrallah, pemimpin baru hizbullah justru bukan dari keturunan nabi muhammad, kenapa?",internasional
"adu pengaruh benjamin netanyahu vs ali khamenei, siapa lebih unggul?","jakarta - perbandingan pengaruh  benjamin netanyahu  dengan  ayatollah ali khamenei  menarik diketahui. kedua nama pemimpin di timur tengah tersebut sama-sama berstatus penting di negaranya, yakni israel dan iran.belakangan, ketegangan di timur tengah semakin memanas buntut perseteruan iran dan israel. tak sedikit orang yang menganggap bahwa momen ini bisa menjadi pemicu perang besar-besaran.dalam konflik yang terjadi antara iran dan israel, ada dua nama pemimpin yang disorot, yakni netanyahu di sisi israel serta ali khamenei di pihak iran. keduanya sama-sama punya pengaruh besar sebagai pemimpin negaranya.
                
                    baca juga
                    
                        
                    
                        
                    
                        
                            teka-teki iran tak luluh lantak diserang 100 pesawat israel, termasuk jet siluman f-35
                        
                    
                 perbandingan pengaruh benjamin netanyahu vs ali khamenei1. pengaruh di internal negarabenjamin netanyahu adalah perdana menteri (pm) israel, sementara ali khamenei merupakan pemimpin tertinggi iran. berkaca pada statusnya, kedua sosok ini sama-sama menjadi orang nomor satu di negaranya masing-masing.sejalan dengan hal tersebut, pengaruh netanyahu maupun khamenei di negaranya bersifat mutlak. namun, tetap ada perbedaan di antara keduanya soal pengaruh dalam negeri. pada sisi khamenei, dia sangat dihormati mengingat statusnya yang juga imam syiah di iran. jadi, selain menjadi pemimpin politik, khamenei dianggap pula sebagai pemimpin agama di sana.sementara netanyahu, dia memang statusnya pm israel. tetapi, reputasinya telah jeblok selama beberapa waktu terakhir di kalangan warganya.alasannya beragam, termasuk dianggap bertanggung jawab atas serangan hamas 7 oktober dan tak kunjung dibebaskannya tawanan israel. belum lagi, netanyahu punya sederet kontroversi lain, termasuk skandal yang kerap menimpa para loyalisnya di pemerintahan.2. reputasi di luar negeribenjamin netanyahu jelas dibenci banyak orang di dunia. sebagai pemimpin negara israel, dia selalu berbuat masalah dan seakan menantang negara-negara lain tanpa pandang bulu.
            
                lihat juga: netanyahu ungkap ingin berdamai dengan negara-negara arab",internasional
"daftar 7 menteri termuda kabinet prabowo, nomor 1 penerima adhi makayasa akmil 1999","jakarta - terdapat tujuh  menteri  kabinet merah putih yang terbilang muda usianya jika dibandingkan dengan yang lain. bahkan salah satu di antara mereka ada yang masih berumur 30-an tahun.kabinet merah putih merupakan nama kabinet yang dibentuk oleh presiden prabowo subianto dan wakil preiden gibran rakabuming raka. kabinet merah putih itu terdiri dari 48 menteri dan 56 wakil menteri. jajaran kabinet merah putih hari ini baru saja menyelesaikan retreat di akademi militer (akmil) magelang, jawa tengah. retreat digelar sejak kamis, 25 oktober 2024.dari sejumlah nama menteri yang ditunjuk presiden prabowo subianto, beberapa di antaranya masih tergolong muda. siapa saja mereka?7 menteri termuda kabinet prabowo1. iftitah sulaiman - 47 tahunletkol tni (purn) muhammad iftitah sulaiman suryanagara yang lahir pada 10 maret 1977, telah berusia 47 tahun ketika dilantik jadi menteri transmigrasi pada 21 oktober 2024. purnawirawan tni itu merupakan politikus partai demokrat.pria asal banten itu merupakan lulusan terbaik akademi militer (akmil) 1999 dan penerima bintang adhi makayasa. karier iftitah di militer harus terhenti pada 2018 lantaran memutuskan untuk pensiun dini dari tni dan fokus membantu ahy dalam dunia politik dan bisnis.2. raja juli antoni - 47 tahunraja juli antoni yang lahir di pekanbaru, riau, pada 13 juli 1977, kini telah berusia 47 tahun. pada 21 oktober 2024, politikus psi itu dilantik menjadi menteri kehutanan.dalam riwayat kariernya, juli antoni pernah dipercaya sebagai direktur eksekutif maarif institute yang didirikan mantan ketua umum pp muhammadiyah, ahmad syafii maarif. dirinya juga sempat menjadi calon ketua umum pp muhammadiyah periode 2015–2020, namun gagal.3. agus harimurti yudhoyono - 46 tahunanak dari presiden susilo bambang yudhoyono ini lahir pada 10 agustus 1978. saat ini dirinya dipercaya untuk menjadi menteri koordinator infrastruktur dan pembangunan wilayah, yang merupakan kementerian baru di kabinet merah putih.sebelumnya, ahy sempat menduduki posisi menteri agraria dan tata ruang indonesia selama beberapa bulan. dirinya merupakan ketua umum dari partai demokrat.4. meutya hafid - 46 tahunselanjutnya ada meutya hafid yang menjabat sebagai menteri komunikasi dan digital pada usia 46 tahun. wanita kelahiran 3 mei 1978 tersebut adalah mantan anggota dpr sejak 2010 menggantikan burhanuddin napitupulu yang meninggal dunia.sebelum terjun ke politik, ia bekerja sebagai jurnalis di metro tv serta menjadi pembawa acara di beberapa acara televisi.5. prasetyo hadi 44 tahunprasetyo hadi yang merupakan politisi partai gerindra dipercaya menjadi menteri sekretaris negara ketika masih berusia 44 tahun. pria yang lahir pada 28 oktober 1979 tersebut adalah mantan anggota dpr-ri yang mengundurkan diri pada juli 2020.kala itu, dirinya bertugas di komisi ii yang membidangi pemerintahan dalam negeri dan otonomi daerah.6. maman abdurrahman - 42 tahunmaman abdurrahman lahir pada 10 september 1980, sehingga usianya kini masih 42 tahun. pria asal pontianak ini pernah menjabat sebagai anggota dpr-ri selama dua periode, dari tahun 2018 hingga 2024.kader partai golkar itu bertugas di komisi vii dan dipercaya menjabat sebagai wakil ketua komisi vii.7. dito ariotedjo -34 tahunmenteri termuda di kabinet merah putih yang dibentuk prabowo subianto adalah dito ariotedjo yang masih berusia 34 tahun. pria kelahiran 25 september 1990 itu bahkan merupakan menteri termuda sepanjang sejarah orde baru.dito juga menjadi orang kelahiran dasawarsa 1990-an pertama yang menjadi menteri. sebelumnya, ia pernah masuk ke dalam jajaran tim ahli menteri koordinator bidang perekonomian indonesia di tahun 2022 lalu.
            
                lihat juga: gibran bakal jadi plt presiden pekan depan, begini kata istana
            (abd)",nasional
"sempat ditunda, sidang pk jessica wongso digelar di pn jakarta pusat hari ini","jakarta   - pengadilan negeri jakarta pusat (pn jakpus) kembali menggelar sidang peninjauan kembali (pk) jessica kumala wongso hari ini, selasa (29/10/2024). pk tersebut terkait kasus pembunuhan wayan mirna salihin yang dikenal dengan kasus kopi sianida.diketahui, sejatinya sidang perdana pk tersebut digelar pada senin, 28 oktober 2024. namun, persidangan ditunda lantaran pihak pemohon belum menghadirkan saksi novum untuk disumpah. ""kalau ada novum harus disumpah dulu,"" kata ketua majelis hakim zulkifli atjo di ruang sidang pengadilan negeri jakarta pusat, senin (21/10/2024). 
                
                    baca juga
                    
                        
                    
                        
                    
                        
                            kekeliruan hakim jadi alasan jessica wongso ajukan pk kasus kopi sianida
                        
                    
                 hakim atjo menyatakan sidang tersebut ditunda hingga pekan depan. penundaan sekaligus untuk melengkapi hal-hal yang dibutuhkan. 
                
                    baca juga
                    
                        
                    
                        
                    
                        
                            41 perwira polisi berpangkat kompol dimutasi kapolda metro jaya, ini nama-namanya
                        
                    
                 ""karena kami itu hanya melaksanakan formalitasnya, membuktikan materilnya mahkamah agung. kita tunda hari selasa, tanggal 29 (oktober) sambil melengkapi yang belum lengkap,"" ujar hakim atjo. pantauan di lokasi, jessica dan penasihat hukumnya sudah berada di ruang sidang pn jakpus sekira pukul 10.16 wib. jessica tampak sudah bersiap untuk mengikuti persidangan.
            
                lihat juga: sidang pk jessica wongso, pembacaan memori kasasi
            (cip)",nasional
"cnn sebut jet tempur israel terobos langit iran, beda dengan klaim teheran","teheran - cnn, media yang berbasis di amerika serikat (as), melaporkan beberapa jet tempur  israel  memasuki langit atau wilayah udara  iran  dalam serangan udara hari sabtu.laporan itu berbeda dengan narasi teheran bahwa jet-jet tempur zionis menyerang dengan menggunakan wilayah udara irak yang dikendalikan amerika serikat (as), tanpa memasuki wilayah udara iran.laporan cnn muncul sehari setelah iran international melaporkan jet tempur siluman f-35 israel telah memasuki wilayah udara iran untuk pertama kalinya dan mengebom target di dekat teheran.
                
                    baca juga
                    
                        
                    
                        
                    
                        
                            militer iran: jet-jet tempur israel menyerang dari wilayah udara irak
                        
                    
                 laporan media amerika itu mengutip seorang mantan dan seorang pejabat israel saat ini. tidak disebutkan jenis jet tempur zionis yang menerobos wilayah udara iran.""sementara sekitar 100 jet terlibat dalam misi tersebut, hanya beberapa yang memasuki wilayah udara iran,"" tulis cnn dalam laporannya.beberapa jam setelah serangan udara israel, staf umum angkatan bersenjata iran mengatakan bahwa pesawat israel menggunakan wilayah udara irak yang dikendalikan oleh militer as untuk meluncurkan beberapa rudal jarak jauh yang diluncurkan dari udara.pernyataan militer iran menambahkan bahwa serangan zionis mengakibatkan ""kerusakan terbatas dan minimal"". ""berkat kinerja pertahanan udara negara yang tepat waktu,"" kata staf umum tersebut.""beberapa sistem radar rusak, beberapa di antaranya segera diperbaiki, sementara yang lain saat ini sedang diperbaiki,"" lanjut pernyataan tersebut.namun, citra satelit dari planet labs dan penyedia komersial lainnya, yang dianalisis oleh para ahli militer, mengungkapkan kerusakan parah pada situs-situs utama militer iran, yang menggarisbawahi dampak signifikan dari operasi israel.target serangan itu meliputi fasilitas produksi rudal, pabrik pencampuran bahan bakar rudal, dan situs-situs yang terkait dengan pengembangan senjata nuklir. 
            
                lihat juga: perbandingan kekuatan militer iran vs indonesia",internasional
"pertahanan udara iran berhasil cegat banyak rudal israel, kerusakan minimal","teheran - iran mengatakan israel menyerang fasilitas militer di seluruh negeri pada sabtu pagi (26/10/2024), menyebabkan ""kerusakan terbatas"" di beberapa daerah.pertahanan udara iran terbukti mampu mencegat banyak rudal yang diluncurkan israel.“israel menyerang bagian-bagian pusat militer di provinsi teheran, khuzestan, dan ilam,"" ungkap laporan kantor berita negara irna.irna menambahkan, ""serangan itu telah berhasil dicegat dan dilawan oleh sistem pertahanan udara terpadu iran.”“pejabat iran sebelumnya mengatakan pertahanan udara dikerahkan di beberapa daerah di sekitar teheran dan negara itu,"" papar laporan irna.kantor berita milik negara irna mengatakan, “pertahanan udara iran berhasil menembak jatuh target musuh di wilayah udara sekitar provinsi teheran.""rekaman yang dibagikan secara daring menangkap apa yang tampak sebagai intersepsi di atas ibu kota iran.seperti yang dilaporkan sebelumnya, juru bicara senior militer israel daniel hagari telah mengonfirmasi bahwa israel telah mengakhiri serangan balasannya terhadap iran.juru bicara militer israel asal arab, avichay adraee, telah memberikan rincian lebih lanjut tentang apa yang disebut sebagai operasi ""hari-hari perhitungan"".adraee menjelaskan, “semua pesawat kami kembali dengan selamat ke pangkalan mereka. pesawat angkatan udara, yang dipandu oleh intelijen, telah menyerang sarana produksi rudal yang diluncurkan oleh iran ke negara israel selama setahun terakhir, karena rudal-rudal ini merupakan ancaman langsung dan segera terhadap warga israel.”“sistem rudal permukaan-ke-udara iran dan kemampuan udara lainnya juga diserang, yang dimaksudkan untuk membatasi kebebasan udara israel di iran. serangan telah selesai dan tujuannya tercapai,” pungkas dia.
                
                    baca juga
                    
                        
                    
                        
                    
                        
                            israel serang iran, 7 ledakan terdengar di teheran dan sekitarnya
                        
                    
                 
            
                lihat juga: 3 alasan israel mengalami kekalahan perang di lebanon dan gaza
            (sya)",internasional
"profil letkol laut romi habe putra, ajudan presiden prabowo berpengalaman pimpin kapal perang","jakarta - profil letkol laut (p)  romi habe putra  dapat diketahui dari artikel berikut ini. abituren akademi angkatan laut (aal) 2002 itu salah satu perwira yang diajukan sebagai  ajudan presiden prabowo subianto .total ada empat perwira yang disodorkan menjadi ajudan presiden prabowo subianto. selain, romi habe putra dari tni al, ada pula kolonel inf wahyo yuniartoto dari tni ad, kolonel pnb anton pallaguna dari tni au, dan kombes pol ahrie sonta dari polri.""tni al telah menyeleksi sejumlah kandidat terbaiknya sejak september-oktober dari tingkat mabes tni angkatan laut kemudian setmilpres untuk ajudan presiden, kemudian dari rangkaian proses seleksi itu, kandidat yang terpilih dari tni al letkol laut (p) romi habe putra,"" kata kepala dinas penerangan angkatan laut (kadispenal) laksamana pertama tni i made wira hady, selasa (22/10/2024).
                
                    baca juga
                    
                        
                    
                        
                    
                        
                            profil kolonel pnb anton pallaguna, calon ajudan presiden prabowo subianto
                        
                    
                 profil letkol laut (p) romi habe putraromi habe putra telah menyiapkan diri masuk dunia militer sejak muda. prajurit kelahiran 1981 itu bersekolah di sma taruna nusantara di magelang, jawa tengah yang dikenal sebagai sekolah calon taruna. setelah tamat, romi melanjutkan pendidikan ke aal dan lulus pada 2002.selama berkarier di tni al, romi banyak memimpin kapal perang. ia pernah menjadi komandan kri sura-802 saat berpangkat mayor laut (p), komandan kri wiratno-379, dan komandan kri sultan hasanuddin-336. jabatan terakhir belum lama diserah-terimakan kepada letkol laut (p) agung maulana pada september lalu.atas kinerjanya memimpin kapal perang, romi pernah diganjar penghargaan dari kementerian kelautan dan perikanan (kkp) pada 2016 dalam pemberantasan illegal fishing. kri sura-802 menjadi terbanyak menangkap kapal ikan asing ilegal.karier yang diraih romi tak lepas dari semangatnya mengikuti beragam pendidikan pengembangan diri. antara lain mengikuti pendidikan spesialisasi perwira pelaut pada 2009, mengikuti pendidikan setingkat diklapa di internasional maritime officers course usa pada 2013, mengikuti dikmatra-2 pada 2015, dan australian command staff college pada 2018. romi juga mengikuti dikmatra-3 tni al angkatan 12 dengan predikat lulusan terbaik.
                
                    baca juga
                    
                        
                    
                        
                    
                        
                            5 fakta menarik ajudan prabowo yang baru, hanya yang berprestasi yang terpilih!
                        
                    
                 romi juga banyak mengikuti pendidikan pengembangan spesialis, antara lain qpr & maintenance nav equipt, operator/on board level maintenance dan operator interrogator trans. crs, prancis pada 2007. setahun kemudian ia mengikuti basic training, stcw table, helicopter landing officer & firefighting course, tacticos on board refresher training, tetral officer & operators training, dan exocet mm40 itl 70a b2 shipofficer di belanda.pada 2011, romi mengikuti kursus perwira peperangan pwo dengan predikat lulusan terbaik. lima tahun setelah itu, romi juga mengikuti maritime operations law course di australia.penugasan yang diemban romi tidak hanya di dalam negeri, tapi juga luar negeri. prajurit angkatan laut kelahiran bengkinang, riau itu pernah ditugaskan di belanda, jerman, dan prancis pada 2007 untuk tugas factory training korvet sigma. ia juga pernah bertugas di teluk aden somalia pada 2011 sebagai liaison officer ctf 151.pada 2014, romi bertugas di inggris sebagai cawak kapal mrlf. empat tahun setelahnya, romi tugas belajar sesko angkatan sekaligus s-2 di anu, australia pada 2018.
            
                lihat juga: jadi korban mafia tanah, guru besar ipb kirim surat keadilan ke presiden prabowo
            (abd)",nasional
prabowo minta data subsidi selesai dalam dua minggu,"jakarta -  presiden prabowo subianto  meminta jajaran menteri kabinet merah putih menyinkronkan data-data  subsidi  untuk masyarakat dalam dua pekan ke depan. hal itu penting dilakukan agar data subsidi tepat sasaran.""sekarang lagi mempertajam data-data supaya masyarakat yang menerima tepat. tak ada lagi subsidi yang tak tepat sasaran seperti itu. tepat sasaran subsidinya ke orang. masih dikaji, perintahnya dua minggu diselesaikan,"" kata kepala kantor komunikasi kepresidenan hasan nasbi di kompleks istana kepresidenan, jakarta, rabu (30/10/2024).hasan mengatakan, pemerintah saat ini akan menyinkronkan data-data penerima subsidi termasuk dari data terpadu kesejahteraan sosial (dtks) hingga data dari bappenas. ia menegaskan pemberian subsidi nantinya akan sesuai dengan by name by address yang datanya sinkronisasi di bawah koordinasi badan pusat statistik (bps).
                
                    baca juga
                    
                        
                    
                        
                    
                        
                            prabowo perintahkan subsidi bbm langsung diberikan ke masyarakat
                        
                    
                 ""sudah ditunjuk tadi data disiapkan bps. seluruh kementerian terlibat dan leading sektor bps,"" katanya.hasan mengatakan sinkronisasi data ini untuk tindak lanjut kebijakan subsidi energi, di antaranya listrik, bbm, hingga gas.""ini soal kebijakan (subsidi) energi. segala macam. subsidi itu nanti akan diberikan supaya lebih tepat sasaran bagi masyarakat yang membutuhkan,"" katanya.
            
                lihat juga: baleg dpr usul prolegnas disesuaikan dengan asta cita prabowo
            (abd)",nasional
militer iran ungkap serangan israel targetkan pangkalan di 3 provinsi,"teheran - militer iran mengonfirmasi serangan israel terhadap negara tersebut menargetkan pangkalan militer di provinsi ilam, khuzestan, dan teheran, yang menyebabkan ""kerusakan terbatas.""pernyataan dari angkatan bersenjata iran dibacakan di televisi pemerintah, yang tidak menunjukkan gambar dari lokasi serangan.militer iran mengklaim pertahanan udaranya membatasi kerusakan yang ditimbulkan oleh serangan israel.juru bicara militer israel daniel hagari telah mengonfirmasi serangan balasan israel terhadap iran telah selesai.""kami melakukan serangan yang terarah dan tepat terhadap target militer di iran dan menggagalkan ancaman langsung terhadap negara israel,"" ujar dia.hagari memperingatkan pemerintah iran bahwa israel siap menyerang target lebih lanjut di negara tersebut jika diperlukan.""kami akan tahu cara memilih target tambahan... dan menyerang mereka jika diperlukan. ini adalah pesan yang jelas, siapa pun yang mengancam israel, akan membayar harga yang mahal,"" tegas dia.militer israel telah melancarkan serangan terhadap iran, menghantam sekitar 20 lokasi selama beberapa jam sebagai respons atas serangan rudal republik islam itu pada 1 oktober terhadap israel. juru bicara militer israel mengatakan serangan yang kini telah selesai, yang dia namakan sebagai operasi ""hari-hari pembalasan"", dengan menyerang ""sarana produksi rudal"" iran, serta sistem rudal permukaan-ke-udara dan kemampuan pertahanan udara lainnya. israel telah memperingatkan iran agar tidak membalas, dengan mengatakan mereka akan ""diwajibkan untuk membalas"" lagi.
            
                lihat juga: ada rusia di balik iran sukses ladeni serangan israel",internasional
wamentan sudaryono dorong sumber protein alternatif untuk makan bergizi gratis,"jakarta - pemerintah indonesia mempersiapkan program makan bergizi gratis (mbg) yang dijadwalkan mulai januari 2025. wakil menteri pertanian (wamentan), sudaryono mengusulkan agar pemenuhan protein untuk program ini tidak hanya bergantung pada susu, melainkan juga pada sumber protein lain.wamentan sudaryono atau yang akrab disapa mas dar ini menyatakan bahwa produksi susu nasional saat ini tengah digenjot guna memenuhi kebutuhan program makan bergizi gratis. ia pun menyarankan, agar badan gizi melakukan substitusi sumber protein alternatif.""produksi susu kita belum mencukupi. kita tidak ingin membebani negara dengan impor susu. sebaiknya, badan gizi mempertimbangkan sumber protein alternatif,"" kata wamentan dalam rapat koordinasi bersama badan usaha milik negara (bumn) pangan, di kantor pusat kementerian pertanian, jakarta, selasa (29/10/2024).wamentan sudaryono menjelaskan, ayam dan telur merupakan contoh sumber protein yang sudah tersedia dengan cukup, bahkan untuk ekspor. ia menekankan pentingnya manfaat ekonomi bagi petani dan peternak dalam program makan bergizi. wamentan sudaryono menyebutkan, makan bergizi tidak hanya berarti minum susu, tapi juga memenuhi kebutuhan protein dari berbagai sumber.“ayam dan telur kita sudah swasembada, kita sudah cukup. atau bisa juga dengan sumber protein lainnya. makan bergizi itu kan bukan hanya berarti minum susu, artinya makan dengan jumlah protein yang cukup. dan kita ingin betul-betul makan bergizi ini secara ekonomi bermanfaat juga bagi petani padi, petani sayur, termasuk peternak,” ujarnya.wamentan sudaryono juga menambahkan, adanya beberapa sentra susu di indonesia, seperti banyumas dan boyolali, yang dapat menyuplai kebutuhan lokal. “pemerintah membuka ruang kepada perusahaan dalam dan luar negeri untuk mendatangkan sapi hidup dan membangun industri sapi. kita lagi kawal dan akan kita beri asistensi,” ucapnya.sebelumnya, menteri pertanian andi amran sulaiman menegaskan, kementan berkomitmen kuat untuk menyukseskan cita-cita swasembada pangan dan makan bergizi gratis yang digagas oleh presiden prabowo subianto. untuk itu, ada dua strategi yang disiapkan yaitu peningkatan produksi susu dan daging, serta program pekarangan pangan bergizi.“program kita ke depan adalah membagikan benih dan bibit unggul. jadi di pekarangan bisa tanam sayur-sayuran, umbi-umbian, ternak ayam, bebek, lele. jangan hanya melihat makanan bergizinya, tetapi ekonomi perdesaan dapat tumbuh,” tutur menteri pertanian (mentan) andi amran sulaiman pada kamis (24/10/2024) lalu.
            
                lihat juga: pgn siap ambil peran dalam gotong royong bangun jargas nasional untuk kurangi subsidi energi
            (ars)",nasional
survei indikator sebut kejagung lembaga penegak hukum paling dipercaya publik,"jakarta - kejaksaan agung ( kejagung ) di bawah kepemimpinan jaksa agung st burhanuddin masih menjadi lembaga penegak hukum paling dipercaya publik. hal tersebut terpotret dari survei yang dilakukan indikator politik indonesia.kejagung berada di urutan ketiga setelah institusi presiden dan tni. kepercayaan publik terhadap kejagung mencapai 75%, paling tinggi dibanding lembaga penegak hukum lainnya.""kalau kita cek, tni masih paling tinggi yang dipercaya (96%), disusul institusi presiden sekitar 86%, kemudian kejaksaan agung 75%,"" ujar direktur eksekutif indikator politik indonesia, burhanuddin muhtadi saat merilis hasil survei keyakinan dan ekspektasi publik terhadap pemerintahan prabowo-gibran secara daring, minggu (27/10/2024).
                
                    baca juga
                    
                        
                    
                        
                    
                        
                            3 hakim yang vonis bebas ronald tannur ditangkap kejagung
                        
                    
                 di bawah kejagung, ada pengadilan dengan tingkat kepercayaan publik sekitar 73%, polri 69%, mahkamah konstitus (mk) 68% dan komisi pemberantasan korupsi (kpk) 65%.sementara itu, menteri perumahan maruarar sirait mengapresiasi capaian kejagung sebagai lembaga penegak hukum paling dipercaya publik. maruarar menyebut jaksa agung st burhanuddin pernah menyatakan soal komitmennya dalam pemberantasan korupsi.
                
                    baca juga
                    
                        
                    
                        
                    
                        
                            kejagung sidik 405 kasus korupsi, total kerugian rp39 triliun
                        
                    
                 ""jaksa agung itu bagus, bilang kalau memberantas korupsi harus dari kepalanya. orang nomor satunya. saya pikir kalau seorang jaksa agung bisa ngomong begitu, kita para menteri juga harus bisa memberi contoh itu,"" kata politikus partai gerindra yang juga hadir dalam rilis survei.survei indikator politik indonesia dilakukan pada periode 10-15 oktober 2024. populasi survei seluruh warga negara indonesia di survei nasional yang punya hak pilih dalam pemilihan umum, yakni mereka yang sudah berumur 17 tahun atau lebih, atau sudah menikah ketika survei dilakukan.penarikan sampel menggunakan metode multistage random sampling dengan jumlah sampel 1.200 orang. dengan asumsi metode simple random sampling, ukuran sampel 1.200 responden memiliki toleransi kesalahan (margin of error--moe) sekitar ±2.9% pada tingkat kepercayaan 95 persen. sampel berasal dari seluruh provinsi di indonesia yang terdistribusi secara proporsional. responden terpilih diwawancarai lewat tatap muka oleh pewawancara yang telah dilatih. quality control terhadap hasil wawancara dilakukan secara random sebesar 20% dari total sampel oleh supervisor dengan kembali mendatangi responden terpilih (spot check). dalam quality control tidak ditemukan kesalahan berarti.
            
                lihat juga: tom lembong tersangka korupsi impor gula, cak imin: saya turut sedih
            (cip)",nasional
launching dan bedah buku dinasti keong demokrasi mati,"jakarta - buku dinasti keong demokrasi mati resmi diluncurkan di jakarta, senin (28/10/2024). launching buku yang ditulis tiga senior politik yaitu fi titik wijayanti, amos apri dawan, dan purwandono ini diramaikan puluhan relawan politik.dalam sambutannya, penulis buku fi titik wijayanti menyampaikan demo besar di mahkamah kontitusi (mk) menjadi momen dirinya merenung menulis buku ini. dari momen itulah wacana dinasti muncul dan menjadi inspirasi penulisan tentang dinasti keong.sedangkan purwandono menjelaskan konteks refleksi terhadap masa lalu dan potensi keterulangan tragedi kemanusiaan yang pernah terjadi di negeri ini. dia menjelaskan dari konteks 98, yang menghasilkan sistem yang walaupun belum sempurna tapi terbukti menghasilkan beberapa figur pemimpin. refleksi dari peristiwa 98, munculnya upaya mengaburkan sejarah tentang 98, dan kemunduran demokrasi menjadi pemicu penulisan buku ini. ”dengan keterlibatan kekuasaan mengubah aturan untuk kepentingan kekuasaan kroni, oligarki, dan keluarganya merupakan pemicu penulisan buku ini untuk kembali mengajak semua elemen gerakan untuk mengembalikan demokrasi di singgasana sebagai dasar berpolitik bangsa ini,” ujarnya.pengamat politik ikrar nusa bakti memberikan pandangan tentang pasang surut demokrasi dalam perjalanan bangsa ini pascakemerdekaan. menurutnya, apa yang terjadi saat ini terjadi di luar prediksi dan banyak pihak yang terkaget-kaget dengan apa yang kemudian dilakukan rezim yang berkuasa saat itu.beliau juga menuturkan keberhasilan gerakan 98 yang didukung keberadaan televisi swasta yang menyiarkan demo dan aksi massa yang dilakukan elemen-elemen gerakaa di banyak tempat. “dan dukungan dari faksi di dalam tubuh tentara yang didominasi oleh angkatan awal 70-an akmil,” terangnya.ikrar juga memberi harapan dan keberatan jika demokrasi mati. dia tidak mengira demokrasi indonesia dihancurkan pemimpin sipil.
            
                lihat juga: mewaspadai pembunuh budaya di jemari kita
            (poe)",nasional
mengapa israel tak takut pada iran? ini analisanya,"jakarta -  israel  dan  iran  telah dua kali saling serang rudal, dan keduanya kini di ambang perang besar-besaran.meskipun sering menganggap iran sebagai ancaman bagi ekistensi israel, ada beberapa alasan mengapa rezim zionis tidak terlalu takut pada teheran.analisa mengapa israel tak takut pada iran1. faktor kekuatan militer israelsalah satu alasan utama mengapa israel tidak takut pada iran adalah kekuatan militernya. israel memiliki salah satu angkatan bersenjata paling canggih di dunia, yang didukung oleh teknologi tinggi dan peralatan militer modern, termasuk sistem pertahanan rudal berlapis dari iron dome, arrow, sistem laser, hingga david's sling.
                
                    baca juga
                    
                        
                    
                        
                    
                        
                            cnn sebut jet tempur israel terobos langit iran, beda dengan klaim teheran
                        
                    
                 kekuatan iran memang unggul di atas kertas, seperti paparan data global firepower 2024 yang menempatkan kekuatan militer iran berada di urutan 14 dari 145 negara di dunia, sedangkan israel nomor 17 dari 145 negara.namun, fakta di lapangan bisa menjadi kebalikannya. israel menjadi satu-satunya negara di timur tengah yang mengoperasikan jet tempur siluman f-35 dalam perang. rezim zionis juga diyakini para pakar militer memiliki senjata nuklir, meski israel tidak mengakui maupun menyangkalnya.sedangkan militer iran berjuang sangat keras di tengah sanksi barat selama bertahun-tahun. di luar sistem persenjataan buatan dalam negeri, perangkat keras militer iran kebanyakan sudah tua dan rentan karena sanksi barat tidak memungkikannya melakukan peremajaan atau upgrade.2. israel disokong as dan sekutunyaisrael memiliki dukungan kuat dari amerika serikat (as), yang merupakan sekutu strategis utama dan bahkan sekutu abadi. beberapa negara utama nato, seperti inggris, jerman, dan prancis juga kerap mendukung militer zionis. bantuan militer as kepada israel, yang mencapai miliaran dolar setiap tahun, memberikan israel akses kepada teknologi militer canggih. 
            
                lihat juga: afsel sodorkan dokumen 750 halaman bukti genosida israel di gaza",internasional
"israel serang iran, 7 ledakan terdengar di teheran dan sekitarnya","teheran - seorang warga teheran mengatakan kepada kantor berita the associated press bahwa sekitar tujuh ledakan terdengar di sekitar ibu kota iran, yang mengguncang daerah sekitarnya.ledakan dilaporkan terdengar di seluruh teheran dan kota terdekat karaj pada sabtu pagi dini hari (26/10/2024), menurut media iran, yang diduga sebagai awal dari serangan balasan israel terhadap iran.menteri pertahanan (menhan) israel yoav gallant mengarahkan serangan dari kompleks aman di markas besar idf di tel aviv, menurut media israel.pejabat israel mengonfirmasi kepada radio angkatan darat bahwa israel telah mulai menyerang target di seluruh iran.""idf saat ini menyerang target tertentu di iran,"" ujar juru bicara idf daniel hagari. ""ini sebagai tanggapan atas serangan terus-menerus oleh rezim iran terhadap negara israel.”""idf sepenuhnya siap dalam serangan dan pertahanan. kami mengikuti perkembangan dari iran dan proksinya di kawasan tersebut,"" papar dia. tidak ada perubahan dalam perintah komando front dalam negeri israel yang diumumkan.laporan ledakan di bandara internasional imam khomeini di ibu kota iran juga diterima.media arab melaporkan israel menyerang lokasi markas besar korps garda revolusi islam di iran.kantor berita tasnim mengatakan, ""sejauh ini tidak ada laporan tentang suara roket atau pesawat terbang di langit teheran.""
            
                lihat juga: 3 alasan israel mengalami kekalahan perang di lebanon dan gaza",internasional
"perang melawan israel memanas, iran akan naikkan anggaran militer hingga 200%","teheran - iran berencana melipatgandakan anggaran militernya, menurut seorang juru bicara pemerintah, karena ketegangan dengan israel meningkat di tengah genosida militer israel di gaza dan lebanon.“peningkatan anggaran pertahanan yang direncanakan merupakan bagian dari proposal yang diajukan oleh pemerintah kepada parlemen untuk disetujui,” ungkap fatemeh mohajerani, juru bicara pemerintah, pada hari selasa (29/10/2024).“peningkatan yang cukup besar yang jumlahnya mencapai 200% telah disaksikan dalam anggaran pertahanan negara,” ujar mohajerani, tanpa memberikan rincian lebih lanjut.anggaran yang diusulkan akan dibahas, dengan anggota parlemen diharapkan untuk menyelesaikannya pada bulan maret 2025.pengeluaran militer iran pada tahun 2023 adalah sekitar usd10,3 miliar, menurut lembaga pemikir stockholm international peace research institute (sipri).“sebagai perbandingan, israel menghabiskan usd27,5 miliar untuk militer pada tahun 2023,” papar sipri.council on foreign relations, lembaga pemikir yang berkantor pusat di washington, dc, mengatakan amerika serikat memberikan usd12,5 miliar bantuan militer kepada israel dari 7 oktober 2023 hingga april 2024.pada tahun 2022, pengeluaran iran untuk militernya adalah usd6,85 miliar, menurut data terbaru yang diterbitkan bank dunia.pada hari sabtu, militer israel melancarkan serangan terhadap pangkalan militer di iran, menghantam sekitar 20 lokasi selama beberapa jam di ilam, khuzestan, dan teheran, menewaskan empat tentara.melaporkan dari teheran, resul serdar dari al jazeera mengatakan ""rasa urgensi"" telah meningkat di iran setelah serangan ""di wilayahnya sendiri untuk pertama kalinya sejak perang iran-irak pada 1980-an"".
            
                lihat juga: 3 sekutu zionis ini kutuk langkah israel larang unrwa",internasional
5 pekerjaan rumah presiden prabowo jaga kedaulatan bangsa,"jakarta   - ketua umum dewan pimpinan nasional asosiasi petani tembakau indonesia (dpn apti) agus parmuji menaruh harapan besar kepada presiden ke-8 indonesia prabowo subianto untuk melindungi jutaan petani tembakau di tanah air dari ancaman global dan berbagai regulasi. agus parmuji mengungkapkan, saat ini industri hasil tembakau legal telah diawasi dan diatur dengan lebih dari 480 peraturan yang ketat, baik sisi fiskal maupun nonfiskal yang meliputi peraturan daerah, peraturan bupati/wali kota/gubernur, sampai kementerian dan perundang-undangan. belum lagi terbitnya pp 28 tahun 2024 dan rancangan peraturan menteri kesehatan (rpmk) tentang pengamanan produk tembakau dan rokok elektronik yang menuai penolakan dari banyak kalangan, termasuk penolakan dari ekosistem pertembakauan.
                
                    baca juga
                    
                        
                    
                        
                    
                        
                            ancam keberlangsungan petani tembakau, bungkus rokok polos tanpa merek banjir penolakan
                        
                    
                 “padatnya regulasi aturan yang dibebankan iht legal nasional tersebut, akan berdampak pula bagi kelangsungan hidup jutaan petani tembakau yang selama ini bergantung pada pabrikan rokok,"" ujar agus parmuji dihubungi di jakarta, selasa (29/10/2024).agus parmuji menegaskan, demi melindungi jutaan petani tembakau yang selama ini sebagai soko guru ekonomi bangsa, dpn apti menitipkan 5 pr besar pada presiden prabowo subianto. pertama, pemerintah indonesia tidak perlu mengaksesi framework convention on tobacco control (fctc). mengingat posisi indonesia seperti halnya beberapa negara lain di dunia yang mata pencaharian masyarakatnya banyak yang bergantung dari sektor pertembakauan. 
                
                    baca juga
                    
                        
                    
                        
                    
                        
                            41 perwira polisi berpangkat kompol dimutasi kapolda metro jaya, ini nama-namanya
                        
                    
                 menurutnya, kerangka fctc jika diterapkan di indonesia akan mematikan tenaga kerja, petani, buruh, yang juga bakal menekan pertumbuhan ekonomi nasional. hal itu, justru bertolak belakang dengan visi misi asta cita yang ingin menyerap jutaan tenaga kerja demi meningkatkan pertumbuhan ekonomi indonesia.pihaknya juga mendukung visi presiden prabowo yang akan menjalankan kepemimpinan negara dan bangsa dengan tulus, dengan mengutamakan kepentingan seluruh rakyat indonesia.""kami berharap presiden prabowo tidak meratifikasi fctc. suara rakyat wajib didengar oleh pemerintah indonesia, utamanya mereka yang hajat hidupnya bergantung pada industri hasil tembakau,"" tegasnya. 
            
                lihat juga: kowani harap pemerintahan prabowo-gibran berpihak pada perempuan dan anak",nasional
"malam ini abraham silaban di ab+ bersama presiden prabowo, maung garuda perkasa, hanya di inews","jakarta - maung garuda atau mv3 garuda limousine menjadi pusat perhatian pada pelantikan presiden ke-8 ri pada 20 oktober lalu. kendaraan ini menjadi bukti bahwa dengan kerja keras dan dukungan penuh dari pemerintah, bangsa ini dapat menciptakan produk yang tidak hanya memenuhi kebutuhan nasional, tetapi juga menjadi kebanggaan di mata dunia.dalam episode terbaru ab+ bersama abraham silaban malam ini akan membahas secara mendalam mengenai kendaraan yang lahir dari karya anak bangsa yang dikembangkan untuk mengakomodasi kepresidenan dan pejabat tinggi negara dengan prioritas pada keamanan serta kenyamanan. diproduksi oleh pt pindad, maung garuda hadir dengan desain sangar yang mencerminkan karakter tangguh khas kendaraan militer. kendaraan ini berwarna putih dengan tampilan eksklusif dan maskulin yang memiliki proteksi tinggi serta memberikan kenyamanan dengan material berkualitas serta fitur-fitur mutakhir. 
                
                    baca juga
                    
                        
                    
                        
                    
                        
                            maung garuda hewan misterius simbol kekuatan indonesia
                        
                    
                 dengan bobot 2,95 ton, dimensi panjang sekitar 5,05 m, lebar 2,06 m, tinggi 1,87 m serta desain long wheelbase yang nyaman dan lega. kendaraan ini memiliki daya mesin 202 ps/199 hp, transmisi at dengan 8 percepatan, dan memiliki kecepatan maksimum 100 km/jam. selain itu, performanya yang kuat memungkinkan kendaraan ini melibas berbagai medan, sesuai kebutuhan mobilitas tinggi seorang kepala negaratampilan perdana maung garuda di pelantikan presiden berhasil menarik perhatian publik dan menjadi perbincangan di berbagai media sosial. netizen memberikan berbagai komentar positif, mulai dari rasa bangga terhadap kendaraan buatan dalam negeri hingga antusiasme terhadap inovasi industri otomotif indonesia. bagi sebagian besar masyarakat, mv3 garuda limousine ini menjadi bukti bahwa indonesia mampu mengembangkan kendaraan berkelas tinggi yang memenuhi standar kepresidenan tanpa bergantung pada produk luar negeri. nah, penasaran bagaimana gagahnya kendaraan milik presiden ke-8 ri ini?saksikan selengkapnya, liputan mendalam abraham silaban di ab+ ""bersama presiden prabowo, maung garuda perkasa"" menggali informasi dengan cerdas dan mendalam serta mengungkap dan mendengarkan fakta-fakta langsung dari narasumber tepercaya. malam ini pukul 20.00 wib, hanya di inews.
            
                lihat juga: prabowo ke luar negeri, indonesia dipimpin gibran selama dua minggu
            (zik)",nasional
"terima penghargaan, angkie yudistia: kita kawal inklusivitas demi kesejahteraan masyarakat","jakarta - staf khusus presiden ri periode 2019-2024  angkie yudistia  menerima penghargaan youth humanitarian award dengan kategori individu dari human initiative. dalam sambutannya, angkie menyampaikan terkait generasi muda saat ini yang perlu menggelorakan semangat untuk memiliki usaha.""generasi muda mampu berkembang menjadi wirausaha sosial, agar dapat berdampak lebih luas terhadap masyarakat yang membutuhkan khususnya kelompok rentan,"" kata angkie di hotel bidakara jakarta, selasa (29/10/2024). usai menerima penghargaan, bendahara umum partai perindo itu mengucapkan terima kasih kepada seluruh teman-teman disabilitas. ia juga menyampaikan motivasi luar biasa bagi seluruh penyandang disabilitas agar terus bersemangat dan bisa terus mengejar mimpi.
                
                    baca juga
                    
                        
                    
                        
                    
                        
                            bendum perindo angkie yudistia terima penghargaan youth humanitarian award
                        
                    
                 ""saya sangat berterima kasih mewakili seluruh penyandang disabilitas yang berjumlah 22,9 juta jiwa. sebagai seorang perempuan kami membuktikan bahwa di balik keterbatasan, kita mampu membuktikan kelebihan-kelebihan yang kita miliki. karena saya percaya, no one left behind - tidak boleh ada yang tertinggal di belakang,"" ujarnya.ia juga memotivasi agar seluruh teman disabilitas tetap bersemangat dalam menjalani kehidupan sehari-hari. ia juga berharap agar kedepan inklusifitas dapat terwujud sehingga tidak adalagi sekat-sekat dalam kehidupan sosial.""untuk itu, sama-sama kita semua mengawal inklusifitas demi kesejahteraan seluruh lapisan masyarakat. sesuai dengan bunyi sila ke-2 dalam pancasila yaitu 'kemanusiaan yang adil dan beradab'. kita harus bisa mengedepankan hal itu. serta bunyi sila kelima dalam pancasila adalah 'keadilan sosial bagi seluruh rakyat indonesia'. sebagai masyarakat, semua layak mendapatkan keadilan, tanpa ada perbedaan apapun bagi mereka,"" ucapnya.sebelumnya, di tahun ini angkie juga telah mendapatkan penghargaan lainnya, yakni pada acara r.a kartini award 2024 nominasi turned disability into strength dalam ra kartini award 2024. kemudian, penghargaan tanda kehormatan satyalancana wira karya pada agustus 2024. selanjutnya, penghargaan youth humanitarian award dengan kategori individu dari human initiative ini merupakan penghargaan ke-22 yang diterima oleh angkie yudistia.
            
                lihat juga: bank jatim sabet platinum award-best issuer bank (atm) di ajang prima awards 2024
            (rca)",nasional
"deputi kpk pahala nainggolan tiba di polda metro, diperiksa terkait kasus alex marwata","jakarta - deputi pencegahan dan monitoring komisi pemberantasan korupsi (kpk)  pahala nainggolan  tiba di  polda metro jaya , senin (28/10/2024). pahala akan menjalani pemeriksaan terkait kasus pertemuan wakil ketua kpk alex marwata dan eks kepala bea cukai yogyakarta, eko darmanto.pahala tiba di gedung ditreskrimsus polda metro jaya sekitar pukul 09.22 wib. ia tampak menggunakan kemeja berwarna putih. ""yang disiapkan jiwa dan raga, nanti deh saya cerita semuanya,"" kata pahala kepada awak media, senin (28/10/2024).terpisah, dirkrimsus polda metro jaya kombes pol ade safri simanjuntak menyebutkan pemanggilan deputi pencegahan dan monitoring komisi pemberantasan korupsi (kpk) pahala nainggolan masih sesuai jadwal.""masih sesuai jadwal, beliau diklarifikasi bersama satu orang pegawai kpk lainnya di ruang riksa lantai 1 ditreskrimsus polda metro jaya, "" katanya.namun saat ditanya terkait identitas satu orang pegawai kpk tersebut, ade safri belum bisa membeberkan siapa pegawai kpk yang dimaksud. ""sementara itu dulu, "" ucapnya.untuk diketahui, polisi membenarkan wakil ketua kpk alexander marwata dilaporkan perihal pertemuan dengan eks kepala bea cukai yogyakarta, eko darmanto. laporannya yakni aduan masyarakat atau dumas tanggal 23 maret 2024.""berupa hubungan langsung atau tidak langsung yang dilakukan oleh oknum pimpinan kpk (alexander marwata), dengan tersangka atau pihak lain yang ada hubungan dengan perkara tindak pidana korupsi,"" kata dirkrimsus polda metro jaya kombes pol ade safri simanjuntak.
            
                lihat juga: kasus dugaan korupsi abdul ghani kasuba, kpk periksa pengurus yayasan alkhairaat malut
            (abd)",nasional
anggota negosiator kesepakatan sandera israel mengundurkan diri,"tel aviv - seorang anggota senior tim perunding gencatan senjata dan penyanderaan israel telah mengumumkan pengunduran dirinya. dalam pengumumannya, brigadir jenderal oren setter mengatakan negosiasi untuk mencapai kesepakatan pembebasan tahanan dan gencatan senjata di jalur gaza terhenti setelah lebih dari setahun perang genosida israel.otoritas penyiaran resmi mengatakan pada senin (28/10/2024) bahwa setter, yang merupakan wakil mayor jenderal nitzan alon, pejabat yang bernegosiasi atas nama militer israel, membuat pengumumannya tanpa peringatan. ""setter sangat terlibat dalam merumuskan rencana gencatan senjata dan pembebasan tahanan israel yang ditangkap di gaza yang diadopsi oleh presiden biden dan dewan keamanan pbb,"" ungkap badan penyiar tersebut. diduga setter mengumumkan pengunduran dirinya karena kebuntuan dalam pembicaraan.“pada senin sore, kepala mossad (agen mata-mata, david barnea) kembali dari doha, dan dapat dikatakan jika ada kemungkinan terobosan, kita tidak akan menyaksikan pengunduran diri yang dramatis ini,” ujar badan penyiar itu.mengomentari pengunduran diri pejabat senior dari tim negosiasi, juru bicara militer israel daniel hagari mengatakan, “sebagai bagian dari tim, setter bekerja tanpa lelah untuk memperkuat upaya pengembalian yang ditangkap. dia akan kembali untuk membantu tim di masa mendatang, sesuai kebutuhan.”pada senin, rezim kolonial israel mengumumkan barnea telah kembali dari doha di mana dia membahas “rencana baru yang juga mencakup proposal sebelumnya” untuk mencapai kesepakatan dengan hamas untuk pertukaran tahanan, menurut kantor perdana menteri israel benjamin netanyahu. barnea mengadakan pembicaraan dengan perdana menteri qatar mohammed bin abdulrahman al-thani dan kepala badan intelijen pusat as william burns selama kunjungan dua hari.para pihak membahas rencana terpadu baru untuk kesepakatan pertukaran tahanan yang menggabungkan proposal sebelumnya dan juga mempertimbangkan isu-isu utama dan perkembangan terkini di kawasan tersebut, menurut pernyataan resmi tersebut.meskipun ada upaya mediasi qatar dan mesir yang telah berlangsung selama berbulan-bulan, dan pengajuan satu demi satu proposal kesepakatan untuk mengakhiri perang di gaza dan pertukaran tahanan, netanyahu terus menetapkan persyaratan baru yang menghalangi kesepakatan apa pun yang disepakati.
                
                    baca juga
                    
                        
                    
                        
                    
                        
                            hizbullah tunjuk naim qassem sebagai pemimpin baru
                        
                    
                 
            
                lihat juga: hizbullah klaim tewaskan lebih dari 70 tentara israel
            (sya)",internasional
