Judul,Isi Berita,Tanggal Berita,Kategori
Kejagung Beberkan Peran Tom Lembong di Kasus Impor Gula,"JAKARTA - Kejaksaan Agung (Kejagung) menetapkan Menteri Perdagangan periode 2015-2016 Thomas Trikasih Lembong (TTL) alias  Tom Lembong  sebagai tersangka kasus dugaan korupsi impor gula. Kejagung menilai, Tom Lembong menyalahi aturan berupa pemberian izin kepada pihak swasta untuk melakukan impor gula. Awalnya, Kejagung menyebutkan pada Mei 2015 Indonesia mengalami surplus gula. Dengan demikian, tidak diperlukan melakukan impor gula. ""Akan tetapi pada tahun yang sama yaitu 2015 tersebut Menteri Perdagangan yaitu saudara TTL memberikan persetujuan impor gula kristal mentah sebanyak 105 ribu ton kepada PT AP yang kemudian gula kristal mentah tersebut diolah menjadi gula kristal putih (GKP),"" kata Direktur Penyidikan Jampidsus Kejagung Abdul Qohar saat konferensi pers, Selasa (29/10/2024). Kejagung menilai tindakan TTL tersebut menyalahi Keputusan Menteri Perdagangan dan Perindustrian Nomor 527 Tahun 2004. Dalam keputusan tersebut, tertulis bahwa yang diperbolehkan melakukan impor gula hanya BUMN. 
                
                    Baca Juga
                    
                        
                    
                        
                    
                        
                            Breaking News! Tom Lembong Tersangka Kasus Impor Gula
                        
                    
                 ""Berdasarkan persetujuan impor yang telah dikeluarkan oleh tersangka TTL, impor gula tersebut dilakukan oleh PT AP dan impor gula kristal mentah tersebut tidak melalui rapat koordinasi dengan instansi terkait serta tanpa adanya rekomendasi dari kementerian perindustrian guna mengetahui kebutuhan riil gula di dalam negeri,"" ujarnya. Sebelumnya, Tim Penyidik Jaksa Agung Muda Tindak Pidana Khusus (Jampidsus) Kejaksaan Agung (Kejagung) RI menetapkan Menteri Perdagangan (Mendag) 2015-2016, TTL alias Thomas Trikasih Lembong dan Direktur Pengembangan Bisnis PT Perusahaan Perdagangan Indonesia (PPI) berinisial CS. 
                
                    Baca Juga
                    
                        
                    
                        
                    
                        
                            Senyum Tom Lembong Pakai Rompi Tahanan Kejagung
                        
                    
                 Hal itu disampaikan langsung Direktur Penyidik Jampidsus Kejagung RI Abdul Qohar pada Selasa (29/10/2024) malam. ""Penyidik Jaksa Agung Muda Tindak Pidana Khusus Kejaksaan Agung RI menetapkan status saksi terhadap dua orang menjadi tersangka karena telah memenuhi alat bukti bahwa yang bersangkutan telah melakukan tindak pidana korupsi,"" kata Abdul Qohar.""Adapun kedua tersangka tersebut adalah satu TTL selaku Menteri Perdagangan periode 2015-2016 berdasarkan surat penetapan tersangka Nomor TAP-60/F:/FD:/10/2024 tanggal 29 Oktober 2024. Kedua tersangka atas nama DS selaku Direktur Pengembangan Bisnis PT PPI 2015-2016 berdasarkan surat penetapan tersangka Nomor TAP-60/F:/FD:/10/2024 tanggal 29 Oktober 2024,"" jelasnya.
            
                Lihat Juga: Lembong Terjerat Hukum karena Berikan Perizinan Impor saat Surplus Gula
            (rca)","Selasa, 29 Oktober 2024 - 22:02 WIB",nasional
"Prabowo Larang Menteri Pakai Mobil Impor, Mobil Dinas Harus Maung","JAKARTA - Presiden  Prabowo Subianto  meminta semua anggota Kabinet Merah Putih tidak menggunakan mobil impor, dan memilih mobil buatan dalam negeri. Awalnya, Prabowo mengungkapkan bahwa dia ingin menggunakan kendaraan Maung sebagai kendaraan resmi kenegaraannya.Sebab dia bangga bisa menggunakan produksi mobil dalam negeri. ""Kehormatan bangsa, kebanggaan, sebaiknya kita bisa pakai produk kita sendiri,"" kata Prabowo dalam keterangan resmi yang dibagikan pada Senin (28/10/2024).Prabowo, mengatakan ia telah merencanakan tidak hanya presiden saja yang bisa menggunakan Maung Garuda, melainkan juga Menteri/Wakil Menteri, Gubernur/Wali Kota agar sebagai bentuk kehormatan dan kebanggaan atas produksi bangsa sendiri.
                
                    Baca Juga
                    
                        
                    
                        
                    
                        
                            Malam Ini Abraham Silaban di AB+ BERSAMA PRESIDEN PRABOWO, MAUNG GARUDA PERKASA, Hanya di iNews
                        
                    
                 ""Jadi saya sudah merencanakan kemungkinan besar nanti semua menteri, semua wakil menteri, dirjen, pejabat mungkin tingkat gubernur bupati walikota sebaiknya menggunakan kendaraan buatan bangsa Indonesia sendiri,"" katanya.Seperti diketahui, kendaraan Maung Garuda produksi PT Pindad Bandung, Jawa Barat ini telah beberapa kali digunakan Prabowo dalam berbagai kesempatan acara kenegaraan pascaresmi dilantik sebagai Presiden RI.Prabowo berangkat dari kediaman menuju Gedung MPR/DPR RI iring-iringan dengan mobil Maung Garuda jenis MV3 dengan total delapan mobil dan senada semua berwarna putih.Kemudian, ketika Prabowo mengantarkan kepulangan Presiden ke-7 RI Jokowi menuju Lanud Halim Perdanakusuma untuk kembali ke Solo juga menggunakan kendaraan yang sama.Pada saat menghadiri Retreat Kabinet Merah Putih, Prabowo juga gunakan kendaraan Maung Garuda itu untuk menyapa warga Magelang di sepanjang jalan Akademi Militer, Magelang, Jawa Tengah.
            
                Lihat Juga: Prabowo Diminta Merangkul Orang-orang Optimistis, Bukan Pesimistis","Senin, 28 Oktober 2024 - 17:54 WIB",nasional
"Instruksikan Menteri Gunakan Maung, Logis 08: Terobosan Prabowo di Awal Pemerintahan","JAKARTA - Presiden terpilih Prabowo Subianto kembali membuat terobosan di awal pemerintahannya. Prabowo secara tegas menginstruksikan kepada seluruh anggota Kabinet Merah Putih untuk menggunakan Mobil Maung sebagai kendaraan dinas resmi. Ketua Umum Partai Gerindra itu pun secara tegas meminta kepada para anggota kabinetnya agar penggunaan kendaraan impor dihentikan demi mendukung industri otomotif nasional. Ketua Umum Dewan Pimpinan Pusat (DPP) Logis 08 Anshar Ilo mengatakan kebijakan Presiden Prabowo Subianto itu adalah sebuah terobosan besar di awal pemerintahan 100 hari kerja Kabinet Merah Putih. 
                
                    Baca Juga
                    
                        
                    
                        
                    
                        
                            Presiden Prabowo Arahkan Kabinet Pakai Mobil Buatan Lokal, Toyota Bilang Gini
                        
                    
                 ""Dukungan Pak Prabowo kepada dunia otomotif nasional seperti penggunaan Mobil Maung buatan PT Pindad adalah sebuah terobosan besar di awal pemerintahan,"" kata Ketua Umum DPP Logis 08 Anshar Ilo, Rabu (30/10/2024).Menurut Anshar, Prabowo telah menunjukkan komitmennya sebagai kepala negara dan kepala pemerintahan yang pro terhadap prodak lokal. Sebagai nasionalis dan patriot sejati ia selalu bangga dengan prodak buatan anak bangsa.
                
                    Baca Juga
                    
                        
                    
                        
                    
                        
                            Prabowo Larang Menteri Pakai Mobil Impor, Mobil Dinas Harus Maung
                        
                    
                 ""Pak Prabowo itu tipe pemimpin yang selalu konsisten dengan apa yang dia sampaikan. Soal cintai produk anak negeri sudah dia gaungkan sejak lama, dari Pilpres 2014 sampai 2019, Pak Prabowo sudah menyuarakan soal hal itu,"" ujarnya. Ketua Dewan Pimpinan Pusat (DPP) Prabowo Mania 08 itu pun berharap semua anggota Kabinet Merah Putih dapat meneladani sikap kenegarawanan dari seorang Prabowo Subianto. ""Saya kira para jajaran menteri, wamen, kepala badan, utusan khusus, dan semua yang terkait dengan Kabinet Merah Putih perlu meneladani sikap Pak Prabowo,"" ucapnya.
            
                Lihat Juga: Mensesneg Pastikan Anggota Kabinet Merah Putih Pakai Mobil Dinas Maung, Bukan Sewa
            (cip)","Rabu, 30 Oktober 2024 - 19:45 WIB",nasional
"7 Fakta Ipda Rudy Soik, Perwira Polisi yang Dipecat Diduga Karena Mengungkap Mafia BBM","JAKARTA -  Ipda Rudy Soik , Anggota Polda Nusa Tenggara Timur (NTT), menjadi pembicaraan publik setelah dikenai sanksi pemberhentian tidak dengan hormat (PTDH) alias dipecat. Rudy Soik dipecat karena dituding melakukan sejumlah pelanggaran etik.Belakangan beredar kabar bahwa pemecatan Rudy Soik terkait pengungkapan jaringan mafia Bahan Bakar Minyak (BBM) di wilayah hukum Polda NTT. Tak hanya dipecat, rumah Rudy Soik di Kelurahan Bakunase I, Kota Kupang, NTT juga digrebek oleh Provos pada 21 Oktober 2021. Kubu Rudy Soik juga menyebut ada benda yang pesawat tanpa pilot atau drone berputar-putar di atas rumahnya.Atas peristiwa tersebut, Ipda Rudy Soik mendatangi Lembaga Perlindungan Saksi dan Korban (LPSK), Kamis (24/10/2024), untuk mengajukan permohonan perlindungan. Rudy datang bersama tiga pengacaranya.
                
                    Baca Juga
                    
                        
                    
                        
                    
                        
                            Ipda Rudy Soik Sangkal Kena OTT di Tempat Karaoke saat Jam Dinas: Tidak Ada Putusan Itu
                        
                    
                 ""Karena memang kita memerlukan perlindungan dari pihak lain. Klien kami secara pribadi dan keluarga merasa perlu ke LPSK terkait beberapa peristiwa yang sudah terjadi,"" kata kuasa hukum Rudy, Ferdy Maktaen kepada wartawan, Kamis (24/10/2024).Sementara tu, Kapolda NTT Irjen Pol Daniel Tahi Silitonga menyebut, Ipda Rudy Soik telah memjadikan tempat karoke sebagai analisa dan evaluasi (anev) dalam rangka pengusutan BBM ilegal. Daniel menyebut Rudy sengaja menangkap orang yang diduga pelaku BBM ilegal.""Jadi pagi tertangkap, sore langsung membuat surat perintah, mengajukan kepada Kapolres yang inisiatif sendiri mengajukan kepada Kapolres, surat perintah penyidikan terhadap mafia BBM,"" kata Daniel saat RDPU bersama Komisi III DPR di ruang rapat Komisi III DPR, Kompleks Parlemen, Senayan, Jakarta Pusat, Senin (28/10/2024). Majelis hakim sidang KEPP mengungkap tindakan pengusutan terhadap BBM ilegal untuk menutupi Rudy dari pelanggaran kode etik yakni berkaroke saat jam dinas bersama Polwan.Fakta Ipda Rudy Soik, Perwira Polda NTT Dipecat Akibat Mengungkap Mafia BBM1. Lulusan Master HukumRudy memulai pendidikan formalnya di SD Yupenkris Kefamenanu, dilanjutkan ke SMP Katolik Xaverius Kefamenanu, dan SMA Kristen Wonosobo, Jawa Tengah. Ia kemudian menempuh pendidikan S1 di Universitas Nusa Cendana Jurusan Hukum, diikuti dengan gelar S2 di universitas yang sama.Pendidikan yang kuat ini membekalinya dengan pengetahuan yang diperlukan dalam tugas kepolisian. Rudy Soik memulai pendidikan kepolisian melalui Pendidikan Bintara Polri Diktukba di Sekolah Polisi Negara (SPN) Kupang pada 2004, dan melanjutkan pendidikan perwira di Sekolah Pembentukan Perwira (Setukpa) Polri SIP angkatan 50 pada 2021 di Megamendung, Bogor.2. Pemecatan KontroversialRudy Soik menjadi sorotan publik setelah diberhentikan dari jabatannya secara tidak terhormat. Pemecatan ini kontroversial karena informasi yang beredar luas lantaran karena pengungkapan jaringan mafia BBM. Hal ini mengundang perhatian masyarakat tentang bagaimana anggota kepolisian diperlakukan ketika berani melawan praktik ilegal.3. Mengungkap Jaringan Mafia BBMRudy disebut mengungkap jaringan mafia BBM ilegal di wilayah NTT. Hal itu menunjukkan integritas Rudy Soik dalam menegakkan hukum di tengah lingkungan yang kompleks dan penuh risiko, di mana banyak orang mungkin memilih untuk diam.4. Memiliki Karier Panjang di KepolisianRudy memulai kariernya di Satuan Intelkam Polres Kupang pada 2004. Sejak saat itu, ia menjabat di berbagai posisi, termasuk di Satuan Reskrim Polresta Kupang dan Ditkrimsus Polda NTT. Pengalamannya di berbagai posisi ini membekalinya dengan pengetahuan praktis dan teoritis yang luas dalam penegakan hukum, serta kemampuan untuk menangani berbagai jenis kasus.5. Mempunyai Pengalaman Satgas Human TraffickingDari 2014 hingga 2016, Rudy ditugaskan di Satgas Human Trafficking Polda NTT. Dalam perannya ini, ia berfokus pada pemberantasan perdagangan manusia, sebuah isu yang sangat serius dan memerlukan perhatian khusus. Dedikasinya dalam menangani kasus-kasus kemanusiaan menunjukkan komitmennya terhadap perlindungan masyarakat yang rentan.6. Menangani Kasus PembunuhanRudy juga menyelidiki kasus pembunuhan yang melibatkan seorang pemilik lahan seluas 200 hektare di Kota Kupang. Kasus ini menunjukkan kemampuannya untuk menangani situasi yang kompleks dan berpotensi berbahaya, serta komitmennya dalam membawa keadilan bagi korban.7. Menangani Kasus BesarSelama masa tugasnya, Rudy berhasil mengungkap sejumlah kasus penting, termasuk peredaran uang dolar Amerika Serikat palsu yang melibatkan tersangka Jimmy King, serta kasus korupsi dana Program Indonesia Pintar (PIP) di Dinas Pendidikan Timor Tengah Selatan. Pengungkapan kasus-kasus ini mencerminkan kemampuannya untuk mengidentifikasi dan menangani kejahatan yang merugikan masyarakat.Itulah 7 fakta Ipda Rudy Soik, perwira polisi yang dipecat diduga karena mengungkap mafia BBM.Mg/Salwa Puspita
            
                Lihat Juga: Profil Lengkap Rahayu Saraswati, Keponakan Prabowo yang Bela Ipda Rudy Soik
            (abd)","Senin, 28 Oktober 2024 - 17:52 WIB",nasional
Bendum Perindo Angkie Yudistia Terima Penghargaan Youth Humanitarian Award,"JAKARTA - Bendahara Umum (Bendum) Partai Perindo  Angkie Yudistia  meraih penghargaan Youth Humanitarian Award 2024 yang digelar oleh Human Initiative. Angkie yang juga Staf Khusus Presiden RI periode 2019-2024 ini meraih penghargaan dalam kategori individu. Ditemui seusai penyerahan penghargaan, Angkie menyampaikan terima kasih kepada pihak penyelenggara. Dengan raihan penghargaan ini menurutnya, menjadi bukti nyata bahwa generasi muda bisa berkembang seluas-luasnya asal ada keinginan dan keyakinan. ""Ini adalah penghargaan ke-22 sepanjang karier saya dan saya meyakinkan diri sebagai generasi muda untuk menjadi social entrepreneur, ini menjadi bukti nyata bahwa generasi muda bisa berkembang dan memberikan dampak seluas-luasnya,"" kata Angkie di Hotel Bidakara Jakarta, Selasa (29/10/2024). 
                
                    Baca Juga
                    
                        
                    
                        
                    
                        
                            10 Tahun Partai Perindo, Angkie: Kami Rekrut Sebanyak-banyaknya Penyandang Disabilitas
                        
                    
                 ""Terlebih ini penghargaan untuk teman-teman disabilitas yang jumlahnya 22,9 juta jiwa di seluruh Indonesia, ini saatnya disabilitas setara,"" sambungnya. Kendati demikian, Angkie menegaskan tidak berpuas diri dengan adanya penghargaan tersebut. ""Harapannya adalah untuk tidak berhenti di sini, 25 tahun itu bukan penjalanan yang gampang mudah dan sebentar masih banyak masyarakat yang membutuhkan kepanjangan tangan,"" ujarnya.
            
                Lihat Juga: Bank Jatim Sabet Platinum Award-Best Issuer Bank (ATM) di Ajang Prima Awards 2024
            (rca)","Selasa, 29 Oktober 2024 - 21:53 WIB",nasional
"Kehidupan Rakyat Iran Tetap Normal Meski Diserang Israel, Mengapa?","TEHERAN - Kehidupan sehari-hari terus berjalan lancar di seluruh Iran setelah pasukan pertahanan udara negara itu berhasil mencegat agresi Israel di lokasi militer di provinsi Teheran, Ilam, dan Khuzestan pada dini hari Sabtu.Ledakan dilaporkan terjadi di beberapa bagian ibu kota Iran beberapa jam setelah tengah malam Jumat, dengan pasukan keamanan Iran mengatakan bahwa ledakan itu disebabkan oleh ""aktivitas pertahanan udara"" negara itu.Video yang beredar daring menangkap pertahanan udara Iran yang menargetkan ""objek musuh di wilayah udara sekitar provinsi Teheran.""Meskipun media arus utama melaporkan serangan udara Israel yang dibesar-besarkan, warga Iran memulai minggu mereka seperti biasa.Rekaman dari Zona Ekonomi Khusus Pelabuhan Imam Khomeini di Khuzestan menunjukkan Perusahaan Petrokimia Bandar Imam (BIPC) tidak rusak, tanpa dampak yang terlihat pada fasilitas tersebut.Di provinsi Ilam, rekaman video juga menangkap suasana yang tenang dan tanpa gangguan.Melansir Press TV, pemandangan yang sama terjadi di Teheran, di mana penduduk terlihat melakukan latihan pagi rutin mereka di Taman Laleh, tidak terpengaruh oleh klaim Israel tentang serangan terhadap lokasi militer Iran.Organisasi Penerbangan Sipil Iran mengumumkan bahwa penerbangan telah dilanjutkan setelah gangguan singkat.Rekaman dari Bandara Mehrabad di Teheran barat menunjukkan operasi berjalan normal, dengan penumpang bergerak seperti biasa.
                
                    Baca Juga
                    
                        
                    
                        
                    
                        
                            Takut Iran Akan Balas Dendam, AS Klaim Tak Terlibat dalam Serangan Israel
                        
                    
                 
            
                Lihat Juga: Apakah Israel ingin Menginvasi Iran? Bisa Jadi, Tapi Sangat Berisiko","Sabtu, 26 Oktober 2024 - 17:10 WIB",internasional
GMNI Yakin Kabinet Merah Putih Mampu Jalankan Semua Program Prabowo,"JAKARTA - Gerakan Mahasiswa Nasional Indonesia ( GMNI ) menaruh harapan besar tercapainya pembangunan bangsa yang lebih baik di tangan pemerintahan Prabowo Subianto-Gibran Rakabuming Raka. Ketua Umum GMNI Immanuel Cahyadi optimistis dengan Kabinet Merah Putih dapat menjalankan program-program kerjanya untuk rakyat Indonesia.""Kabinet Merah Putih baru saja terbentuk, tentu saja membutuhkan waktu untuk beradaptasi. GMNI yakin para menteri dan wakil menteri serta pimpinan kementerian dan lembaga mampu ekstra cepat beradaptasi memahami tugas, pokok dan fungsinya untuk menjalankan visi misi dan program Presiden Prabowo Subianto ,"" kata Immanuel dalam keterangan tertulis, Senin (28/10/2024). 
                
                    Baca Juga
                    
                        
                    
                        
                    
                        
                            Indonesia Gabung BRICS, Prabowo: Kita Mau Berada di Mana-mana
                        
                    
                 Immanuel yakin pemerintahan baru ini diyakini dapat bekerja cepat untuk mengurus kerumitan birokrasi agar dapat menjalankan program-program untuk kemaslahatan dan kepentingan nasional. Bahkan GMNI optimistis dengan komposisi Kabinet Merah Putih yang diisi dengan berbagai komponen anak-anak bangsa yang cerdas, handal, dan ahli di bidangnya akan mempunyai bekerja keras.""GMNI yakin para menteri dan wakil serta kepala badan dan seluruh jajarannya dapat solid bekerja sama, bergotong-royong, bersatu untuk fokus bekerja keras menjalankan program pemerintah baru,"" imbuhnya.Meski demikian, GMNI berpesan kepada Kabinet Merah Putih, bahwa rakyat Indonesia menaruh harapan besar untuk para menteri untuk mampu melalui berbagai tantangan. Mulai dari menangani KKN, ketidakefisienan birokrasi, penegakan hukum serta kepatuhan pembayaran pajak demi memperbesar penerimaan negara untuk kemaslahatan rakyat Indonesia.Menurutnya bekerja keras di tengah ketidakstabilan kondisi geopolitik bukan hal yang mudah. Meski demikian dengan kapasitas l, karakter dan kompetensi anak-anak bangsa di Kabinet Merah Putih, GMNI yakin semua tantangan tersebut bisa diatasi.""Komposisi Kabinet Merah Putih mencerminkan persatuan nasional anak-anak bangsa yang jejak rekamnya tidak kenal menyerah, memegang teguh disiplin, taat pada pimpinan dan menjalankan kewajiban dengan penuh tanggung jawab demi kepentingan nasional. Mereka adalah pengurus rakyat yang menjadi teladan bagi rakyat untuk siap sedia berbakti kepada bangsa dan negara,"" tandasnya. 
                
                    Baca Juga
                    
                        
                    
                        
                    
                        
                            Sritex Dinyatakan Pailit, Ribuan Buruh Galau Khawatir Perusahaan Ditutup
                        
                    
                 ""Kami yakin Presiden Prabowo Subianto mampu memastikan kabinetnya bekerja keras dalam menjalankan program-program yang terkait kedaulatan pangan. Pemberantasan judi online, program makanan bergizi gratis, industrialisasi nasional melalui hilirisasi 26 komoditas demi keselamatan serta kesejahteraan rakyat Indonesia,"" terangnya.
            
                Lihat Juga: Tiru Amerika Serikat, Istana: IG Presiden Bukan Akun Pribadi
            (poe)","Senin, 28 Oktober 2024 - 16:35 WIB",nasional
Ipda Rudy Soik Sangkal Kena OTT di Tempat Karaoke saat Jam Dinas: Tidak Ada Putusan Itu,"JAKARTA - Ipda Rudy Soik membantah dirinya bersalah lantaran berkaraoke saat jam dinas bersama tiga polisi lainnya. Dia menyangkal pernyataan Kapolda Nusa Tenggara Timur (NTT) Irjen Daniel Tahi Monang Silitonga yang menyebut dirinya telah terjaring operasi tangkap tangan (OTT) saat jam dinas di tempat karaoke.Diketahui,  Ipda Rudy Soik  dijatuhi sanksi pemberhentian tidak dengan hormat (PTDH) alias pemecatan usai mengungkap dugaan mafia bahan bakar minyak (BBM) ilegal. ""Yang pasti kan tidak ada putusan yang mengatakan saya berkaraoke,"" kata Rudy usai rapat dengar pendapat (RDP) Komisi III DPR di Kompleks Parlemen, Senayan, Jakarta, Senin (28/10/2024).Namun, Rudy tak membahas lebih detail lagi terkait pernyataan Daniel. Ia hanya menegaskan, putusan Komisi Kode Etik Profesi Polri (KKEP Polri) tak memuat dirinya bersalah lantaran berkaraoke.
                
                    Baca Juga
                    
                        
                    
                        
                    
                        
                            Benny K Harman Minta Pemecatan Ipda Rudy Soik Dibahas Bareng Kapolri
                        
                    
                 ""Yang pasti kan tidak ada putusan yang mengatakan saya berkaraoke, tidak ada putusan itu, coba nanti dilihat bisa dikonfirmasi. Coba perlihatkan putusan petitum putusan, tidak ada seperti itu,"" terang Rudy.""Hanya itu saja dan memang yang disampaikan seperti itu, tapi faktanya kan harusnya faktanya yang diperlihatkan,"" ucap Rudy.Diketahui sebelumnya, Kapolda NTT Irjen Daniel Tahi Silitonga mengungkap Ipda Rudy Soik sempat terjerat OTT saat jam dinas bersama tiga oknum polisi. Bahkan, keempatnya kepergok saling duduk berpasangan sambil menenggak minuman berakohol di tempat karoke.
                
                    Baca Juga
                    
                        
                    
                        
                    
                        
                            Kapolda NTT Usap Kepala Ipda Rudy Soik di DPR: Anak Ayam Itu Ada di Tangan Kamu
                        
                    
                 Hal itu diungkap oleh Daniel saat RDP bersama Komisi III DPR di ruang rapat Komisi III DPR RI, Kompleks Parlemen, Senayan, Jakarta Pusat, Senin (28/10/2024). Mulanya, ia mengaku tak mengenal Ipda Rudy Soik.
            
                Lihat Juga: Ipda Rudy Soik di-PTDH, Prof Henry Dukung Rekomendasi DPR","Senin, 28 Oktober 2024 - 17:25 WIB",nasional
Senyum Tom Lembong Pakai Rompi Tahanan Kejagung,"JAKARTA - Mantan Menteri Perdagangan Thomas Trikasih Lembong ( Tom Lembong ) langsung ditahan Kejaksaan Agung (Kejagung) usai ditetapkan sebagai tersangka kasus dugaan korupsi dalam kegiatan importasi gula di Kementerian Perdagangan Tahun 2015-2016. Mantan Co-Captain Tim Nasional Pemenangan Anies Baswedan-Muhaimin Iskandar (Tim Amin) ini mengenakan rompi tahanan Kejagung.Rompi warna merah muda itu bertuliskan Tahanan Tindak Pidana Korupsi Kejaksaan Agung RI. Selain Tom, Kejagung juga menetapkan Direktur Pengembangan Bisnis PT Perusahaan Perdagangan Indonesia (PPI) CS sebagai tersangka dan melakukan penahanan.Penetapan tersangka disampaikan oleh Direktur Penyidik Jampidsus Kejagung RI Abdul Qohar di Kejagung, Jakarta pada Selasa (29/10/2024) malam. Pantauan di lokasi, tersangka CS keluar terlebih dahulu dengan nomor 24 dalam kondisi tangan terborgol. 
                
                    Baca Juga
                    
                        
                    
                        
                    
                        
                            Profil Tom Lembong, Mantan Anak Buah Jokowi yang Jadi Tim Sukses Anies
                        
                    
                 Disusul Thomas Lembong dengan nomor 62 hanya menebar senyum ke awak media tanpa sepatah kata pun. Keduanya digelandang ke dalam mobil tahanan Kejagung.Sebelumnya, Tim Penyidik Jaksa Agung Muda Tindak Pidana Khusus (Jampidsus) Kejagung menetapkan Thom Lembong dan CS sebagai tersangka. Hal itu disampaikan langsung Direktur Penyidik Jampidsus Kejagung Abdul Qohar pada Selasa (29/10/2024) malam.
                
                    Baca Juga
                    
                        
                    
                        
                    
                        
                            Breaking News! Tom Lembong Tersangka Kasus Impor Gula
                        
                    
                 ""Penyidik Jaksa Agung Muda Tindak Pidana Khusus Kejaksaan Agung RI menetapkan status saksi terhadap dua orang menjadi tersangka karena telah memenuhi alat bukti bahwa yang bersangkutan telah melakukan tindak pidana korupsi,"" kata Abdul Qohar.""Adapun kedua tersangka tersebut adalah satu TTL selaku Menteri Perdagangan periode 2015-2016 berdasarkan surat penetapan tersangka Nomor TAP-60/F:/FD:/10/2024 tanggal 29 Oktober 2024. Kedua tersangka atas nama DS selaku Direktur Pengembangan Bisnis PT PPI 2015-2016 berdasarkan surat penetapan tersangka Nomor TAP-60/F:/FD:/10/2024 tanggal 29 Oktober 2024,"" jelasnya.
            
                Lihat Juga: Pendidikan Tom Lembong, Lulusan Harvard yang Jadi Tersangka Kasus Impor Gula
            (rca)","Selasa, 29 Oktober 2024 - 21:31 WIB",nasional
"Rancang Program Tambak Rakyat, Pasangan BERAMAL Didukung Nelayan dan Penjual Ikan di Donggala","DONGGALA - Pasangan Calon Gubernur (cagub) dan Calon Wakil Gubernur (cawagub) Sulawesi Tengah (Sulteng) nomor urut 1, Ahmad HM Ali-Abdul Karim Al Jufri menggelar kampanye terbatas di Desa Boneoge, Kecamatan Banawa, Kabupaten Donggala, Rabu (30/10/2024) sore.Ahmad Ali dan Abdul Karim disambut antusias warga. Bahkan, sejumlah nelayan dan penjual ikan se-Kabupaten Donggala melakukan deklarasi dukungan kepada pasangan yang populer dengan tagline BERAMAL (Bersama Ahmad Ali-Abdul Karim).Para nelayan memberikan dukungan karena percaya pasangan Ahmad Ali dan Abdul Karim Al Jufri bisa membawa kesetaraan pembangunan ekonomi di Sulawesi Tengah.Dukungan masyarakat yang menggantungkan hidup dari hasil laut itu bukan tanpa alasan. Pasangan yang didukung oleh Partai Gerindra, Nasdem, Golkar, PKB, Perindo, PPP, PAN, PSI, Prima, dan PKN itu memang punya program yang pro pekerja informal, termasuk para nelayan.""Untuk para nelayan dan petani, kami punya program jaminan sosial untuk pekerja informal. Yang melaut, jika terjadi apa-apa di laut akan ada santunan. Profesi nelayan itu penting, tanpa nelayan kita tidak bisa makan ikan. Makanya mereka harus kita sejahterakan,"" ujar Abdul Karim Al Jufri dalam orasi politiknya.Pria yang akrab disapa AKA itu pun mengungkap, salah satu program yang akan dikerjakan oleh pasangan BERAMAL jika terpilih sebagai gubernur dan wakil gubernur adalah melahirkan tambak rakyat untuk meningkatkan taraf hidup masyarakat pesisir pantai.""Untuk meningkatkan hasil tangkap, kita akan siapkan alat tangkap modern, perahu modern, pabrik es. Kemudian, saat hasil tangkap sudah meningkat, kita siapkan cold storage untuk menyimpan hasil tangkapan. Kita akan siapkan industri, pabrik yang akan menyerap tenaga kerja agar taraf hidup masyarakat sulteng bisa meningkat,"" katanya.Sementara itu, Ahmad Ali memperagakan cara mencoblos surat suara di hadapan masyarakat yang hadir. Dia mengimbau agar masyarakat tidak salah mencoblos.Ahmad Ali pun mengajak agar seluruh masyarakat ikut memperjuangkan kemenangan calon gubernur nomor urut 1, agar semua program pro rakyat dapat diimplementasikan.""Kami yakin bisa menang di sini atas dukungan masyarakat,"" ujar Ahmad Ali.
            
                Lihat Juga: Mentan Gandeng Perguruan Tinggi Dorong Inovasi Teknologi Pertanian untuk Swasembada Pangan
            (skr)","Rabu, 30 Oktober 2024 - 19:19 WIB",nasional
"Malam Ini Abraham Silaban di AB+ BERSAMA PRESIDEN PRABOWO, MAUNG GARUDA PERKASA, Hanya di iNews","JAKARTA - Maung Garuda atau MV3 Garuda Limousine menjadi pusat perhatian pada pelantikan Presiden ke-8 RI pada 20 Oktober lalu. Kendaraan ini menjadi bukti bahwa dengan kerja keras dan dukungan penuh dari pemerintah, bangsa ini dapat menciptakan produk yang tidak hanya memenuhi kebutuhan nasional, tetapi juga menjadi kebanggaan di mata dunia.Dalam episode terbaru AB+ bersama Abraham Silaban malam ini akan membahas secara mendalam mengenai kendaraan yang lahir dari karya anak bangsa yang dikembangkan untuk mengakomodasi kepresidenan dan pejabat tinggi negara dengan prioritas pada keamanan serta kenyamanan. Diproduksi oleh PT Pindad, Maung Garuda hadir dengan desain sangar yang mencerminkan karakter tangguh khas kendaraan militer. Kendaraan ini berwarna putih dengan tampilan eksklusif dan maskulin yang memiliki proteksi tinggi serta memberikan kenyamanan dengan material berkualitas serta fitur-fitur mutakhir. 
                
                    Baca Juga
                    
                        
                    
                        
                    
                        
                            Maung Garuda Hewan Misterius Simbol Kekuatan Indonesia
                        
                    
                 Dengan bobot 2,95 ton, dimensi panjang sekitar 5,05 m, lebar 2,06 m, tinggi 1,87 m serta desain long wheelbase yang nyaman dan lega. Kendaraan ini memiliki daya mesin 202 PS/199 HP, transmisi AT dengan 8 percepatan, dan memiliki kecepatan maksimum 100 Km/jam. Selain itu, performanya yang kuat memungkinkan kendaraan ini melibas berbagai medan, sesuai kebutuhan mobilitas tinggi seorang kepala negaraTampilan perdana Maung Garuda di pelantikan presiden berhasil menarik perhatian publik dan menjadi perbincangan di berbagai media sosial. Netizen memberikan berbagai komentar positif, mulai dari rasa bangga terhadap kendaraan buatan dalam negeri hingga antusiasme terhadap inovasi industri otomotif Indonesia. Bagi sebagian besar masyarakat, MV3 Garuda Limousine ini menjadi bukti bahwa Indonesia mampu mengembangkan kendaraan berkelas tinggi yang memenuhi standar kepresidenan tanpa bergantung pada produk luar negeri. Nah, penasaran bagaimana gagahnya kendaraan milik Presiden ke-8 RI ini?Saksikan selengkapnya, liputan mendalam Abraham Silaban di AB+ ""BERSAMA PRESIDEN PRABOWO, MAUNG GARUDA PERKASA"" menggali informasi dengan cerdas dan mendalam serta mengungkap dan mendengarkan fakta-fakta langsung dari narasumber tepercaya. Malam ini pukul 20.00 WIB, hanya di iNews.
            
                Lihat Juga: Prabowo ke Luar Negeri, Indonesia Dipimpin Gibran selama Dua Minggu
            (zik)","Senin, 28 Oktober 2024 - 16:22 WIB",nasional
Wamentan Sudaryono Dorong Sumber Protein Alternatif untuk Makan Bergizi Gratis,"JAKARTA - Pemerintah Indonesia mempersiapkan program Makan Bergizi Gratis (MBG) yang dijadwalkan mulai Januari 2025. Wakil Menteri Pertanian (Wamentan), Sudaryono mengusulkan agar pemenuhan protein untuk program ini tidak hanya bergantung pada susu, melainkan juga pada sumber protein lain.Wamentan Sudaryono atau yang akrab disapa Mas Dar ini menyatakan bahwa produksi susu nasional saat ini tengah digenjot guna memenuhi kebutuhan program Makan Bergizi Gratis. Ia pun menyarankan, agar Badan Gizi melakukan substitusi sumber protein alternatif.""Produksi susu kita belum mencukupi. Kita tidak ingin membebani negara dengan impor susu. Sebaiknya, Badan Gizi mempertimbangkan sumber protein alternatif,"" kata Wamentan dalam rapat koordinasi bersama Badan Usaha Milik Negara (BUMN) Pangan, di Kantor Pusat Kementerian Pertanian, Jakarta, Selasa (29/10/2024).Wamentan Sudaryono menjelaskan, ayam dan telur merupakan contoh sumber protein yang sudah tersedia dengan cukup, bahkan untuk ekspor. Ia menekankan pentingnya manfaat ekonomi bagi petani dan peternak dalam program Makan Bergizi. Wamentan Sudaryono menyebutkan, makan bergizi tidak hanya berarti minum susu, tapi juga memenuhi kebutuhan protein dari berbagai sumber.“Ayam dan telur kita sudah swasembada, kita sudah cukup. Atau bisa juga dengan sumber protein lainnya. Makan bergizi itu kan bukan hanya berarti minum susu, artinya makan dengan jumlah protein yang cukup. Dan kita ingin betul-betul makan bergizi ini secara ekonomi bermanfaat juga bagi petani padi, petani sayur, termasuk peternak,” ujarnya.Wamentan Sudaryono juga menambahkan, adanya beberapa sentra susu di Indonesia, seperti Banyumas dan Boyolali, yang dapat menyuplai kebutuhan lokal. “Pemerintah membuka ruang kepada perusahaan dalam dan luar negeri untuk mendatangkan sapi hidup dan membangun industri sapi. Kita lagi kawal dan akan kita beri asistensi,” ucapnya.Sebelumnya, Menteri Pertanian Andi Amran Sulaiman menegaskan, Kementan berkomitmen kuat untuk menyukseskan cita-cita swasembada pangan dan makan bergizi gratis yang digagas oleh Presiden Prabowo Subianto. Untuk itu, ada dua strategi yang disiapkan yaitu peningkatan produksi susu dan daging, serta program pekarangan pangan bergizi.“Program kita ke depan adalah membagikan benih dan bibit unggul. Jadi di pekarangan bisa tanam sayur-sayuran, umbi-umbian, ternak ayam, bebek, lele. Jangan hanya melihat makanan bergizinya, tetapi ekonomi perdesaan dapat tumbuh,” tutur Menteri Pertanian (Mentan) Andi Amran Sulaiman pada Kamis (24/10/2024) lalu.
            
                Lihat Juga: PGN Siap Ambil Peran dalam Gotong Royong Bangun Jargas Nasional untuk Kurangi Subsidi Energi
            (ars)","Rabu, 30 Oktober 2024 - 12:11 WIB",nasional
Prabowo Minta Menaker Prioritaskan Isu Pengangguran dan Penciptaan Lapangan Kerja,"JAKARTA - Presiden  Prabowo Subianto  meminta Menteri Ketenagakerjaan (Menaker) Yassierli memprioritaskan isu masalah pengangguran dan penciptaan lapangan kerja baru. Hal itu diungkapkan Yassierli kepada awak media di Istana Kepresidenan, Jakarta, Selasa (29/10/2024).“Terkait dengan pengangguran, itu akan menjadi concern kami, kemudian bagaimana kita menyiapkan, Pak Presiden kan punya beberapa program strategis saya bertugas untuk bagaimana menjadikan ini peluang untuk menciptakan lapangan kerja yang baru buat mereka,” ujar Yassierli.Yassierli pun mengatakan sebagai langkah pertama yakni dengan melakukan revitalisasi Balai-Bali Pelatihan Kerja (BLK). Dengan begitu, diharapkan semakin meningkatkan efektivitasnya untuk agar tenaga kerja terampil bisa siap kerja.
                
                    Baca Juga
                    
                        
                    
                        
                    
                        
                            Prabowo Putuskan Sritex Tetap Bisa Ekspor Impor Meski Pailit
                        
                    
                 “Untuk itu kami harus melakukan pertama revitalisasi balai-balai latihan kerja kita akan meningkatkan efektivitasnya kita akan meningkatkan aksesnya dan juga kita akan meningkatkan skalanya,” ujarnya.Yassierli menargetkan BLK bisa berkontribusi untuk mencetak tenaga kerja terampil sebanyak 1 juta dalam setahun. Dia mengatakan, hal ini akan menjadi prioritas utamanya dalam 2 sampai 3 bulan ke depan.“Jadi kita tidak lagi berbicara ribuan ya, kita harus berbicara bagaimana Balai-Balai ini bisa berkontribusi ya hitungan kami sampai 1 juta, satu tahun ya orang kemudian bisa siap untuk bekerja dengan pembekalan pelatihan yang kita berikan ya mungkin 2 hingga 3 bulan ke depan. Itu yang akan menjadi prioritas utama kita ke depan,” pungkasnya.
            
                Lihat Juga: Mensesneg Pastikan Anggota Kabinet Merah Putih Pakai Mobil Dinas Maung, Bukan Sewa
            (rca)","Selasa, 29 Oktober 2024 - 19:47 WIB",nasional
"Anies Terkejut Tom Lembong Tersangka Korupsi Gula, Minta Proses Hukum Berjalan Transparan","JAKARTA -  Anies Baswedan  terkejut atas penetapan tersangka Thomas Trikasih Lembong atau  Tom Lembong  oleh Kejaksaan Agung atas dugaan korupsi impor gula. Tom Lembong merupakan mantan Co-captain Timnas AMIN, tim pemenangan Anies Baswedan-Muhaimin Iskandar di Pilpres 2024.""Kabar ini amat-amat mengejutkan. Walau begitu kami tahu proses hukum tetap harus dihormati. Kami percaya aparat penegak hukum dan peradilan akan menjalankan proses secara transparan dan adil,"" tulis @aniesbaswedan di akun sosial media X, Rabu (30/10/2024).Anies memberikan dukungan moral terhadap Tom Lembong. Dia juga berharap atas penetapan ini Tom tak berhenti untuk terus mencintai Indonesia.""Tom, jangan berhenti mencintai Indonesia dan rakyatnya, seperti yang telah dijalani dan dibuktikan selama ini. I still have my trust in Tom, dan doa serta dukungan kami tidak akan putus,"" ujarnya.Kami ingin negeri ini membuktikan bahwa yang tertulis di Penjelasan UUD 1945 masih valid yaitu, “Negara Indonesia adalah negara berdasarkan hukum (Rechtsstaat), bukan negara berdasarkan kekuasaan belaka (Machtstaat),"" sambungnya.Anies mengaku ia telah bersahabat selama dengan Tom selama 20 tahun. Dia menyebut Tom adalah sosok yang berintegritas tinggi serta selalu memperjuangkan kelas menengah Indonesia yang terhimpit.""Tom adalah orang yang lurus dan bukan tipe orang yang suka neko-neko. Karena itu selama karier-panjang di dunia usaha dan karier-singkat di pemerintahan ia disegani, baik lingkup domestik maupun internasional,"" tuturnya.Sebelumnya ,Tom Lembong ditetapkan sebagai tersangka diduga lantaran memberikan izin persetujuan impor gula kristal mentah sebanyak 105 ribu ton kepada PT AP.
                
                    Baca Juga
                    
                        
                    
                        
                    
                        
                            Detik-detik Tom Lembong Diborgol dan Pakai Rompi Tahanan Kejagung
                        
                    
                 Dirdik Jampidsus Kejagung Abdul Qohar menjelaskan, impor gula seharusnya dilakukan oleh BUMN. Akan tetapi, Tom Lembong mengizinkan PT AP melakukan impor. Indonesia ketika itu juga disebut dalam kondisi surplus gula.Selain itu, Direktur Pengembangan Bisnis PT Perusahaan Perdagangan Indonesia (PPI) berinisial CS juga ditetapkan tersangka.""Penyidik Jaksa Agung Muda Tindak Pidana Khusus Kejaksaan Agung RI menetapkan status saksi terhadap dua orang menjadi tersangka karena telah memenuhi alat bukti bahwa yang bersangkutan telah melakukan tindak pidana korupsi,"" kata Abdul Qohar.
            
                Lihat Juga: Tom Lembong Tersangka Korupsi Impor Gula, Cak Imin: Saya Turut Sedih
            (abd)","Rabu, 30 Oktober 2024 - 12:47 WIB",nasional
"Profil Tom Lembong, Mantan Anak Buah Jokowi yang Jadi Tim Sukses Anies","JAKARTA - Kejaksaan Agung (Kejagung) menetapkan Mantan Menteri Perdagangan Thomas Trikasih Lembong ( Tom Lembong ) sebagai tersangka kasus dugaan korupsi dalam kegiatan importasi gula di Kementerian Perdagangan Tahun 2015-2016. Pria kelahiran Jakarta, 4 Maret 1971 ini pernah menjabat Menteri Perdagangan (Mendag) pada masa Pemerintahan Joko Widodo (Jokowi)-Jusuf Kalla (JK).Jokowi melantik Tom Lembong sebagai Mendag pada 12 Agustus 2015 di Istana Negara, Jakarta. Saat itu, Tom menggantikan posisi Rachmat Gobel. Jabatan Mendag diembannya hingga 27 Juli 2016. Selanjutnya, Tom Lembong dipercaya sebagai Kepala Badan Koordinasi Penanaman Modal (BKPM) hingga 23 Oktober 2019 atau di periode awal pemerintahan Jokowi. Usai tidak lagi menjabat di pemerintahan, dia mendirikan Consilience Policy Institute yang secara resmi beroperasi di Singapura. 
                
                    Baca Juga
                    
                        
                    
                        
                    
                        
                            Breaking News! Tom Lembong Tersangka Kasus Impor Gula
                        
                    
                 Lembaga tersebut adalah sebuah wadah pemikir yang mengadvokasi kebijakan ekonomi internasionalis dan reformis di Indonesia. Selanjutnya, Anies Baswedan ketika masih menjabat Gubernur DKI Jakarta pada Agustus 2021 mengangkat Tom Lembong sebagai Ketua Dewan PT Jaya Ancol. Pria keturunan Manado ini dibesarkan di Jerman pada usia 3 sampai 10 tahun. Pendidikan sekolah dasar (SD) dan SMP ditempuh di Regina Pacis, Palmerah, Jakarta. Setelah menginjak SMA, Tom Lembong hijrah kembali ke Boston, Massachusetts, Amerika Serikat. Adapun pendidikan tingginya diselesaikan di Harvard University tahun 1994 dengan gelar bachelor of arts (A.B) di bidang arsitektur dan tata kota. Di Tanah Air, Tom Lembong kerapkali digambarkan oleh para ekonom terkemuka sebagai “otak yang paling cemerlang di Indonesia” (the best mind in the country). Tom adalah orang di balik layar yang menulis beberapa pidato Presiden Jokowi yang paling ikonik. Salah satunya adalah pidato “Game of Thrones” pada pertemuan IMF-Bank Dunia di Bali pada 2018, dan pidato “Thanos” di Forum Ekonomi Dunia. Pada Pilpres 2024, Tom Lembong bagian dari tim sukses (timses) Anies Baswedan-Muhaimin Iskandar.Dia menjabat Co-Captain Tim Nasional Pemenangan Anies Baswedan-Muhaimin Iskandar (Tim Amin).
            
                Lihat Juga: Anies Terkejut Tom Lembong Tersangka Korupsi Gula, Minta Proses Hukum Berjalan Transparan
            (rca)","Selasa, 29 Oktober 2024 - 21:09 WIB",nasional
"Takut Iran Akan Balas Dendam, AS Klaim Tak Terlibat dalam Serangan Israel","WASHINGTON - Amerika Serikat (AS) mengklaim tidak terlibat langsung dalam serangan ke Iran . Klaim tersebut bertujuan agar Iran tidak membalas serangan ke pangkalan AS di Timur Tengah. ""Serangan Israel terhadap lokasi militer di Iran tampaknya merupakan respons yang terarah dan proporsional terhadap serangan Teheran sebelumnya, dengan risiko rendah terhadap warga sipil,"" kata seorang pejabat senior pemerintahan AS. Ini seharusnya menjadi akhir dari baku tembak langsung antara kedua negara, kata pejabat tersebut, seraya menambahkan bahwa AS memiliki banyak saluran komunikasi langsung dan tidak langsung dengan Iran, tempat AS telah menjelaskan posisinya dengan jelas.Pejabat tersebut menambahkan bahwa jika Iran memilih untuk menanggapi, AS sepenuhnya siap untuk sekali lagi mempertahankan diri dari serangan apa pun.Sementara itu, AS diberi tahu oleh Israel sebelum serangannya terhadap target di Iran tetapi tidak terlibat dalam operasi tersebut.""Amerika Serikat diberi tahu sebelum operasi tersebut, tetapi kami tidak berpartisipasi dalam operasi militer Israel ini,"" kata seorang pejabat senior Pemerintah AS.""Kami memahami bahwa Israel tengah melancarkan serangan terarah terhadap target militer di Iran sebagai latihan membela diri dan sebagai respons atas serangan rudal balistik Iran terhadap Israel pada 1 Oktober,"" kata Sean Savett, juru bicara Dewan Keamanan Nasional Gedung Putih, dalam sebuah pernyataan. ""Kami akan merujuk Anda ke pemerintah Israel untuk informasi lebih lanjut tentang operasi mereka.""
                
                    Baca Juga
                    
                        
                    
                        
                    
                        
                            Israel Serang Iran, Arab Saudi Marah Besar!
                        
                    
                 Presiden Joe Biden diberi pengarahan tentang serangan tersebut saat ia berada di Delaware, kata seorang pejabat Gedung Putih. Para penasihatnya tidak berencana untuk bertemu saat ini.Reuters selanjutnya melaporkan bahwa Wakil Presiden Kamala Harris diberi pengarahan tentang serangan terhadap Iran saat ia berkampanye di Houston. Gedung Putih mengatakan bahwa ia ""Mengikuti perkembangan dengan saksama dan akan terus diperbarui.""Radio Angkatan Darat melaporkan bahwa Menteri Pertahanan Gallant dan Menteri Pertahanan AS Lloyd Austin berbicara melalui telepon, dan bahwa Gallant memberi tahu Austin tentang kemajuan serangan di Iran.CNN melaporkan bahwa sumber Israel mengonfirmasi bahwa serangan hari Sabtu itu 100% dilakukan oleh Israel dan tidak menargetkan infrastruktur energi tetapi bahwa masih ada ""kerja sama yang mendalam"" dengan Amerika Serikat mengenai bidang-bidang seperti pertahanan udara.
            
                Lihat Juga: IRGC: Iran Sudah Menyiapkan Serangan Balasan untuk Israel
            (ahm)","Sabtu, 26 Oktober 2024 - 15:03 WIB",internasional
Korea Utara Tuding G7 Jadi Klub Perang,"PYONGYANG - Kelompok Tujuh (G7) telah berubah menjadi ""klub perang"" dan bukan lagi klub ekonomi. Itu diungkap media pemerintah Korea Utara dan menolak referensi apa pun bahwa blok tersebut mewakili komunitas internasional.Menyebut G7 sebagai ""kelompok kontraktor perang,"" Kantor Berita Pusat Korea (KCNA) mengatakan dalam sebuah komentar bahwa setiap ""campur tangan"" oleh blok tersebut di Semenanjung Korea berarti ""ekspansi militer NATO, aliansi perang global.""Itu bereaksi terhadap pertemuan menteri pertahanan G7 di Italia, yang pertama dari jenisnya, yang menurut Korea Utara ""tidak sesuai untuk misi dan tugasnya.""Para menteri pertahanan G7 bertemu Sabtu lalu di Italia saat ketegangan meningkat di Timur Tengah dan perang antara Rusia dan Ukraina terus berlanjut.Pertemuan tersebut, yang dihadiri oleh para menteri pertahanan dari AS, Jerman, Prancis, Kanada, Inggris, Italia, dan Jepang, serta Sekretaris Jenderal NATO Mark Rutte dan kepala kebijakan luar negeri Uni Eropa Josep Borrell, dimulai di Naples, kota di Italia selatan, yang juga merupakan rumah bagi pangkalan NATO.Namun, KCNA menuduh negara-negara Barat ""bekerja keras untuk membuat api perang di Eropa meluap"" ke Asia sambil mengklaim keamanan dua benua ""tidak dapat dipisahkan.""
                
                    Baca Juga
                    
                        
                    
                        
                    
                        
                            Takut Iran Akan Balas Dendam, AS Klaim Tak Terlibat dalam Serangan Israel
                        
                    
                 KCNA juga menuduh G7 ""menghasut"" konfrontasi antar-kubu dengan membuat ""pernyataan sembrono bahwa kerangka kerja keamanan internasional telah terjerumus ke dalam bahaya yang lebih serius oleh negara-negara yang merdeka dan berdaulat (seperti) Korea Utara, Rusia, dan Tiongkok.""Menanggapi partisipasi Korea Selatan dalam KTT NATO serta panggilan telepon Presiden Yoon Suk Yeol dengan Sekretaris Jenderal Rutte mengenai kerja sama Pyongyang dengan Rusia, ia mengatakan negara-negara Barat, negara anggota NATO, dan negara anggota G7, yang merupakan bagian dari Komando PBB yang dipimpin AS ""terlibat langsung dalam latihan perang untuk agresi terhadap"" Korea Utara.Komando PBB gencatan senjata di luar negeri di sepanjang Zona Demiliterisasi antara Korea yang terbagi dari sisi selatan perbatasan.Yoon berbicara dengan Rutte awal minggu ini untuk membahas dugaan pengerahan pasukan Korea Utara ke Rusia. Baik Moskow maupun Pyongyang tidak mengonfirmasi atau membantah klaim tersebut, tetapi Rusia menyebutnya berita ""palsu"" dan dibesar-besarkan.Parlemen Rusia pada hari Kamis juga meratifikasi perjanjian dengan Korea Utara, yang memicu reaksi keras dari Seoul dengan ""kekhawatiran serius.""Korea Selatan mengatakan akan mempertimbangkan pengiriman senjata ke Ukraina sebagai tanggapan atas meningkatnya hubungan militer antara Pyongyang dan Moskow.
            
                Lihat Juga: Presiden Joe Biden Berikan 1 Syarat Jika Ukraina Ingin Menyerang Pasukan Korea Utara
            (ahm)","Sabtu, 26 Oktober 2024 - 16:28 WIB",internasional
"PDIP Vs KIM Plus, Siapa Unggul di Pilkada Jakarta, Jateng, dan Jatim?","JAKARTA - Pelaksanaan  Pilkada Serentak 2024  tinggal sebulan lagi. Tiga provinsi di Pulau Jawa, Daerah Khusus Jakarta (DKJ), Jawa Tengah, dan Jawa Timur, menjadi perhatian utama karena terjadi pertarungan sengit antara Partai Demokrasi Indonesia Perjuangan (PDIP) dan Koalisi Indonesia Maju (KIM) Plus, gabungan parpol pendukung Prabowo-Gibran tinggalan Pilpres 2024. Siapa kubu yang bakal berjaya?Untuk mengukur peta politik terkini di Pilkada Jakarta, Jateng, dan Jatim, LSI Denny JA melakukan survei terbaru yang dilakukan 16-22 Oktober 2024. Hasilnya, pasangan calon gubernur dan wakil gubernur (cagub-cawagub) yang diusung KIM Plus mendominasi Pilkada Jateng dan Jatim, sementara di Pilkada Jakarta, terjadi persaingan ketat.Di Jawa Tengah, pasangan Ahmad Luthfi-Taj Yasin, yang diusung KIM Plus, memimpin dengan elektabilitas 46%. Mereka unggul dari pasangan Andika Perkasa-Hendrar Prihadi yang didukung PDIP, yang hanya meraih 28,2%.""Namun, sebanyak 25% pemilih masih belum menentukan pilihan, yang bisa menjadi faktor penentu di menit-menit akhir,"" kata Denny JA dalam keterangannya, Rabu (30/10/2024).Di Jawa Timur, pasangan Khofifah Indar Parawansa-Emil Dardak yang diusung KIM Plus unggul telak dengan 65,8%. Pasangan PDIP, Tri Rismaharini-Zahrul Azhar Asumta, berada di posisi kedua dengan 24,5%. Sebagian kecil pemilih, 8,7%, masih belum memutuskan pilihan, namun posisi Khofifah sebagai gubernur petahana memberikan keuntungan besar.Sementara itu, di DKI Jakarta, persaingan berlangsung lebih ketat. Pasangan KIM Plus, Ridwan Kamil-Suswono, meraih elektabilitas 37,4%, hampir setara dengan pasangan PDIP, Pramono Anung-Rano Karno, yang memperoleh 37,1%. Sebanyak 21,5% pemilih belum menentukan pilihan, menjadikan DKI Jakarta sebagai wilayah yang paling sulit diprediksi.Setidaknya ada beberapa alasan mengapa pasangan yang didukung koalisi besar seperti KIM Plus tidak unggul signifikan di Pilkada Jakarta. Pertama, mesin partai KIM Plus kurang efektif di Jakarta. Banyak pemilih PKS, Golkar, PKB, Demokrat, PPP, dan Nasdem cenderung memilih pasangan Pramono Anung-Rano Karno daripada pasangan yang diusung partai mereka sendiri. Sebaliknya, PDIP lebih solid karena mayoritas anggotanya mendukung pasangan ini.""Ini menjadi pekerjaan besar bagi Ridwan Kamil-Suswono. Mengapa pemilih dari partaipengusungnya sendiri, Golkar (Ridwan Kamil) dan PKS (Suswono), lebih banyak memilih Pramono dan Rano Karno. Ada jarak yang lebar antara keputusan elit partai dan massa partai,"" katanya.
            
                Lihat Juga: Ratusan Khatib Nyatakan Dukungan ke RIDO, Dorong Program Keumatan","Rabu, 30 Oktober 2024 - 18:30 WIB",nasional
"Terungkap, Tom Lembong Sudah 3 Kali Diperiksa Sebelum Jadi Tersangka Impor Gula","JAKARTA - Kejaksaan Agung ( Kejagung ) menetapkan mantan Menteri Perdagangan (Mendag) periode 2015-2016 Thomas Trikasih Lembong (TTL) sebagai tersangka kasus dugaan korupsi importir gula di Kementerian Perdagangan. Sebelum ditetapkan tersangka, Tom Lembong sudah tiga kali diperiksa sebagai saksi kasus tersebut.“Terkait dengan pemeriksaan yang bersangkutan sejak kurun waktu 2023, sudah tiga kali diperiksa sebagai saksi,” kata Kapuspenkum Kejagung Harli Siregar Rabu (30/10/2024).Harli menjelaskan, penyidik melakukan gelar perkara setelah memeriksa Tom Lembong kemarin. Dari hasil gelar perkara itu, penyidik Kejagung menetapkan Tom Lembong sebagai tersangka.
                
                    Baca Juga
                    
                        
                    
                        
                    
                        
                            10 Fakta Tom Lembong, Tersangka Kasus Impor Gula yang Ditahan Kejagung
                        
                    
                 “Setelah melakukan pemeriksaan sebagai saksi, penyidik melakukan ekspose perkara. Kemudian menetapkan yang bersangkutan sebagai tersangka. Kemudian penyidik menggunakan kewenangannya dalam rangka melakukan penahanan terhadap kedua tersangka baik TTL maupun CS,” jelas dia.Sebelumnya, Direktur Penyidikan Jampidsus Kejagung Abdul Qohar menjelaskan kronologis berawal pada 2015 berdasarkan rapat koordinasi antarkementerian tepatnya 12 Mei 2015 telah disimpulkan Indonesia mengalami surplus gula sehingga tidak perlu atau tidak membutuhkan impor gula.
                
                    Baca Juga
                    
                        
                    
                        
                    
                        
                            Tom Lembong Tersangka Kasus Impor Gula, Kejagung Klaim Tidak Ada Politisasi
                        
                    
                 ""Akan tetapi, pada tahun yang sama yaitu 2015 Menteri Perdagangan saudara TTL memberikan izin persetujuan impor gula kristal mentah sebanyak 105.000 ton kepada PT AP yang kemudian gula kristal mentah tersebut di olah menjadi gula kristal putih atau GKP,"" kata Abdul dalam konferensi pers di Kejagung, Jakarta, Selasa 29 Oktober 2024.""Sesuai keputusan Menteri Perdagangan Nomor 527 Tahun 2004 yang diperbolehkan impor gula kristal putih adalah BUMN, tetapi berdasarkan persetujuan impor yang telah dikeluarkan oleh tersangka TTL impor gula dilakukan oleh PT AP dan impor gula kristal mentah tersebut tidak melalui rapat koordinasi dengan instansi terkait serta tanpa adanya rekomendasi dari Kementerian Perindustrian yang mengetahui kebutuhan riil gula di dalam negeri,"" tambahnya.Qohar menyebut, pada 28 Desember 2015 dilakukan rapat koordinasi di bidang perekonomian yang dihadiri kementerian di bawah Menko Perekonomian yang salah satu pembahasannya bahwa Indonesia pada 2016 kekurangan gula kristal putih sebanyak 200.000 ton dalam rangka stabilisasi harga gula dan pemenuhan stok gula nasional. 
            
                Lihat Juga: Tom Lembong Tersangka Korupsi Impor Gula, Cak Imin: Saya Turut Sedih","Rabu, 30 Oktober 2024 - 19:17 WIB",nasional
"Daftar 7 Menteri Termuda Kabinet Prabowo, Nomor 1 Penerima Adhi Makayasa Akmil 1999","JAKARTA - Terdapat tujuh  menteri  Kabinet Merah Putih yang terbilang muda usianya jika dibandingkan dengan yang lain. Bahkan salah satu di antara mereka ada yang masih berumur 30-an tahun.Kabinet Merah Putih merupakan nama kabinet yang dibentuk oleh Presiden Prabowo Subianto dan Wakil Preiden Gibran Rakabuming Raka. Kabinet Merah Putih itu terdiri dari 48 menteri dan 56 wakil menteri. Jajaran Kabinet Merah Putih hari ini baru saja menyelesaikan retreat di Akademi Militer (Akmil) Magelang, Jawa Tengah. Retreat digelar sejak Kamis, 25 Oktober 2024.Dari sejumlah nama menteri yang ditunjuk Presiden Prabowo Subianto, beberapa di antaranya masih tergolong muda. Siapa saja mereka?7 Menteri Termuda Kabinet Prabowo1. Iftitah Sulaiman - 47 tahunLetkol TNI (Purn) Muhammad Iftitah Sulaiman Suryanagara yang lahir pada 10 Maret 1977, telah berusia 47 tahun ketika dilantik jadi Menteri Transmigrasi pada 21 Oktober 2024. Purnawirawan TNI itu merupakan politikus Partai Demokrat.Pria asal Banten itu merupakan lulusan terbaik Akademi Militer (Akmil) 1999 dan penerima Bintang Adhi Makayasa. Karier Iftitah di militer harus terhenti pada 2018 lantaran memutuskan untuk pensiun dini dari TNI dan fokus membantu AHY dalam dunia politik dan bisnis.2. Raja Juli Antoni - 47 tahunRaja Juli Antoni yang lahir di Pekanbaru, Riau, pada 13 Juli 1977, kini telah berusia 47 tahun. Pada 21 Oktober 2024, politikus PSI itu dilantik menjadi Menteri Kehutanan.Dalam riwayat kariernya, Juli Antoni pernah dipercaya sebagai Direktur Eksekutif Maarif Institute yang didirikan mantan Ketua Umum PP Muhammadiyah, Ahmad Syafii Maarif. Dirinya juga sempat menjadi calon Ketua Umum PP Muhammadiyah periode 2015–2020, namun gagal.3. Agus Harimurti Yudhoyono - 46 tahunAnak dari Presiden Susilo Bambang Yudhoyono ini lahir pada 10 Agustus 1978. Saat ini dirinya dipercaya untuk menjadi Menteri Koordinator Infrastruktur dan Pembangunan Wilayah, yang merupakan kementerian baru di Kabinet Merah Putih.Sebelumnya, AHY sempat menduduki posisi Menteri Agraria dan Tata Ruang Indonesia selama beberapa bulan. Dirinya merupakan Ketua Umum dari Partai Demokrat.4. Meutya Hafid - 46 tahunSelanjutnya ada Meutya Hafid yang menjabat sebagai Menteri Komunikasi dan Digital pada usia 46 tahun. Wanita kelahiran 3 Mei 1978 tersebut adalah mantan Anggota DPR sejak 2010 menggantikan Burhanuddin Napitupulu yang meninggal dunia.Sebelum terjun ke politik, ia bekerja sebagai jurnalis di Metro TV serta menjadi pembawa acara di beberapa acara televisi.5. Prasetyo Hadi 44 tahunPrasetyo Hadi yang merupakan politisi Partai Gerindra dipercaya menjadi Menteri Sekretaris Negara ketika masih berusia 44 tahun. Pria yang lahir pada 28 Oktober 1979 tersebut adalah mantan anggota DPR-RI yang mengundurkan diri pada Juli 2020.Kala itu, dirinya bertugas di Komisi II yang membidangi Pemerintahan Dalam Negeri dan Otonomi Daerah.6. Maman Abdurrahman - 42 tahunMaman Abdurrahman lahir pada 10 September 1980, sehingga usianya kini masih 42 tahun. Pria asal Pontianak ini pernah menjabat sebagai anggota DPR-RI selama dua periode, dari tahun 2018 hingga 2024.Kader Partai Golkar itu bertugas di Komisi VII dan dipercaya menjabat sebagai Wakil Ketua Komisi VII.7. Dito Ariotedjo -34 tahunMenteri termuda di Kabinet Merah Putih yang dibentuk Prabowo Subianto adalah Dito Ariotedjo yang masih berusia 34 tahun. Pria kelahiran 25 September 1990 itu bahkan merupakan menteri termuda sepanjang sejarah Orde Baru.Dito juga menjadi orang kelahiran dasawarsa 1990-an pertama yang menjadi menteri. Sebelumnya, ia pernah masuk ke dalam jajaran tim ahli Menteri Koordinator Bidang Perekonomian Indonesia di tahun 2022 lalu.
            
                Lihat Juga: Gibran Bakal Jadi Plt Presiden Pekan Depan, Begini Kata Istana
            (abd)","Minggu, 27 Oktober 2024 - 23:51 WIB",nasional
2 Tentara Garda Revolusi Iran Tewas Akibat Serangan Israel,"TEHERAN - Dua tentara IRGC (Garda Revolusi Iran ) tewas dalam Operasi Hari-hari Pertobatan (Operation Days of Repentance), nama serangan Israel terhadap target militer Iran. ""Demi membela keamanan Iran dan melindungi rakyat serta kepentingan negara, militer Republik Islam Iran mengorbankan dua pejuangnya tadi malam saat mereka menghadapi proyektil dari 'rezim Zionis kriminal,'"" demikian laporan IRNA, kantor berita Iran. Iran mengatakan pertahanan udaranya telah berhasil menangkal serangan itu tetapi beberapa lokasi telah menerima ""kerusakan terbatas."" Sebuah kantor berita semi-resmi Iran bersumpah akan memberikan ""reaksi proporsional"" terhadap serangan Israel.Tingkat kerusakan sebenarnya mungkin tidak diketahui, karena laporan menunjukkan Teheran telah mengancam warga sipil dengan hukuman penjara yang lama jika mereka berbagi bukti serangan Israel dengan media Barat.Situs berita Iran menayangkan rekaman penumpang di Bandara Mehrabad Teheran, yang tampaknya dimaksudkan untuk menunjukkan bahwa dampaknya kecil. Media lokal telah melaporkan ledakan selama beberapa jam di ibu kota dan di pangkalan militer terdekat.Pihak berwenang Iran telah berulang kali memperingatkan Israel terhadap serangan apa pun.""Iran berhak untuk menanggapi agresi apa pun, dan tidak diragukan lagi bahwa Israel akan menghadapi reaksi yang proporsional atas tindakan apa pun yang diambilnya,"" kata kantor berita semi-resmi Tasnim pada hari Sabtu. Melansir Press TV, Angkatan Pertahanan Udara Iran telah mengonfirmasi serangan Israel yang menargetkan posisi di provinsi Teheran, Khuzestan, dan Ilam, dengan mengatakan agresi tersebut berhasil digagalkan.""Meskipun sebelumnya pejabat Republik Islam telah memperingatkan rezim Zionis kriminal dan ilegal untuk menghindari tindakan nekat, rezim palsu ini menyerang sebagian pusat militer di provinsi Teheran, Khuzestan, dan Ilam pagi ini dalam tindakan yang menimbulkan ketegangan,"" kata angkatan pertahanan udara dalam sebuah pernyataan pada Sabtu pagi, dilansir Press TV. 
                
                    Baca Juga
                    
                        
                    
                        
                    
                        
                            Takut Iran Akan Balas Dendam, AS Klaim Tak Terlibat dalam Serangan Israel
                        
                    
                 
            
                Lihat Juga: Ayatollah Khamenei Disebut Sakit Parah usai Serangan Israel, Faktanya Sehat Bugar","Sabtu, 26 Oktober 2024 - 16:59 WIB",internasional
"Israel Serang Iran, Arab Saudi Marah Besar!","TEHERAN - Arab Saudi mengutuk serangan Israel terhadap Iran sebagai pelanggaran kedaulatan negara dan pelanggaran hukum serta norma internasional.“Kerajaan Arab Saudi menegaskan posisi tegasnya dalam penolakannya terhadap eskalasi yang terus berlanjut di kawasan tersebut dan perluasan konflik yang mengancam keamanan dan stabilitas negara dan masyarakat di kawasan tersebut,” kata Kementerian Luar Negeri Saudi dalam sebuah pernyataan, dilansir Al Jazeera. Riyadh juga mendesak semua pihak untuk “menahan diri sepenuhnya dan mengurangi eskalasi”, memperingatkan konsekuensi dari konflik militer yang terus berlanjut di kawasan tersebut.Hal itu terjadi setelah militer Israel melakukan serangan udara terhadap Iran pada hari Sabtu, menghantam pangkalan militer dan lokasi rudal, serta sistem lain di beberapa wilayah.
                
                    Baca Juga
                    
                        
                    
                        
                    
                        
                            AS Peringatkan Iran Tak Balas Serangan Israel Terbaru
                        
                    
                 “Kerajaan Saudi menyerukan kepada masyarakat internasional dan pihak-pihak yang berpengaruh dan aktif untuk menjalankan peran dan tanggung jawab mereka guna mengurangi eskalasi dan mengakhiri konflik di kawasan tersebut.”Sementara itu, Kementerian Luar Negeri Malaysia telah merilis sebuah pernyataan sebagai tanggapan atas serangan Israel semalam terhadap sejumlah lokasi di Iran, dengan menyebut serangan tersebut sebagai “pelanggaran hukum internasional yang jelas” yang “secara serius merusak keamanan regional”.“Malaysia menyerukan penghentian segera permusuhan dan diakhirinya siklus kekerasan,” kata pernyataan tersebut.Kementerian Luar Negeri menambahkan bahwa serangan Israel yang terus berlanjut terhadap negara-negara di Timur Tengah terus membawa kawasan itu lebih dekat ke ambang perang yang lebih luas.
            
                Lihat Juga: Netanyahu Ungkap Ingin Berdamai dengan Negara-negara Arab
            (ahm)","Sabtu, 26 Oktober 2024 - 14:28 WIB",internasional
Mendes PDTT: Lewat P2KTD Desa Bakal Partisipasi dalam Program Makan Bergizi Gratis,"JAKARTA - Menteri Desa dan Pembangunan Daerah Tertinggal (Mendes PDT) Yandri Susanto berharap desa bisa berpartisipasi dalam Program Makan Bergizi Gratis (MBG). Yandri menyambut positif langkah Penyedia Peningkatan Kapasitas Teknis Desa (P2KTD) turut berpartisipasi mendukung Program MBG tersebut lewat layanan teknis yang disediakan P2KTD.Dengan peran P2KTD yang terintegrasi dalam program nasional, desa-desa menjadi ujung tombak percepatan peningkatan gizi dan pengentasan stunting, sekaligus mendukung capaian RPJMN 2025–2029.""Desa-desa dapat mengembangkan mekanisme distribusi yang efisien untuk menyukseskan Program MBG, khususnya dalam penyaluran makanan bergizi ke sekolah-sekolah, pesantren, dan lembaga pendidikan di desa,"" kata Mendes Yandri dalam pembukaan acara Pelatihan Tim Verifikasi P2KTD, Minggu (27/10/2024)
                
                    Baca Juga
                    
                        
                    
                        
                    
                        
                            Prabowo: Yang Tak Dukung Program Makan Bergizi Silakan Keluar dari Pemerintahan Saya
                        
                    
                 Dukungan ini memperkuat tujuan nasional dalam menekan angka stunting dan meningkatkan kesehatan masyarakat. Kolaborasi BUMDes untuk Penyediaan Pangan Lokal Bergizi: P2KTD memfasilitasi desa untuk berdayakan BUMDes dan BUMDesMA dalam penyediaan bahan pangan lokal yang sehat dan bergizi. Hal ini sejalan dengan alokasi anggaran Rp71 triliun pada tahap awal Program MBG dan memastikan bahwa desa dapat berpartisipasi aktif dalam distribusi pangan bergizi, menciptakan nilai tambah bagi ekonomi lokal.Hingga 2 Oktober 2024, total Progres BUM Desa berjumlah 54.891, terdiri dari BUM Desa yang sudah mendaftar nama berjumlah 27.597 dan BUM Desa yang sudah mendaftar Badan Hukum berjumlah 27.294.
                
                    Baca Juga
                    
                        
                    
                        
                    
                        
                            Survei Indikator: 77,6% Masyarakat Dukung Program Makan Bergizi Gratis
                        
                    
                 Total Progres BUM Desa Bersama berjumlah 3.362, terdiri dari BUM Desa Bersama yang sudah mendaftar nama berjumlah 2.948 dan Bum Desa Bersama yang sudah mendaftar Badan Hukum berjumlah 414.Total Progres BUM Desa Bersama berjumlah 2.528, terdiri dari BUM Desa Bersama Lkd yang sudah mendaftar nama berjumlah 938 dan BUM Desa Bersama Lkd yang sudah mendaftar Badan Hukum berjumlah 1.590.
            
                Lihat Juga: 5 Pekerjaan Rumah Presiden Prabowo Jaga Kedaulatan Bangsa","Minggu, 27 Oktober 2024 - 23:55 WIB",nasional
Mentan Amran Tegaskan Tidak Ada Toleransi untuk Korupsi di Kementerian Pertanian,"JAKARTA - Menteri Pertanian (Mentan) Andi Amran Sulaiman berkomitmen penuh untuk memberantas praktik korupsi, nepotisme, dan kolusi di lingkungan Kementerian Pertanian (Kementan). Penandatanganan pakta integritas oleh pejabat Eselon I di lingkup Kementan menjadi wujud nyata komitmen seluruh jajaran Kementan dalam menjaga integritas dan transparansi sebagai dasar pelaksanaan tugas.Selain penandatanganan pakta integritas, Kementan juga menyelenggarakan penandatanganan Komitmen Penerapan Core Values ASN BerAKHLAK dan Employer Branding 'Bangga Melayani Bangsa'. Kegiatan ini dihadiri oleh mitra pertanian, termasuk pengusaha, sebagai wujud dukungan dalam mengembalikan kepercayaan publik terhadap institusi dan menciptakan tata kelola yang bersih di sektor pertanian.Mentan Amran menggarisbawahi bahwa pemberantasan korupsi bukan sekadar jargon, tetapi langkah konkret untuk memastikan akuntabilitas di Kementan. “Kita tidak boleh bermain-main. Sesuai arahan Bapak Presiden, kita harus melakukan pencegahan dan menghentikan praktik korupsi, nepotisme, dan kolusi. Itu semua tidak boleh terjadi,” ujarnya saat memberikan arahan di Kantor Pusat Kementan, Jakarta, Selasa (29/10/2024)Menurutnya, pakta integritas bukan hanya simbol, tetapi janji seluruh pejabat dan pegawai Kementan untuk bekerja dengan jujur, transparan, dan berorientasi pada pelayanan publik. Mentan Amran juga menekankan pentingnya mengambil tindakan tegas terhadap segala bentuk penyalahgunaan wewenang dan praktik percaloan dalam proyek atau pengadaan. “Tidak boleh ada yang menggoda Kementan, dan Kementan juga tidak boleh tergoda untuk bermain-main. Kami berharap Kementan dapat mencapai swasembada pangan secara terhormat,” ujarnya menegaskan.Mentan Amran juga memberikan peringatan kepada para pengusaha, “Bagi pengusaha yang membawa calo, akan saya blacklist,” katanya.Ia menegaskan bahwa integritas adalah kunci dalam mencapai ketahanan pangan nasional, dan aparatur yang berintegritas tinggi akan memberikan kontribusi lebih besar terhadap pencapaian visi Kementan. “Saya menginginkan komitmen penuh dari seluruh jajaran Kementan untuk bekerja secara profesional dan menghindari praktik korupsi. Harta yang berlimpah tidak ada artinya jika kehormatan kita ternoda. Kita harus bekerja sama untuk membangun reputasi yang baik bagi anak cucu kita di masa depan,” tutur Mentan Amran.Dengan pakta integritas ini, Kementan bertekad untuk terus meningkatkan kepercayaan masyarakat melalui pelayanan publik yang bersih dan berintegritas, serta membangun tata kelola yang lebih transparan di masa depan.Sebelumnya, Mentan Amran telah mengambil langkah tegas dengan mencopot seorang pejabat Eselon II di Kementan yang terbukti terlibat dalam praktik korupsi. Langkah ini diambil sebagai upaya menegakkan integritas dan transparansi di sektor pertanian, sejalan dengan arahan Presiden Prabowo Subianto untuk memberantas korupsi di seluruh jajaran pemerintahan.
            
                Lihat Juga: Bangkitkan Semangat Wirausaha, Indocomtech 2024 Padukan Pameran Bisnis dan Ritel
            (ars)","Rabu, 30 Oktober 2024 - 12:04 WIB",nasional
"Tingkatan Kompetensi Dokter Gigi, Ladokgi TNI AL Gelar Pelatihan Dental Implan","JAKARTA   - Ladokgi TNI AL R.E Martadinata menggelar pelatihan Dental Implan bagi Dokter Gigi Umum Tersertifikasi Kemenkes Angkatan I Tahun 2024. Pelatihan ini untuk meningkatkan kompetensi para dokter gigi di kalangan TNI AL. Kaladokgi R.E Martadinata Laksma TNI Wawan Suridwan, yang membuka secara resmi kegiatan tersebut menyampaikan, tujuan pelatihan ini adalah untuk meningkatkan kompetensi dokter gigi umum khususnya dari kalangan TNI AL sehingga dapat memiliki kompetensi dalam perawatan dental implan. “Situasi dan lingkungan penugasan anggota TNI menuntut tindakan perawatan kesehatan khususnya perawatan implan gigi yang tepat dan cepat karena mobiltas penugas TNI sangat dinamis,” ujarnya, Selasa (29/9/2024). 
                
                    Baca Juga
                    
                        
                    
                        
                    
                        
                            Ladokgi TNI AL RE Martadinata Sukses Operasi Perdana Bedah Rahang
                        
                    
                 Hal ini menuntut para stakeholders bidang kesehatan gigi dalam hal ini Ladokgi R.E Martadinata untuk dapat menyediakan dokter gigi dengan kompetensi tambahan seperti di bidang dental implan.“Ladokgi R.E Martadinata telah memiliki lembaga Diklat yang telah terakreditasi serta kurikulum yang telah disahkan oleh Kemenkes. Itu merupakan modal yang sangat berharga dalam penyelenggaraan pelatihan resmi untuk peningkatan kompetensi dokter gigi,” ucapnya.
                
                    Baca Juga
                    
                        
                    
                        
                    
                        
                            3 Perwira Tinggi TNI AL Dimutasi Jadi Staf Khusus KSAL, Ini Nama-namanya
                        
                    
                 Anggota Konsil Kesehatan Indonesia bidang Kedokteran Gigi, Laksda TNI (Purn) Andriani mengapresiasi Ladokgi R.E Martadinata dalam menginisiasi kegiatan pelatihan ini sebagai wujud dukungan kepada program pemerintah di bidang kesehatan. Antara lain, mendorong pemerataan pelayanan kesehatan yang berkualitas melalui peningkatan kompetensi SDM tenaga kesehatan khususnya dokter gigi agar dapat memberikan pelayanan kesehatan gigi yang bermutu kepada masyarakat sampai pelosok Nusantara.Ketua Panitia Pelaksana Letkol Laut (K) Heri Herliana menyampaikan kegiatan ini diikuti 10 dokter gigi militer dan non militer dari berabagai daerah di Tanah Air yaitu, Simeuleu, Padang, Pekanbaru, Padang, Tanjung Balai Karimun, Bangka Belitung, Banjarmasin, Surabaya dan Jakarta. Kegiatan pelatihan dilaksanakan mulai 28 Oktober sampai 6 November 2024 dengan tenaga fasilitator para dokter gigi spesialis di Ladokgi REM, Unhan, dan RSAL Mintohardjo.Hadir dalam acara pembukaan tersebut, Wakaladokgi, Ka RSGM, para Kadep, Ka Komed, Ka SPI, Dansatma, perwira staf dan tamu undangan lainnya.
            
                Lihat Juga: Waka BRIN Kunjungi Dislitbang TNI AL Bahas Riset Sistem Senjata Drone
            (cip)","Selasa, 29 Oktober 2024 - 12:43 WIB",nasional
"Perang Melawan Israel Memanas, Iran akan Naikkan Anggaran Militer hingga 200%","TEHERAN - Iran berencana melipatgandakan anggaran militernya, menurut seorang juru bicara pemerintah, karena ketegangan dengan Israel meningkat di tengah genosida militer Israel di Gaza dan Lebanon.“Peningkatan anggaran pertahanan yang direncanakan merupakan bagian dari proposal yang diajukan oleh pemerintah kepada parlemen untuk disetujui,” ungkap Fatemeh Mohajerani, juru bicara pemerintah, pada hari Selasa (29/10/2024).“Peningkatan yang cukup besar yang jumlahnya mencapai 200% telah disaksikan dalam anggaran pertahanan negara,” ujar Mohajerani, tanpa memberikan rincian lebih lanjut.Anggaran yang diusulkan akan dibahas, dengan anggota parlemen diharapkan untuk menyelesaikannya pada bulan Maret 2025.Pengeluaran militer Iran pada tahun 2023 adalah sekitar USD10,3 miliar, menurut lembaga pemikir Stockholm International Peace Research Institute (SIPRI).“Sebagai perbandingan, Israel menghabiskan USD27,5 miliar untuk militer pada tahun 2023,” papar SIPRI.Council on Foreign Relations, lembaga pemikir yang berkantor pusat di Washington, DC, mengatakan Amerika Serikat memberikan USD12,5 miliar bantuan militer kepada Israel dari 7 Oktober 2023 hingga April 2024.Pada tahun 2022, pengeluaran Iran untuk militernya adalah USD6,85 miliar, menurut data terbaru yang diterbitkan Bank Dunia.Pada hari Sabtu, militer Israel melancarkan serangan terhadap pangkalan militer di Iran, menghantam sekitar 20 lokasi selama beberapa jam di Ilam, Khuzestan, dan Teheran, menewaskan empat tentara.Melaporkan dari Teheran, Resul Serdar dari Al Jazeera mengatakan ""rasa urgensi"" telah meningkat di Iran setelah serangan ""di wilayahnya sendiri untuk pertama kalinya sejak Perang Iran-Irak pada 1980-an"".
            
                Lihat Juga: 3 Sekutu Zionis Ini Kutuk Langkah Israel Larang UNRWA","Rabu, 30 Oktober 2024 - 07:03 WIB",internasional
AS Peringatkan Iran Tak Balas Serangan Israel Terbaru,"WASHINGTON - Gedung Putih mengatakan serangan Israel semalam terhadap Iran harus mengakhiri baku tembak langsung antara kedua negara.Amerika Serikat (AS) juga memperingatkan Teheran tentang ""konsekuensi"" jika negara itu menanggapi.Seorang pejabat senior Gedung Putih mengatakan pemerintahan Presiden AS Joe Biden yakin operasi Israel harus ""menutup"" baku tembak langsung antara Israel dan Iran.“Presiden AS Joe Biden diberi tahu tentang perkembangan operasi Israel dan serangan yang dilakukan oleh Israel,” ungkap pejabat itu.Pejabat itu, yang memberi pengarahan kepada wartawan dengan syarat anonim, mengatakan AS tidak terlibat dalam serangan itu.Militer Israel telah melancarkan serangan terhadap Iran, menghantam sekitar 20 lokasi selama beberapa jam sebagai respons atas serangan rudal Republik Islam itu pada 1 Oktober terhadap Israel. Juru bicara militer Israel mengatakan serangan yang kini telah selesai, yang dia namakan sebagai operasi ""Hari-hari Pembalasan"", dengan menyerang ""sarana produksi rudal"" Iran, serta sistem rudal permukaan-ke-udara dan kemampuan pertahanan udara lainnya. Israel telah memperingatkan Iran agar tidak membalas, dengan mengatakan mereka akan ""diwajibkan untuk membalas"" lagi.Rezim Zionis menambahkan mereka memiliki ""target tambahan"" yang dapat diserang jika itu terjadi. Seorang juru bicara Dewan Keamanan Nasional AS mengatakan Washington mengetahui serangan oleh sekutunya, tetapi tidak berpartisipasi, dan menggambarkan operasi itu sebagai ""latihan membela diri"". Pihak berwenang Israel telah menutup wilayah udara negara tersebut hingga pukul 8:30 waktu setempat (05:30 GMT), tetapi belum mengeluarkan status siaga kepada warga negaranya.
                
                    Baca Juga
                    
                        
                    
                        
                    
                        
                            Israel Serang Iran, 7 Ledakan Terdengar di Teheran dan Sekitarnya
                        
                    
                 
            
                Lihat Juga: Kapal Transformers Bisa Berubah Vertikal Menjadi Laboratorium Canggih
            (sya)","Sabtu, 26 Oktober 2024 - 14:01 WIB",internasional
"Perubahan Kebijakan, Dinamika Logis","HendarmanAnalis Kebijakan Ahli Utama pada Kemendikbudristek/Dosen Sekolah Pascasarjana Universitas PakuanSejumlah wacana muncul dari menteri-menteri Kabinet Merah Putih untuk meninjau kembali berbagai kebijakan yang sudah diluncurkan pendahulu-pendahulu mereka. Wacana tersebut muncul sebagai konsumsi publik pada berbagai media resmi maupun tidak resmi. Pernyataan yang dilontarkan ke publik tersebut mungkin menimbulkan pendapat yang berbeda dari berbagai kalangan masyarakat. Pendapat pro-kontra tersebut sangat alami karena berbagai sudut pandang yang memengaruhi pendapat masing-masing pihak.Pernyataan tersebut juga disampaikan oleh menteri yang mengurusi pendidikan dasar dan menengah. Dikatakannya bahwa kebijakan yang terkait beberapa episode Merdeka Belajar akan menjadi perhatian dalam periode kepemimpinannya. Menarik untuk diikuti dan disikapi karena sesungguhnya peninjauan kembali sebuah kebijakan yang sudah ada, merupakan sesuatu yang lumrah dalam dinamika pemerintahan.Hal ini bukan sesuatu yang aneh. Setiap transisi perubahan kepemimpinan di negeri ini pastinya sudah ditunggu berbagai kalangan dan lapisan masyarakat, termasuk komunitas pendidikan. Pertanyaan yang mendasar dalam sektor pendidikan, misalnya, adalah apakah akan terjadi perubahan terhadap kebijakan yang selama lima tahun terakhir berlabelkan “Merdeka Belajar”. Atau malah sebaliknya, yaitu kebijakan dalam bentuk episode-episode tersebut akan dilanjutkan sebagaimana yang sudah dirancang sebelumnya.Mengelola pendidikan bukan merupakan hal yang mudah. Tidak hanya terjadi di negeri ini, tetapi juga di berbagai belahan dunia. Tidak mudah karena pendidikan pada kenyataannya seringkali dipengaruhi oleh intervensi berbagai kepentingan, termasuk dinamika global yang terjadi begitu cepat. Suatu kebijakan mungkin akan baik pada saat diluncurkan, tetapi kemudian memerlukan pencermatan dan perhatian khusus dalam beberapa tahun implementasinya.Apakah salah ketika muncul wacana untuk mengkaji, mengubah dan bahkan merombak kebijakan yang sudah diputuskan sebelumnya?Evaluasi KebijakanDalam disiplin ilmu kebijakan publik, keinginan untuk mengkaji kebijakan yang sudah ada, menjadi bagian yang tidak terpisahkan dari siklus kebijakan itu sendiri. Proses ini untuk memastikan efektivitas, efisiensi, dan dampak dari kebijakan yang telah diterapkan. Melalui proses ini ada beberapa manfaat. Pertama, membantu dalam memahami sejauh mana kebijakan mencapai tujuannya. Kedua, memberikan dasar untuk perbaikan dan pengambilan keputusan yang lebih baik di masa depan.Apabila ada anggapan bahwa pergantian menteri dimaknai sebagai pergantian kebijakan, sebenarnya tidak tepat sama sekali. Pernyataan menteri tertentu yang berniat untuk mengkaji ulang merupakan sah-sah saja, sepanjang tidak didasarkan atas tingkat emosional atau keinginan adanya warisan atau legacy selama periode kepemimpinannya. Yang harus dipastikan, evaluasi dilakukan secara sistematis untuk menilai bagaimana suatu kebijakan dijalankan, serta seberapa efektif dan efisien kebijakan tersebut dalam mencapai tujuannya. Seperti yang diingatkan Rossi, Lipsey, & Freeman (2023), bahwa proses evaluasi tersebut harus didasarkan atas data yang dianalisis untuk memastikan kebijakan sebelumnya memiliki hasil dan dampak. Pertanyaan yang mungkin muncul, apakah dalam periode sebelumnya belum pernah dilakukan kajian terhadap implementasi beberapa episode Merdeka Belajar yang diluncurkan? Atau pertanyaan lain, apabila memang pernah dilakukan, apakah kajian atau evaluasi tersebut dijadikan sebagai masukan untuk memperbaiki implementasi kebijakan yang sudah ada? Chen & Lee (2022) mengatakan bahwa evaluasi kebijakan biasanya mencakup beberapa aspek utama, yaitu efektivitas (apakah tujuan kebijakan tercapai?); efisiensi (sejauh mana sumber daya digunakan secara optimal?); dan dampak (apa efek jangka panjang dari kebijakan?). Evaluasi ini berperan penting dalam memberikan informasi yang relevan untuk perbaikan dan penyesuaian kebijakan. Mengutip pendapat Vedung (2023), bahwa mengevaluasi kebijakan yang sudah ada sebelumnya akan membantu menilai apakah kebijakan tertentu memenuhi tujuan yang telah ditetapkan dan sejauhmana proses implementasinya mempengaruhi hasil yang diinginkan.
            
                Lihat Juga: Mensesneg Pastikan Anggota Kabinet Merah Putih Pakai Mobil Dinas Maung, Bukan Sewa","Selasa, 29 Oktober 2024 - 13:04 WIB",nasional
"Besok, 20.000 Buruh Kawal Putusan MK soal Uji Materi UU Cipta Kerja","JAKARTA -  Mahkamah Konstitusi (MK)  akan membacakan putusan terkait uji materil terhadap  Undang-Undang Cipta Kerja , Kamis (31/10/2024) besok. Sebanyak 20.000 buruh akan mengawal putusan tersebut.Ketua Konfederasi Serikat Pekerja Indonesia (KSPI) DKI Jakarta, Winarso mengatakan, buruh akan berunjuk rasa sambil menunggu putusan itu di Kawasan Monas, Patung Kuda, Jakarta Pusat.""Kira-kira ada 20.000 lebih buruh akan ikut mengawal putusan MK di Patung kuda,"" ujar Winarso kepada wartawan, Rabu (30/10/2024).Karena aksi tersebut akan berlangsung di Jakarta, maka pihaknya akan memfasilitasi kelompok buruh dari wilayah lain.""Kita di DKI Jakarta pasti menjadi tuan rumah dari kawan-kawan kita yang ada di wilayah penyangga DKI Jakarta khususnya seperti jawa Barat, banten, Tanggerang, Bogor besok kita akan tumpah ruah di sini,"" ucapnya.Sekedar informasi, gugatan perkara itu diajukan oleh Partai Buruh, KSPI, KSPSI AGN, KPBI, FSPMI, dan beberapa buruh outsourcing yang di-PHK. Presiden Partai Buruh, Said Iqbal menyebut putusan ini penting bagi keberlangsungan para buruh.""Putusan ini sangat krusial bagi masa depan dunia kerja di Indonesia, mengingat banyaknya pasal dalam UU Cipta Kerja yang dinilai merugikan pekerja,"" kata Said Iqbal dalam keterangan.Said mendesak agar MK mengabulkan seluruh petitum yang diajukan, terutama terkait pencabutan pasal-pasal yang merugikan pekerja.""Kami meminta MK untuk menghapus aturan tentang upah murah, outsourcing seumur hidup, PHK yang dipermudah, pesangon rendah, karyawan kontrak tanpa periode yang jelas, tenaga kerja asing unskilled yang masuk tanpa izin, serta penghapusan hak cuti panjang dan cuti melahirkan dengan upah penuh,"" ujarnya.Salah satu masalah yang disorot adalah praktik PHK yang dipermudah dengan hanya melalui pesan singkat seperti WhatsApp.""Bahkan, PHK sekarang bisa dilakukan hanya lewat WhatsApp dan disetujui oleh Dinas Tenaga Kerja. Ini jelas kebijakan neoliberal yang sangat merugikan buruh,"" kata Said.
            
                Lihat Juga: Demo Ratusan Buruh di Balai Kota Jakarta, Tuntut Kenaikan UMP dan Cabut UU Cipta Kerja
            (abd)","Rabu, 30 Oktober 2024 - 18:16 WIB",nasional
300.000 Warga Israel Terganggu Kesehatan Mentalnya sejak 7 Oktober 2023,"TEL AVIV - Data resmi yang diungkap Israel menunjukkan 300.000 orang di berbagai bagian negara tersebut telah mengakses layanan kesehatan mental sejak dimulainya perang genosida terhadap warga Palestina di Gaza pada Oktober 2023. Data yang dikeluarkan Kementerian Kesehatan Israel tersebut dipresentasikan kepada Komite Kesehatan Parlemen.“Jumlah pasien di lapangan secara bertahap meningkat dan mencapai 300.000 orang, pada berbagai tingkatan karena perang,” jelas kepala Divisi Kesehatan Mental di kementerian tersebut, Gilad Bodenheimer. Dia menjelaskan, “330 juta shekel (USD88,4 juta) telah dialokasikan dalam bentuk hibah untuk mendukung dana kesehatan guna memperluas klinik psikiatri untuk tahun 2024, sementara 610 juta shekel (USD163,4 juta) telah dialokasikan untuk tahun 2025.”Pejabat itu menunjukkan jumlah psikoterapis, pekerja sosial, dokter kesehatan mental, dan terapis okupasi telah meningkat selama periode yang sama.“Krisis psikologis yang disebabkan oleh peristiwa tragis dan perang yang terjadi setelahnya mengharuskan kita sebagai komite dan sebagai masyarakat untuk memastikan bahwa upaya yang sedang dilakukan untuk rehabilitasi psikologis bagi mereka yang terkena dampak dan kerabat mereka tidak berhenti,” ungkap Kepala Komite Kesehatan Knesset Yonatan Mashriki MK dari Partai Shas.
                
                    Baca Juga
                    
                        
                    
                        
                    
                        
                            Hizbullah Tunjuk Naim Qassem sebagai Pemimpin Baru
                        
                    
                 
            
                Lihat Juga: 3 Alasan Israel Mengalami Kekalahan Perang di Lebanon dan Gaza
            (sya)","Rabu, 30 Oktober 2024 - 06:37 WIB",internasional
Prabowo Minta Data Subsidi Selesai dalam Dua Minggu,"JAKARTA -  Presiden Prabowo Subianto  meminta jajaran menteri Kabinet Merah Putih menyinkronkan data-data  subsidi  untuk masyarakat dalam dua pekan ke depan. Hal itu penting dilakukan agar data subsidi tepat sasaran.""Sekarang lagi mempertajam data-data supaya masyarakat yang menerima tepat. Tak ada lagi subsidi yang tak tepat sasaran seperti itu. Tepat sasaran subsidinya ke orang. Masih dikaji, perintahnya dua minggu diselesaikan,"" kata Kepala Kantor Komunikasi Kepresidenan Hasan Nasbi di Kompleks Istana Kepresidenan, Jakarta, Rabu (30/10/2024).Hasan mengatakan, pemerintah saat ini akan menyinkronkan data-data penerima subsidi termasuk dari Data Terpadu Kesejahteraan Sosial (DTKS) hingga data dari Bappenas. Ia menegaskan pemberian subsidi nantinya akan sesuai dengan by name by address yang datanya sinkronisasi di bawah koordinasi Badan Pusat Statistik (BPS).
                
                    Baca Juga
                    
                        
                    
                        
                    
                        
                            Prabowo Perintahkan Subsidi BBM Langsung Diberikan ke Masyarakat
                        
                    
                 ""Sudah ditunjuk tadi data disiapkan BPS. Seluruh kementerian terlibat dan leading sektor BPS,"" katanya.Hasan mengatakan sinkronisasi data ini untuk tindak lanjut kebijakan subsidi energi, di antaranya listrik, BBM, hingga gas.""Ini soal kebijakan (subsidi) energi. Segala macam. Subsidi itu nanti akan diberikan supaya lebih tepat sasaran bagi masyarakat yang membutuhkan,"" katanya.
            
                Lihat Juga: Baleg DPR Usul Prolegnas Disesuaikan dengan Asta Cita Prabowo
            (abd)","Rabu, 30 Oktober 2024 - 17:27 WIB",nasional
"Milad ke-119, Syarikat Islam Doakan Prabowo Sukses Pimpin Negara","JAKARTA - Puncak peringatan tasyakuran Milad ke-119 Syarikat Islam (SI) diselenggarakan hari ini dengan menggelar pengajian dan tabligh akbar di Masjid Istiqlal. Tasyakuran ini dihadiri puluhan ribu kaum Syarikat Islam dari perwakilan seluruh Indonesia. Presiden Syarikat Islam Hamdan Zoelva mengatakan, digelarnya acara milad ke-119 sebagai bentuk silaturahim nasional kaum SI se-Indonesia untuk penguatan perjuangan dakwah, terutama dakwah bidang ekonomi yang menjadi fokus perjuangan SI sejak awal berdirinya pada 1905.""Perjuangan dakwah ekonomi ini yang akan jadi fokus SI sebagai mana tujuan awal berdirinya syarikat Islam untuk ikut membantu pemerintah mengatasi ketimpangan sosial ekonomi di tengah tengah ummat"", ujar Hamdan di Jakarta Minggu (27/11/2024) 
                
                    Baca Juga
                    
                        
                    
                        
                    
                        
                            Ucapkan Selamat Prabowo-Gibran, Hamdan: Semoga Indonesia Jadi Maju dan Sejahtera
                        
                    
                 Wakil Sekretaris Jenderal (Wasekjen) SI Yudhi Irsyadi menegaskan, kegiatan ini sekaligus menjadi ajang konsolidasi bagi kaum Syarikat Islam dan sekaligus mendoakan Presiden Prabowo Subianto yang telah dilantik seminggu yang lalu agar sukses dalam memimpin Indonesia 5 tahun ke depan. “Terima kasih atas kepercayaan Presiden yang mengangkat Sekjen SI Ferry Juliantono menjadi Wamen Kemenkop dan Yassierli pengurus SI Jawa Barat jadi Menteri Tenaga Kerja. Ini selaras dengan perjuangan dakwah ekonomi SI,” tegas YudhiHadir dalam acara ini Presiden Syarikat Islam Hamdan Zoelva, Ustaz Adi Hidayat sebagai penceramah tabligh akbar yang mensupport gerakan SI dalam kegiatan dakwah ekonomi dan sejumlah tamu undangan seperti dari BSI, Bank Mandiri yang merupakan mitra pemberdayaan ekonomi kaum Syarikat Islam. 
            
                Lihat Juga: Survei Indikator: 85,3% Publik Meyakini Kepemimpinan Prabowo Lima Tahun Mendatang
            (cip)","Minggu, 27 Oktober 2024 - 21:58 WIB",nasional
"Tidak Seperti Hassan Nasrallah, Pemimpin Baru Hizbullah Justru Bukan dari Keturunan Nabi Muhammad, Kenapa?","BEIRUT - Iran mengatakan pemilihan Naim Qassem sebagai pemimpin baru Hizbullah setelah pembunuhan Hassan Nasrallah akan memungkinkan kelompok itu muncul sebagai pemenang meskipun ada tekanan.Qassem, yang dijadwalkan menyampaikan pidato pertamanya sebagai sekretaris jenderal Hizbullah dalam beberapa jam ke depan, adalah penerus yang ""layak"", tulis Menteri Luar Negeri Iran Abbas Araghchi dalam sebuah pesan.""Kami akan senang bertemu dengannya, tetapi ini akan bergantung pada perkembangan yang sedang berlangsung di Lebanon,"" katanya.Mohammad Bagheri, kepala staf Angkatan Bersenjata Iran, mengatakan bahwa pemilihan Qassem ""adalah perwujudan dari otoritas, kesiapan, dan kapasitas yang berkembang dari front perlawanan yang bangga dan juara Lebanon, Hizbullah, untuk mengatasi krisis dan pasti mengatasi musuh vampir Zionis"".Siapa Naim Qassem?Sekretaris jenderal baru Hizbullah adalah Naim Qassem, orang nomor dua setelah mendiang Hassan Nasrallah yang dibunuh oleh Israel pada 27 September.Hizbullah mengumumkan pengangkatan tersebut pada hari Selasa melalui saluran Telegramnya.1. Aktif di Hizbullah sejak LamaQassem memiliki sejarah panjang dalam aktivisme politik Syiah dan telah menjadi wakil sekretaris jenderal Hizbullah sejak 1991 ketika Abbas al-Musawi menjadi sekretaris jenderal.Al-Musawi juga dibunuh oleh Israel.“Ia berharap menjadi sekretaris jenderal Hizbullah ketika Musawi terbunuh pada tahun 1992,” kata Nicholas Blanford, seorang peneliti senior nonresiden pada program Timur Tengah Dewan Atlantik, kepada Al Jazeera.“Dewan Syura memilih Nasrallah, yang merupakan anak ajaib Musawi.”2. Pernah Berguru kepada Ayatollah Agung Mohammad Hussein FadlallahMelansir Al Jazeera, Qassem lahir di Kfar Kila, provinsi Nabatieh, sebuah desa di Lebanon selatan yang telah menderita banyak serangan Israel, terutama sejak Oktober lalu.Salah satu mentor agama Qassem adalah Ayatollah Agung Mohammad Hussein Fadlallah yang sangat dihormati, dan Qassem sendiri telah mengajar kelas-kelas agama selama beberapa dekade di Beirut.Pada tahun 1970-an, ia bergabung dengan Gerakan Orang-Orang yang Dirampas milik mendiang Imam Musa al-Sadr, yang akhirnya menjadi bagian dari Gerakan Amal di Lebanon.
            
                Lihat Juga: Netanyahu Ungkap Ingin Berdamai dengan Negara-negara Arab","Rabu, 30 Oktober 2024 - 18:57 WIB",internasional
Netanyahu Tuduh Iran Kembangkan Stockpile Bom Nuklir untuk Hancurkan Israel,"TEL AVIV - Perdana Menteri (PM)  Benjamin Netanyahu  telah menuduh  Iran  mengembangkan stockpile (cadangan)  bom nuklir  yang ditujukan untuk menghancurkan  Israel. Tuduhan pemimpin rezim Zionis itu disampaikan dua hari setelah Israel mengebom situs-situs militer di Republik Islam Iran.Pada hari Sabtu, Israel melakukan serangan udara di sejumlah situs militer Iran sebagai respons atas serangan ratusan rudal Teheran pada 1 Oktober, yang sebenarnya juga merupakan pembalasan atas pembunuhan para pemimpin milisi pro-Iran dan seorang komandan Korps Garda Revolusi Islam (IRGC).""Iran tengah berupaya keras mengembangkan stockpile bom nuklir untuk menghancurkan kita, dilengkapi dengan rudal jarak jauh, rudal antarbenua yang tengah diupayakan Iran,"" kata Netanyahu dalam pidatonya kepada para anggota Parlemen Israel pada Senin.
                
                    Baca Juga
                    
                        
                    
                        
                    
                        
                            Jenderal Iran Klaim Negaranya Miliki Senjata Rahasia Lebih Kuat dari Bom Nuklir
                        
                    
                 ""Iran dapat mengancam seluruh dunia kapan saja,"" lanjut Netanyahu, seperti dikutip dari Al Arabiya English, Selasa (29/10/2024).""Menghentikan program nuklir Iran menjadi prioritas utama kami, dan karena alasan yang jelas, saya tidak dapat berbagi dengan Anda semua rencana dan tindakan kami dalam hal ini,"" imbuh dia.Pemerintah Iran telah lama membantah bahwa mereka tengah berupaya membangun senjata nuklir dan menegaskan bahwa program nuklirnya untuk tujuan damai.Sebaliknya, Israel diyakini para pakar militer telah lama memiliki senjata nuklir. Namun, rezim Zionis tidak mengakui maupun membantahnya.Dalam beberapa tahun terakhir, Iran telah mengurangi kerja samanya dengan Badan Tenaga Atom Internasional (IAEA), sementara secara signifikan meningkatkan program nuklirnya, termasuk mengumpulkan persediaan uranium yang diperkaya dalam jumlah besar.Namun, kepala pengawas nuklir PBB mengatakan pekan lalu bahwa Iran menunjukkan keinginan untuk kembali terlibat dalam masalah nuklir.
            
                Lihat Juga: 3 Dosa Israel Terhadap Indonesia, Salah Satunya Lukai TNI","Selasa, 29 Oktober 2024 - 07:28 WIB",internasional
Dampak Positif Rencana Prabowo Hapus Utang Petani dan Nelayan,"Muda SalehDirektur Eksekutif Lingkar Pemuda IndonesiaPRESIDEN Prabowo Subianto akan menghapus utang dari setidaknya enam juta nasabah berprofesi petani dan nelayan. Tentu hal ini meringankan bagi masyarakat yang memiliki penghasilan dari pertanian dan sektor laut.Mengutip data Badan Pusat Statistik (BPS), angka kemiskinan dari sektor pertanian dengan persentase penduduk usia 15 tahun ke atas yakni pada 2021 sebanyak 10,29 persen. Sedangkan tahun 2022 yakni 11,14 persen, kemudian pada tahun 2023 sebesar 10,51 persen.Tantangan yang dihadapi para petani saat ini yaitu modal yang terbatas, harga produk tidak stabil, kelangkaan sarana produksi pertanian (saprodi), maupun harga pupuk yang tidak merata, dan pengurangan jumlah pupuk bersubsidi dari tujuh jenis menjadi dua jenis. Hal ini terjadi atas Keputusan Menteri Pertanian (Kepmentan) Nomor 734 Tahun 2022.
                
                    Baca Juga
                    
                        
                    
                        
                    
                        
                            Prabowo Ingatkan Peran Penting Petani dalam Kemerdekaan Indonesia
                        
                    
                 Sementara, jumlah nelayan berdasarkan data Kementerian Kelautan dan Perikanan (KKP) lebih dari dua juta orang, dan 85% adalah nelayan kecil. Diketahui, nelayan merupakan bagian penting dalam upaya Indonesia untuk membangun ekonomi biru. Namun, nelayan di Indonesia masih menghadapi berbagai masalah, seperti, kemiskinan, rendahnya kesejahteraan, modal yang tidak memadai, permainan harga jual ikan serta terbatasnya daya serap industri pengelolaan ikan.Prabowo Implementasikan Program 6 Aksi Transformasi Bangsa di Sektor Pertanian dan NelayanDua sektor ini merupakan satu paket dalam tujuan kesejahteraan rakyat Indonesia yang dirangkum dalam program 6 Aksi Transformasi Bangsa yang bertujuan untuk meningkatkan kesejahteraan petani dan nelayan. Tentu Prabowo paham betul bagaimana mewujudkan ketahanan pangan dan sektor kelautan. Dengan adanya skema penghapusan utang, artinya para petani dan nelayan tidak akan terbebani dengan memulai untuk usaha baru yang lebih baik.Sinyal Prabowo kepada Bankir di Djakarta TheaterPresiden Prabowo secara terbuka menegaskan bahwa banyak bankir yang takut kepadanya jika menjadi presiden. Hal ini ia sampaikan saat menjadi pembicara di acara Deklarasi Barisan Pengusaha Pejuang Dukung Prabowo di Djakarta Theater pada Rabu (8/11/2023).Bahkan dengan lantang ia menyebut, ""Tahu nggak yang banyak takut kalau gue jadi presiden, tahu nggak siapa? Itu bankir-bankir itu. Kita minta kredit susahnya bukan main.""Apa yang diucapkan Prabowo bukan hanya bualan. Tepat baru sepekan dilantik menjadi Presiden ke-8 RI, Prabowo langsung merealisasikan ucapannya terhadap dunia perbankan. Pertama, soal penghapusan utang. Kedua, Prabowo memaksa agar para bankir memberikan kemudahan pinjaman serta pelayanan yang berimbang kepada para petani dan nelayan yang merupakan pekerja di sektor menengah ke bawah.Dengan adanya penghapusan utang, akan berdampak positif guna menggairahkan dunia pertanian dan nelayan yang selama ini merasa dipunggungi oleh kekuatan pemilik modal. Dengan perbaikan sistem ini, Pemerintahan Prabowo dipastikan bisa mewujudkan kesejahteraan dari sektor tersebut.
            
                Lihat Juga: Tekad Prabowo Berantas Korupsi sampai ke Akarnya Mendapat Dukungan","Senin, 28 Oktober 2024 - 13:17 WIB",nasional
5 Perwira Tinggi Bersiap Tinggalkan TNI Usai Dimutasi Jenderal Agus Subiyanto,"JAKARTA - Lima  Perwira TInggi TNI  bersiap pensiun setelah  mutasi TNI  di akhir Oktober 2024. Mereka terdiri dari tiga Perwira Tinggi (Pati) Angkatan Darat, dua satu Pati Angkatan Laut, dan Satu Pati Angkatan Udara.Mutasi TNI ini didasarkan pada Surat Keputusan Panglima TNI Nomor Kep/1264/X/2024 tanggal 18 Oktober 2024. Meski begitu, mutasi tersebut baru diumumkan ke publik pada 20 Oktober 2024 oleh Kapuspen TNI Mayjen TNI Hariyanto.Dalam SK tersebut, Panglima TNI Jenderal TNI Agus Subiyanto memutasi 63 perwira yang terdiri dari 35 perwira TNI AD, 15 perwira TNI AL, dan 13 perwira TNI AU. Dari total 63 Pati yang terkena mutasi, lima di antaranya akan bersiap meninggalkan TNI. Siapa saja mereka?
                
                    Baca Juga
                    
                        
                    
                        
                    
                        
                            9 Kolonel Dimutasi Panglima TNI pada Oktober 2024, Ini Nama-namanya
                        
                    
                 5 Perwira TNI Bersiap Tinggalkan TNI Setelah Dimutasi1. Mayjen TNI Suparlan Purwo UtomoMayjen TNI Suparlan Purwo Utomo termasuk yang masuk dalam daftar mutasi TNI pada Oktober 2024. Tentara kelahiran 1966 itu dipindahtugaskan menjadi Pati Mabes TNI AD dalam rangka pensiun.Sejumlah jabatan penting pernah diemban Perwira Tinggi (Pati) berpangkat terakhir jenderal bintang 2 ini. Antara lain, Pabanjiandok Sdirjian Kodiklatad, Pabanopslat Sdirlat Kodiklatad, dan Danpuslatpur Kodiklatad. Jabatan terakhir lulusan Akmil 1990 ini adalah Pa Sahli Tk. III Kasad Bid. Jahpers.2. Brigjen TNI Waston PurbaSelanjutnya ada Brigjen TNI Waston Purba. Sama seperti Mayjen TNI Suparlan Purwo Utomo, Waston juga dirotasi menjadi Pati Mabes TNI AD dalam rangka pensiun.Waston Purba merupakan teman satu angkatan Panglima TNI Jenderal TNI Agus Subiyanto, yakni lulusan Akmil 1991. Ia pecah bintang atau meraih pangkat Brigjen TNI pada September 2024 ketika dipromosikan sebagai Pa Sahli Tk. II Ekku Sahli Bid. Ekkudag Panglima TNI. 3. Brigjen TNI Haris KurniatamaPerwira TNI yang bersiap pensiun dari Angkatan Darat selanjutnya adalah Brigjen TNI Haris Kurniatama. Sama dengan Brigjen TNI Waston Purba, dirinya juga baru pecah bintang pada September 2024 lalu.Kala itu dirinya mendapat promosi menjadi Pa Sahli Tk. II Kamkonf Komunal Sahli Bid. Polkamnas Panglima TNI. Kini Haris Kurniatama telah dipindahkan menjadi Pati Mabes TNI AD dalam rangka pensiun.4. Laksma TNI Mohamad IskandarDari Angkatan Laut, ada Laksamana Pertama TNI Mohamad Iskandar. Sebelum dimutasi ke Pati Mabes TNI AL, dirinya menjabat sebagai Irben Inspektorat Jenderal TNI AL.Lulusan Akademi Angkatan Laut (AAL) 1988 itu juga tercatat pernah menduduki posisi Pakoorwas Inspektorat Jenderal TNI-AL, Pamen Sahli Perbendaharaan Sahli KSAL Bid. Ekojemen, dan Paban IV Bek Slogal Mabesal.5. Marsda TNI Eding SungkanaPerwira TNI terakhir yang akan meninggalkan TNI adalah Marsekal Muda TNI Eding Sungkana. Danseskoau dimutasi menjadi Pati Mabes TNI AU.Dalam riwayat jabatannya, lulusan Akademi Angkatan Udara (AAU) 1989 ini pernah menjabat sebagai Pa Sahli Tk. III Bidang Hubint Panglima TNI dan Wadankodiklatau tahun 2022, Waasops Kasau di 2020, serta Komandan Lanud Atang Sendjaja di tahun 2019.Itulah sejumlah Perwira TNI yang bersiap untuk meninggalkan TNI setelah mutasi akhir Oktober 2024. Kinerja mereka tentu patut diapresiasi, mengingat mereka semua telah menjalankan tugas dan tanggung jawabnya selama puluhan tahun di militer.
            
                Lihat Juga: Deretan 8 Marsda yang Masuk Daftar Mutasi TNI 18 Oktober 2024
            (abd)","Senin, 28 Oktober 2024 - 14:13 WIB",nasional
Trump Kecam Harris Asyik Berpesta saat Timur Tengah Membara,"WASHINGTON - Calon presiden dari Partai Republik Donald Trump mengomentari situasi di Timur Tengah saat rapat umum di Michigan.""Kita sedang berperang dan dia berpesta,"" ujar Trump, merujuk pada lawannya dari Partai Demokrat, Kamala Harris.Wakil presiden AS itu tengah mengadakan rapat umum kampanye di Houston, Texas, bersama Beyonce dan selebritas lainnya.Berbicara di rapat umum di Traverse City, Michigan, mantan Presiden Trump mengalihkan perhatiannya pada perjuangan Harris mendapatkan suara dari populasi Arab Amerika yang besar di negara bagian itu.Dukungan Harris terhadap perang Israel di Gaza telah mengasingkan banyak pemilih Arab Amerika yang sebelumnya mendukung Presiden Biden dalam pemilu 2020.""Kamala juga benar-benar jatuh bebas dengan populasi Arab dan Muslim di Michigan. Dia benar-benar jatuh bebas,"" ujar Trump.""Dia mengirim pekerjaan mereka ke luar negeri, membawa kejahatan ke kota-kota mereka, dan malam ini di Timur Tengah, itu seperti kotak api yang siap meledak. Orang-orang terbunuh pada tingkat yang belum pernah kita lihat sebelumnya. Dan itu sedang terjadi sekarang,” ungkap Trump. Trump juga berusaha menyoroti kritik yang diterima Harris karena menyoroti dukungan terhadapnya dari mantan anggota DPR Partai Republik Liz Cheney dan ayahnya, mantan Wakil Presiden Dick Cheney.“Mengapa Muslim mendukung Kamala ketika dia merangkul Liz Cheney yang membenci Muslim? Bisakah Anda mempercayainya? Liz Cheney, pecundang total, yang ayahnya membawa perang dan kematian selama bertahun-tahun ke Timur Tengah,” papar Trump.Pernyataan Trump merujuk pada Cheney yang lebih tua, yakni salah satu tokoh paling berkuasa dalam pemerintahan George W Bush, yang melancarkan perang di Afghanistan dan Irak setelah serangan pada 11 September 2001.Peneliti di Universitas Brown memperkirakan pada tahun 2023 bahwa jumlah korban tewas kolektif dari perang pasca-11 September bisa mencapai 4,5 juta jiwa, termasuk dari penyakit dan faktor tidak langsung lainnya.“Ayahnya membunuh lebih banyak orang Arab daripada manusia mana pun di bumi. Dia mendorong Bush, dan mereka pergi ke Timur Tengah,” papar Trump tentang Dick Cheney.
                
                    Baca Juga
                    
                        
                    
                        
                    
                        
                            Israel Serang Iran, 7 Ledakan Terdengar di Teheran dan Sekitarnya
                        
                    
                 
            
                Lihat Juga: Iron Dome Israel Sudah Jebol, Padahal Hizbullah Belum Gunakan Kemampuan Rudal secara Penuh
            (sya)","Sabtu, 26 Oktober 2024 - 12:30 WIB",internasional
"96 Tahun Sumpah Pemuda, Refleksi PKB sebagai Partai Anak Muda","Muhammad Rodli KaelaniSekretaris Jenderal DKN Garda Bangsa, Wakil Ketua Umum DPP Ikatan Pemuda Tionghoa IndonesiaSETIAP tanggal 28 Oktober, kita selalu memperingati Hari Sumpah Pemuda . Sumpah Pemuda tahun 1928 merupakan tonggak penting dalam sejarah bangsa Indonesia, di mana semangat persatuan dan kebangsaan dipelopori oleh anak-anak muda. Momentum ini menjadi puncak dari gerakan-gerakan anak muda yang telah muncul sebelumnya, seperti kebangkitan nasional pada 1908, yang dipelopori oleh Budi Utomo.Sejak itu, peran anak muda dalam pembaharuan sosial dan politik tidak dapat dipisahkan dari dinamika perubahan bangsa. Bahkan, di era reformasi, anak-anak muda (mahasiswa) kembali menjadi garda terdepan dalam menuntut perubahan rezim otoritarianisme menuju demokrasi yang lebih terbuka. Dengan kata lain, perjalanan bangsa Indonesia selama 79 tahun selalu diwarnai oleh spirit dan kepeloporan kaum pemuda.Namun, 96 tahun setelah Sumpah Pemuda berlangsung, tantangan yang dihadapi generasi muda semakin kompleks. Fenomena bonus demografi yang sering dianggap sebagai “berkah” untuk bangsa, pada kenyataannya menyimpan berbagai paradoks. Generasi milenial dan Gen Z, yang menjadi tumpuan harapan bangsa, tidak hanya membawa potensi besar, tetapi juga dihadapkan pada tantangan-tantangan serius. Paradoks Bonus DemografiBonus demografi yang dimaksud adalah lonjakan jumlah penduduk usia produktif, yang dianggap bisa mendorong pertumbuhan ekonomi. Dan ini memang merupakan momen langka, pasalnya tidak semua negara memiliki kesempatan emas ini. Dimana penduduk berusia produktif (15-65 tahun) jumlahnya lebih besar dibandingkan usia 0 - 14 tahun dan di atas 65 tahun. Namun, realitasnya, bonus demografi ini juga menyimpan sejumlah tantangan serius.Tingkat pengangguran di kalangan anak muda cukup tinggi. Tahun 2023, data Badan Pusat Statistik (BPS) melaporkan jumlah pengangguran di kalangan anak muda tembus mencapai 22,25 persen dari total penduduk usia muda. Situasi ini diperparah dengan kerentanan psikologis akibat tekanan sosial, ekonomi, dan budaya digital yang semakin menguat. Alih-alih menjadi kelas menengah yang kuat, banyak di antara mereka justru terjebak dalam kondisi ekonomi yang stagnan, di mana daya beli mereka menurun dan sikap individualistik semakin menguat bahkan aksi kriminalisme-kekerasan yang dilakukan usia mudah semakin parah.Gejala itu setidaknya bisa diprediksi dengan melakukan pembacaan terhadap pertumbuhan ekonomi Indonesia selama 20 tahun terakhir yakni sejak 2003 hingga 2023 berjalan sangat melambat. Dimana angka pertumbuhan ekonomi Indonesia hanya diangka 5% (Bappenas: 2024). Realitas ini kemudian berdampak pada trend penurunan daya beli. Plt Kepala BPS Amalia Adininggar Widyasanti melaporkan, September 2024 terjadi deflasi sebesar 0,12 persen (VoA Indonesia).Faktor ekonomi ini akan turut semakin memperparah kerentanan psikologis yang dihadapi generasi ini. Tahun 2023, Kemenkes merilis sebanyak 6,1 persen penduduk Indonesia berusia 15 tahun ke atas mengalami gangguan kesehatan mental. Gangguan kesehatan mental yang dihadapi Gen z meningkat hingga mencapai 200%. Selain masalah ekonomi, masalah pelik lain yang tengah dihadapi Gen Z ini adalah menguatnya sikap individualistik di kalangan mereka.Paradoks ini menunjukkan bahwa tidak semua anak muda siap menghadapi dunia kerja yang semakin kompetitif, sementara dunia politik dan pembangunan lebih banyak dikendalikan oleh kekuatan uang (pemodal). Di sini, Partai Kebangkitan Bangsa (PKB) berhasil melihat adanya pergeseran nilai yang perlu diantisipasi. PKB sebagai partai yang konsisten merangkul anak muda, melihat fenomena ini sebagai sebuah tantangan sekaligus peluang untuk memperkuat peran generasi muda di masa depan.Alih Kepemimpinan: Tanggung Jawab Generasi dan Peran Partai PolitikTantangan ini semakin relevan dalam konteks alih kepemimpinan nasional. Prabowo Subianto yang terpilih sebagai Presiden RI 2024-2029 memiliki tanggung jawab itu. Fenomena munculnya anak-anak muda yang mulai mengambil peran sebagai pejabat publik merupakan sinyal positif. Sesuatu yang kini juga tengah menjadi konsentrasi partai politik untuk terus didorong, mengingat ceruk pemilih muda juga signifkan. Partai politik mulai menyadari bahwa masa depan bangsa ada di tangan anak muda, dan oleh karena itu, peran mereka harus semakin dikuatkan.
            
                Lihat Juga: Prabowo: Saya Yakin PKB Akan Kembali Mendukung Saya","Senin, 28 Oktober 2024 - 11:57 WIB",nasional
"Istana Bikin Akun Instagram Resmi Presiden Prabowo, Ini Namanya","JAKARTA - Kantor Komunikasi Kepresidenan membuat  akun Instagram  untuk  Presiden Prabowo Subianto . Akun bernama @presidenrepublikindonesia itu dipersiapkan untuk lembaga kepresidenan bukan untuk pribadi.""Ini kita siapkan sebagai akun resmi lembaga kepresidenan. Jadi bukan akun pribadi,"" kata Kepala Kantor Komunikasi Kepresidenan, Hasan Nasbi dalam keterangannya, Rabu (30/10/2024).Hasan menjelaskan, akun Instagram @presidenrepublikindonesia nantinya akan mengunggah kegiatan Prabowo sebagai presiden. ""Nanti direncanakan berisi kegiatan-kegiatan beliau sebagai presiden,"" kata Hasan.Akun @presidenrepublikindonesia itu memiliki keterangan ""akun resmi kepresidenan dikelola oleh Kantor Komunikasi Kepresidenan @pco.ri'. Saat ini akun tersebut memiliki 380.000 follower. Akun Instagram itu telah mengunggah satu foto yakni saat Ketika Prabowo Subianto membacakan sumpah sebagai Presiden Republik Indonesia di DPR, beberapa waktu lalu.""Demi Allah saya bersumpah, akan memenuhi kewajiban sebagai Presiden Republik Indonesia dengan sebaik-baiknya dan seadil-adilnya, memegang teguh UUD 1945, dan menjalankan segala undang-undang dan peraturan-peraturan dengan selurus-lurusnya serta berbakti kepada nusa dan bangsa,"" kalimat keterangan pada foto tersebut.
            
                Lihat Juga: Jadi Korban Mafia Tanah, Guru Besar IPB Kirim Surat Keadilan ke Presiden Prabowo
            (abd)","Rabu, 30 Oktober 2024 - 11:16 WIB",nasional
"Iran Ledek Serangan Israel: Zionis Seperti Uang Receh, Terlalu Lemah","TEHERAN - Pemerintah  Iran  telah meremehkan skala dan efektivitas serangan  Israel  terhadap siitus-situs militernya pada Sabtu dini hari. Para pejabatnya bahkan meledek serangan tersebut, yang dianggap terlalu lemah untuk menyaikiti Teheran.Di Teheran, saat ini terjadi perdebatan internal Iran tentang cara menanggapi serangan Israel.Dalam membuat keputusannya, elite politik Iran harus mempertimbangkan berbagai tekanan politik, diplomatik, dan militer yang saling bertentangan. Namun, nada awal dari pemerintah adalah kebanggaan patriotik atas kinerja pertahanan udara, alih-alih seruan untuk pembalasan segera. Beberapa bahkan mengklaim bahwa pertahanan udara terbukti lebih baik daripada Iron Dome milik Israel.
                
                    Baca Juga
                    
                        
                    
                        
                    
                        
                            Jet Siluman F-35 Israel Dilaporkan Mengebom Iran, Serang 4 Sistem Rudal S-300, 4 Tentara Tewas
                        
                    
                 Dalam pernyataan sementara, Kementerian Luar Negeri Iran mengutuk serangan tersebut, dengan menambahkan: ""Iran merasa berhak dan berkewajiban untuk membela diri terhadap tindakan agresi asing.""Juru bicara pemerintah Iran, Fatemeh Mohajerani, mengatakan: ""Kerusakan yang terjadi hanya terbatas"". Menurutnya kebanggaan rakyat Iran telah diperkuat oleh respons mereka terhadap serangan Israel.Amir-Hossein Sabeti, anggota parlemen ultra-konservatif untuk Teheran, mengatakan di X: “Keamanan yang stabil bergantung pada otoritas dan respons yang kuat terhadap kesalahan terkecil musuh. Meskipun gunung Israel melahirkan seekor tikus, pelanggaran garis merah Iran dan invasi wilayah negara itu harus ditanggapi pada tingkat yang akan mengejutkan mereka.”“Waktu terbaik untuk menanggapi adalah ketika mereka terlibat dalam perang yang melelahkan di Gaza dan Beirut,” paparnya, seperti dikutip The Guardian, Minggu (27/10/2024).Di media sosial ada seruan untuk meluncurkan Operasi Janji Sejati III, referensi nama kode yang diberikan untuk dua serangan pertama Iran terhadap Israel.Sebaliknya, mantan profesor Universitas Teheran Sadegh Zibakalam mengatakan: “Serangan udara dini hari Israel terhadap Iran lebih dari sekadar pencapaian militer bagi Tel Aviv, itu adalah keberhasilan diplomatik bagi Washington, yang mampu memaksa [Perdana Menteri Israel Benjamin] Netanyahu untuk secara ketat membatasi serangan sehingga Iran tidak perlu membalas. Amerika telah menunjukkan untuk kesekian kalinya bahwa mereka tidak menginginkan perang dengan Iran.”
            
                Lihat Juga: Perbandingan Kekuatan Militer Iran vs Indonesia","Minggu, 27 Oktober 2024 - 12:20 WIB",internasional
5 Pekerjaan Rumah Presiden Prabowo Jaga Kedaulatan Bangsa,"JAKARTA   - Ketua Umum Dewan Pimpinan Nasional Asosiasi Petani Tembakau Indonesia (DPN APTI) Agus Parmuji menaruh harapan besar kepada Presiden ke-8 Indonesia Prabowo Subianto untuk melindungi jutaan petani tembakau di Tanah Air dari ancaman global dan berbagai regulasi. Agus Parmuji mengungkapkan, saat ini industri hasil tembakau legal telah diawasi dan diatur dengan lebih dari 480 peraturan yang ketat, baik sisi fiskal maupun nonfiskal yang meliputi peraturan daerah, peraturan bupati/wali kota/gubernur, sampai kementerian dan perundang-undangan. Belum lagi terbitnya PP 28 Tahun 2024 dan Rancangan Peraturan Menteri Kesehatan (RPMK) tentang Pengamanan Produk Tembakau dan Rokok Elektronik yang menuai penolakan dari banyak kalangan, termasuk penolakan dari ekosistem pertembakauan.
                
                    Baca Juga
                    
                        
                    
                        
                    
                        
                            Ancam Keberlangsungan Petani Tembakau, Bungkus Rokok Polos Tanpa Merek Banjir Penolakan
                        
                    
                 “Padatnya regulasi aturan yang dibebankan IHT legal nasional tersebut, akan berdampak pula bagi kelangsungan hidup jutaan petani tembakau yang selama ini bergantung pada pabrikan rokok,"" ujar Agus Parmuji dihubungi di Jakarta, Selasa (29/10/2024).Agus Parmuji menegaskan, demi melindungi jutaan petani tembakau yang selama ini sebagai soko guru ekonomi bangsa, DPN APTI menitipkan 5 PR besar pada Presiden Prabowo Subianto. Pertama, pemerintah Indonesia tidak perlu mengaksesi Framework Convention on Tobacco Control (FCTC). Mengingat posisi Indonesia seperti halnya beberapa negara lain di dunia yang mata pencaharian masyarakatnya banyak yang bergantung dari sektor pertembakauan. 
                
                    Baca Juga
                    
                        
                    
                        
                    
                        
                            41 Perwira Polisi Berpangkat Kompol Dimutasi Kapolda Metro Jaya, Ini Nama-namanya
                        
                    
                 Menurutnya, kerangka FCTC jika diterapkan di Indonesia akan mematikan tenaga kerja, petani, buruh, yang juga bakal menekan pertumbuhan ekonomi nasional. Hal itu, justru bertolak belakang dengan visi misi Asta Cita yang ingin menyerap jutaan tenaga kerja demi meningkatkan pertumbuhan ekonomi Indonesia.Pihaknya juga mendukung visi Presiden Prabowo yang akan menjalankan kepemimpinan negara dan bangsa dengan tulus, dengan mengutamakan kepentingan seluruh rakyat Indonesia.""Kami berharap Presiden Prabowo tidak meratifikasi FCTC. Suara rakyat wajib didengar oleh Pemerintah Indonesia, utamanya mereka yang hajat hidupnya bergantung pada industri hasil tembakau,"" tegasnya. 
            
                Lihat Juga: Kowani Harap Pemerintahan Prabowo-Gibran Berpihak pada Perempuan dan Anak","Selasa, 29 Oktober 2024 - 10:15 WIB",nasional
Anggota Negosiator Kesepakatan Sandera Israel Mengundurkan Diri,"TEL AVIV - Seorang anggota senior tim perunding gencatan senjata dan penyanderaan Israel telah mengumumkan pengunduran dirinya. Dalam pengumumannya, Brigadir Jenderal Oren Setter mengatakan negosiasi untuk mencapai kesepakatan pembebasan tahanan dan gencatan senjata di Jalur Gaza terhenti setelah lebih dari setahun perang genosida Israel.Otoritas penyiaran resmi mengatakan pada Senin (28/10/2024) bahwa Setter, yang merupakan wakil Mayor Jenderal Nitzan Alon, pejabat yang bernegosiasi atas nama militer Israel, membuat pengumumannya tanpa peringatan. ""Setter sangat terlibat dalam merumuskan rencana gencatan senjata dan pembebasan tahanan Israel yang ditangkap di Gaza yang diadopsi oleh Presiden Biden dan Dewan Keamanan PBB,"" ungkap badan penyiar tersebut. Diduga Setter mengumumkan pengunduran dirinya karena kebuntuan dalam pembicaraan.“Pada Senin sore, kepala Mossad (agen mata-mata, David Barnea) kembali dari Doha, dan dapat dikatakan jika ada kemungkinan terobosan, kita tidak akan menyaksikan pengunduran diri yang dramatis ini,” ujar badan penyiar itu.Mengomentari pengunduran diri pejabat senior dari tim negosiasi, juru bicara militer Israel Daniel Hagari mengatakan, “Sebagai bagian dari tim, Setter bekerja tanpa lelah untuk memperkuat upaya pengembalian yang ditangkap. Dia akan kembali untuk membantu tim di masa mendatang, sesuai kebutuhan.”Pada Senin, rezim kolonial Israel mengumumkan Barnea telah kembali dari Doha di mana dia membahas “rencana baru yang juga mencakup proposal sebelumnya” untuk mencapai kesepakatan dengan Hamas untuk pertukaran tahanan, menurut kantor Perdana Menteri Israel Benjamin Netanyahu. Barnea mengadakan pembicaraan dengan Perdana Menteri Qatar Mohammed Bin Abdulrahman Al-Thani dan Kepala Badan Intelijen Pusat AS William Burns selama kunjungan dua hari.Para pihak membahas rencana terpadu baru untuk kesepakatan pertukaran tahanan yang menggabungkan proposal sebelumnya dan juga mempertimbangkan isu-isu utama dan perkembangan terkini di kawasan tersebut, menurut pernyataan resmi tersebut.Meskipun ada upaya mediasi Qatar dan Mesir yang telah berlangsung selama berbulan-bulan, dan pengajuan satu demi satu proposal kesepakatan untuk mengakhiri perang di Gaza dan pertukaran tahanan, Netanyahu terus menetapkan persyaratan baru yang menghalangi kesepakatan apa pun yang disepakati.
                
                    Baca Juga
                    
                        
                    
                        
                    
                        
                            Hizbullah Tunjuk Naim Qassem sebagai Pemimpin Baru
                        
                    
                 
            
                Lihat Juga: Hizbullah Klaim Tewaskan Lebih dari 70 Tentara Israel
            (sya)","Selasa, 29 Oktober 2024 - 21:30 WIB",internasional
Netanyahu Takut Serangan Drone Hantam Gedung Parlemen Israel,"TEL AVIV - Perdana Menteri (PM) Israel Benjamin Netanyahu takut serangan pesawat nirawak akan menargetkan gedung Knesset. Anadolu melaporkan hal itu mengutip media lokal rezim Zionis.""Netanyahu takut pesawat nirawak, dan ketakutannya meningkat,"" ungkap Otoritas Penyiaran Israel.Otoritas Penyiaran Israel mencatat Tel Aviv mengantisipasi respons Iran terhadap serangan yang dilakukan terhadap Republik Islam pada hari Sabtu yang menewaskan empat tentara dan satu warga sipil Iran.Organisasi berita tersebut menambahkan Netanyahu bertanya selama pertemuan pribadi kemarin, ""Ke mana mereka bisa pergi jika pesawat nirawak menyerang Knesset sekarang?""""Yang paling saya takutkan adalah pesawat nirawak. Dalam menghadapi rudal, kami memiliki sistem yang baik untuk mendeteksi dan mencegatnya. Saya tidak mengerti mengapa Knesset bersidang di tempat permanennya dan tidak di tempat lain,"" ujar Netanyahu mengatakan selama pertemuan tersebut.Kantor Netanyahu tidak menanggapi permintaan komentar.“Pemerintah Israel tidak mengadakan pertemuan pekanan di kantor Netanyahu di Yerusalem Barat seperti biasanya, melainkan di bunker bawah tanah rahasia,” ungkap beberapa sumber media Israel.Sebelumnya pada Minggu, Channel 12 Israel mengatakan kantor Netanyahu telah meminta dua juta shekel (USD530.000) dari kas negara untuk melakukan peningkatan keamanan di rumah pribadinya di Caesarea setelah diserang pesawat nirawak Hizbullah akhir pekan lalu.
                
                    Baca Juga
                    
                        
                    
                        
                    
                        
                            Hizbullah Tunjuk Naim Qassem sebagai Pemimpin Baru
                        
                    
                 
            
                Lihat Juga: 3 Alasan Israel Mengalami Kekalahan Perang di Lebanon dan Gaza
            (sya)","Rabu, 30 Oktober 2024 - 00:01 WIB",internasional
"Tiru Amerika Serikat, Istana: IG Presiden Bukan Akun Pribadi","JAKARTA - Kepala Kantor Komunikasi Kepresidenan Hasan Nasbi menjelaskan maksud pembuatan akun Instagram (IG) baru untuk Presiden Indonesia @presidenrepublikindonesia dan @republikindonesia.Hasan pun mengatakan kedua akun Instagram tersebut merupakan akun kelembagaan yang akan dikelola oleh Kantor Komunikasi Kepresidenan. Hasan juga menegaskan akun itu bukan sebagai akun pribadi Presiden Prabowo Subianto.""Inikan yang kita siapkan itu bukan Instagram pribadi Pak Prabowo, tapi itu akun untuk lembaga kepresidenan. Jadi bukan akun pribadi,"" kata Hasan di Kompleks Istana Kepresidenan, Jakarta, Rabu (30/10/2024).
                
                    Baca Juga
                    
                        
                    
                        
                    
                        
                            Istana Bikin Akun Instagram Resmi Presiden Prabowo, Ini Namanya
                        
                    
                 Hasan kemudian membeberkan alasan pembuatan akun IG itu karena mempersiapkan dua nama username agar tidak dipakai oleh pengguna Instagram yang lain. ""Tapi mungkin nanti kita lebih cenderung ke akun Presiden Republik Indonesia,"" jelasnya.Hasan juga menjelaskan urgensi pembuatan kedua akun itu berkaca pada akun lembaga resmi kepresidenan di negara lain. Dia mencontohkan akun Instagram @potus. Di mana, akun tersebut merupakan milik 'President of the United States' yang akan difungsikan oleh masing-masing Presiden Amerika Serikat setiap periodenya. ""Jadi nanti siapa pun presidennya akan menggunakan akun ini,"" jelasnya.Diketahui, akun Instagram @presidenrepublikindonesia per Rabu (30/10/2024) pukul 15.00 WIB, memiliki 655.000 pengikut, sedangkan akun @republikindonesia memiliki 587.000 pengikut. Di mana, kedua akun tersebut telah terverifikasi centang biru dan dikelola langsung oleh Kantor Komunikasi Kepresidenan.Bahkan, akun @presidenrepublikindonesia menggunakan foto profil Prabowo. Hingga saat ini, baru terdapat satu unggahan yang menampilkan momen Prabowo mengucap sumpah dalam acara pelantikan Presiden di Gedung DPR/MPR, Jakarta, Minggu, 20 Oktober 2024 lalu. Sementara akun @republikindonesia baru berisi satu unggahan potret bendera merah putih yang berkibar.
            
                Lihat Juga: Hikmahbudhi Nilai Transisi Kepemimpinan Nasional Jokowi ke Prabowo Mulus
            (cip)","Rabu, 30 Oktober 2024 - 17:21 WIB",nasional
Detik-detik Penangkapan Terpidana Gregorius Ronald Tannur,"JAKARTA - Petugas Kejaksaan Tinggi (Kejati) Jawa Timur menangkap Gregorius Ronald Tannur (27) terpidana kasus penganiayaan terhadap kekasihnya, Dini Sera Afrianti (29) hingga tewas. Penangkapan dilakukan di kediamannya Surabaya. Kapuspenkum Kejagung Harli Siregar mengatakan, penangkapan terpidana Gregrorius Ronald Tannur berdasarkan Putusan Mahkamah Agung (MA) Nomor: 1466/K/Pid/2024 Tanggal 22 Oktober 2024. ""Putusan itu memutus bersalah telah melakukan tindak pidana penganiayaan yang menyebabkan mati sebagaimana diatur dalam Pasal 351 ayat (3) KUHP dengan pidana penjara selama 5 tahun,"" kata Harli Siregar, Minggu (27/10/2024). 
                
                    Baca Juga
                    
                        
                    
                        
                    
                        
                            Kejati Jatim Tangkap Ronald Tannur, Kejagung: Pelaksanaan Putusan MA
                        
                    
                 Penangkapan terpidana dilakukan di Pakuwon City Virginia Regency Kota Surabaya, pada hari ini Minggu 27 Oktober 2024 pukul 14.40 WIB. Awalnya, pukul 14.10 WIB tim berangkat dari kantor menuju kediaman terpidana Gregorius Ronald Tannur dan tiba Pukul 14.30 WIB. Kemudian tim masuk kerumah terpidana dan menyampaikan maksud dan tujuan kedatangan untuk menjemput dalam rangka pelaksanaan eksekusi. Saat itu yang bersangkutan didampingi oleh Asisten Rumah Tangga (ART).
                
                    Baca Juga
                    
                        
                    
                        
                    
                        
                            Tertunduk Lesu, Ini Penampakan Ronald Tannur saat Ditangkap di Surabaya
                        
                    
                 ""Pukul 14.45 Wib terpidana Gregorius Ronald Tannur berhasil dibawa dan diamankan oleh Tim Intelijen Kejati Jatim bersama Tim Jaksa Eksekutor Kejari Surabaya dan langsung dibawa menuju ke Kantor Kejaksaan Tinggi Jawa Timur,"" jelasnya. Kemudian tepat pada Pukul 15.40 Wib Terpidana Gregorius Ronald Tannur tiba di Kantor Kejati Jatim dengan pengamanan dari Tim Gabungan Intelijen. Bahwa upaya penangkapan dalam rangka eksekusi ini adalah hasil dari kerja keras Tim Intelijen yang selalu melakukan monitoring terhadap keberadaan terpidana Gregorius Ronald Tannur sesaat setelah Putusan Kasasi dari Mahkamah Agung RI Nomor: 1466/K/Pid/2024, sehingga tepatnya pada hari ini Minggu tanggal 27 Oktober 2024 pukul 14.40 WIB pelarian Terpidana Gregrorius Ronald Tannur berakhir di Surabaya.""Setelah berhasil ditangkap dan dibawa di Kantor Kejaksaan Tinggi Jawa Timur, maka terpidana Gregrorius Ronald Tannur segera di eksekusi oleh Jaksa Eksekutor di Lembaga Pemasyarakatan Kelas I Surabaya di Medaeng,"" pungkasnya.
            
                Lihat Juga: Mahfuf MD Bicara Zarof Ricar Bisa Jadi Pintu Masuk Bongkar Makelar Kasus Peradilan
            (cip)","Minggu, 27 Oktober 2024 - 20:02 WIB",nasional
Hizbullah Bangkit Lagi dengan Penunjukan Naim Qassem,"BEIRUT - Analis keamanan dan politik yang berbasis di Beirut Ali Rizk mengatakan keputusan menunjuk Naim Qassem sebagai sekretaris jenderal Hizbullah menunjukkan kelompok bersenjata itu sedang membangun kembali setelah terbunuhnya beberapa pemimpin puncak.""Ini akan berdampak pada peningkatan moral pendukung Hizbullah. Ini juga akan menjadi pesan kepada musuh-musuh Hizbullah bahwa tidak ada kekosongan kepemimpinan dan semuanya berjalan lancar dan Hizbullah sedang membangun kembali. Jadi saya pikir ada berbagai pesan yang dikirim,"" tegas Rizk kepada Al Jazeera.Hizbullah harus memilih wajah yang terkenal dan familiar untuk mengambil alih posisi dari Hassan Nasrallah, yang terbunuh dalam serangan Israel pada bulan September.""Satu-satunya wajah yang familiar yang tersisa, secara relatif, adalah Sheikh Naim Qassem. Jadi saya pikir apa yang kita miliki sekarang adalah pilihan pemimpin dari pengawal lama untuk mungkin memberi ruang bagi generasi baru untuk muncul dan wajah-wajah baru. Saya rasa tidak mungkin bagi Hizbullah untuk memilih sosok yang tidak dikenal saat ini,” ujar Rizk.Naim Qassem adalah pemimpin de facto Hizbullah setelah kematian Hassan Nasrallah. Dia muncul dalam tiga pesan yang direkam. Dalam pesan pertama, dia tidak tampak seyakin pesan kedua dan ketiga.Dia mengatakan struktur militer, kendali komando Hizbullah, masih utuh, dan kelompok itu terus menembakkan roket, pesawat nirawak, dan rudal melintasi perbatasan Israel.Qassem menunjuk pada fakta para pejuang Hizbullah tidak meninggalkan posisi mereka di sepanjang perbatasan, dan mereka terlibat dalam bentrokan sengit dengan pasukan Israel yang maju dan ada pertempuran sengit yang sedang berlangsung di sejumlah wilayah di sepanjang perbatasan itu.
                
                    Baca Juga
                    
                        
                    
                        
                    
                        
                            Hizbullah Tunjuk Naim Qassem sebagai Pemimpin Baru
                        
                    
                 
            
                Lihat Juga: Profil Ryan Girdusky, Panelis Konservatif Amerika yang Rasis ke Jurnalis Muslim soal Pager Lebanon
            (sya)","Selasa, 29 Oktober 2024 - 20:30 WIB",internasional
Militer Iran Ungkap Serangan Israel Targetkan Pangkalan di 3 Provinsi,"TEHERAN - Militer Iran mengonfirmasi serangan Israel terhadap negara tersebut menargetkan pangkalan militer di provinsi Ilam, Khuzestan, dan Teheran, yang menyebabkan ""kerusakan terbatas.""Pernyataan dari angkatan bersenjata Iran dibacakan di televisi pemerintah, yang tidak menunjukkan gambar dari lokasi serangan.Militer Iran mengklaim pertahanan udaranya membatasi kerusakan yang ditimbulkan oleh serangan Israel.Juru bicara militer Israel Daniel Hagari telah mengonfirmasi serangan balasan Israel terhadap Iran telah selesai.""Kami melakukan serangan yang terarah dan tepat terhadap target militer di Iran dan menggagalkan ancaman langsung terhadap Negara Israel,"" ujar dia.Hagari memperingatkan pemerintah Iran bahwa Israel siap menyerang target lebih lanjut di negara tersebut jika diperlukan.""Kami akan tahu cara memilih target tambahan... dan menyerang mereka jika diperlukan. Ini adalah pesan yang jelas, siapa pun yang mengancam Israel, akan membayar harga yang mahal,"" tegas dia.Militer Israel telah melancarkan serangan terhadap Iran, menghantam sekitar 20 lokasi selama beberapa jam sebagai respons atas serangan rudal Republik Islam itu pada 1 Oktober terhadap Israel. Juru bicara militer Israel mengatakan serangan yang kini telah selesai, yang dia namakan sebagai operasi ""Hari-hari Pembalasan"", dengan menyerang ""sarana produksi rudal"" Iran, serta sistem rudal permukaan-ke-udara dan kemampuan pertahanan udara lainnya. Israel telah memperingatkan Iran agar tidak membalas, dengan mengatakan mereka akan ""diwajibkan untuk membalas"" lagi.
            
                Lihat Juga: Ada Rusia di Balik Iran Sukses Ladeni Serangan Israel","Sabtu, 26 Oktober 2024 - 12:15 WIB",internasional
"Wujudkan Program Swasembada Pangan, Polri Rekrut Bintara Pertanian","JAKARTA - Kapolri Jenderal Polisi  Listyo Sigit Prabowo  telah menyiapkan sejumlah langkah dalam mendukung percepatan swasembada pangan yang merupakan program Presiden Prabowo Subianto. Polri akan segera melakukan sosialisasi perekrutan Bintara Kompetensi Khusus (Bakomsus).“Sedang dirancang maupun disusun untuk tindak lanjutnya, salah satunya adalah menindaklanjuti program ketahanan pangan yang diinisiasi oleh Bapak As SDM, kemarin sudah dipaparkan rencana merekrut Bakomsus yang berasal dari pertanian,” kata Kadiv Humas Polri Irjen Pol Sandi Nugroho, Rabu (30/10/2024).Sandi menjelaskan, Polri sudah melakukan kerja sama dengan sejumlah pihak termasuk Kementerian untuk mengetahui lembaga-lembaga pendidikan yang fokus di bidang pertanian dan ahli gizi.
                
                    Baca Juga
                    
                        
                    
                        
                    
                        
                            Kapolri Siapkan Program 100 Hari Sukseskan Asta Cita Prabowo-Gibran
                        
                    
                 “Rencana kick off akan disampaikan bulan November ini akan disosialisasi dan kemudian di bulan Desember sudah mulai perekrutan untuk bisa mendapatkan calon-calon terbaik untuk mengawali soal ketahanan pangan maupun untuk masalah keahlian di bidang gizi,” ujar dia.
                
                    Baca Juga
                    
                        
                    
                        
                    
                        
                            Kolaborasi dengan BUMN Pangan, Mentan Amran Optimalkan Kemandirian Pangan Nasional
                        
                    
                 Nantinya, Polri akan merekrut 600 orang baik dari Bakomsus maupun dari Sekolah Inspektur Polisi Sumber Sarjana (SIPSS). Mereka akan bertugas untuk membantu menyiapkan ketahanan pangan.“Mulai dari penyiapan lahan dari padi kemudian menyiapkan tanaman-tanaman lainnya, palawija, jagung, dan sebagainya. Maupun juga bagaimana untuk berkolaborasi untuk pemenuhan makan siang gratis sesuai dengan standar gizi yang ada. Makanya dibutuhkan polisi-polisi yang paham untuk itu, supaya bisa berkolaborasi dengan sebaik-baiknya,” jelas dia.
            
                Lihat Juga: Kolaborasi dengan BUMN Pangan, Mentan Amran Optimalkan Kemandirian Pangan Nasional
            (cip)","Rabu, 30 Oktober 2024 - 16:17 WIB",nasional
"Komitmen Terhadap Pendidikan Layak, Cagub Sulteng Ahmad Ali Ingin Siapkan Bus Sekolah","PARIGI MOUTONG - Calon Gubernur (cagub) Sulawesi Tengah (Sulteng) nomor urut 1 Ahmad Ali punya komitmen kuat untuk memastikan semua anak di Sulawesi Tengah dapat mengenyam pendidikan layak. Dia sudah menyiapkan berbagai program agar tidak ada lagi anak-anak usia belajar putus sekolah.Dalam visi misinya, Ahmad Ali memasukkan masalah pendidikan sebagai salah satu program utama yang akan diselesaikan. Dia memastikan tidak ada lagi orang tua yang terbebani biaya perlengakapan sekolah, seperti buku dan seragam.Oleh karena itu, pasangan Cagub Sulteng nomor urut 1 Ahmad HM Ali-Abdul Karim Al Jufri menjanjikan seragam dan buku sekolah gratis jika diberi amanah oleh masyarakat Sulawesi Tengah lewat Pemilihan Kepala Daerah (Pilkada) 27 November mendatang. Tidak hanya itu, Ahmad Ali ingin mendekatkan fasilitas dan akses sekolah bagi anak-anak di daerah.""Bukan memindahkan sekolahnya, tapi kami ingin menyiapkan fasilitas angkutan sekolah. Kita siapkan bus khusus sekolah agar orang tua tidak lagi khawatir anaknya berangkat dan pulang sekolah,"" kata Ahmad Ali saat kampanye di Desa Malanggo, Kecamatan Tinombo Selatan, Kabupaten Parigi Moutong (Parimo), Minggu (27/10/2024) sore.Ahmad Ali sendiri yakin bisa meraup suara mayoritas di wilayah Kabupaten Parimo.""Saya percaya, Insyaallah Parimo selalu jadi basis. Saya percaya masyarakat Parigi selalu menempatkan Ahmad Ali di hati mereka,"" tuturnya.Ahmad Ali mengaku rela berkeliling ribuan kilometer demi mendatangi pelosok-pelosok di Sulawesi Tengah demi melihat langsung kondisi dan kebutuhan masyarakat.Dia ingin, ketika diberi mandat menjadi gibernur, semua persoalan masyarakat dapat diselesaikan.""Atas nama cinta terhadap masyarakat Sulawesi Tengah, saya rela bercapai-capai. Tapi saya yakin, semua capai itu akan terbayar pada 27 November 2024. Saya ingin melihat masyarakat Sulawesi Tengah hidupnya lebih baik. Hari ini saya kembali ke Sulawesi Tengah meninggalkan karier politik nasional demi masyarakat. Saya tidak ingin lagi masyarakat Sulteng mengeluh karena merasa ditipu oleh politisi,"" ujarnya.""Izinkan saya untuk menjadi pelayan masyarakat Sulawesi Tengah, izinkan saya untuk melakukan yang terbaik bagi Sulawesi Tengah,"" ucap Ahmad Ali.Dia pun mengajak seluruh masyarakat Sulawesi Tengah untuk berjuang bersama-sama demi meraih harapan baru, Sulawesi Tengah yang lebih baik.
            
                Lihat Juga: Masyarakat Banjiri Kampanye di Pagimana, Kemenangan Pasangan BERAMAL Makin Jelas
            (skr)","Minggu, 27 Oktober 2024 - 19:46 WIB",nasional
3 Alasan Israel Mengalami Kekalahan Perang di Lebanon dan Gaza,"GAZA - Lebih dari setahun dalam perang Gaza, pasukan cadangan tentara Israel kelelahan dan berjuang untuk merekrut tentara saat membuka front baru di Lebanon. Itu menjadi alasan kekalahan Israel dalam perang di Lebanon dan Gaza. Sekitar 300.000 prajurit cadangan telah dipanggil sejak serangan Hamas pada 7 Oktober 2023, menurut tentara, 18 persen dari mereka adalah pria berusia di atas 40 tahun yang seharusnya dikecualikan.Dinas militer wajib dilakukan sejak usia 18 tahun bagi pria dan wanita Israel, meskipun ada beberapa pengecualian.Israel melancarkan perang multi-front melawan Hamas di Gaza dan kelompok militan yang didukung Iran, Hizbullah, di Lebanon.3 Alasan Israel Mengalami Kekalahan Perang di Lebanon dan Gaza1. Makin Banyak Tentara Israel Tewas Dibantai Hamas dan HizbullahSejak militer melancarkan serangan darat di Gaza pada 27 Oktober tahun lalu, telah kehilangan 367 tentara dalam operasi tersebut, sementara 37 orang tewas di Lebanon sejak Israel memulai operasi darat di sana pada 30 September.Periode tugas cadangan telah diperpanjang, dan beberapa prajurit cadangan mengeluh bahwa mereka tidak dapat melanjutkan kehidupan normal mereka hingga enam bulan berturut-turut.""Kami tenggelam,"" kata prajurit cadangan Ariel Seri-Levy dalam unggahan media sosial yang dibagikan ribuan kali.Ia mengatakan bahwa ia telah dipanggil empat kali sejak serangan 7 Oktober 2023, dan menyerukan kepada mereka yang menginginkan Israel untuk ""tetap berada di Lebanon dan Gaza"".""Kita harus mengakhiri perang ini karena kita kehabisan prajurit,"" katanya, seraya menambahkan bahwa meskipun ia masih percaya pada pengabdian pada negara, ""konsesi yang diberikan sudah terlalu besar"".Seorang anggota cadangan dan ayah dua anak lainnya mengatakan kepada AFP dengan syarat anonim bahwa ""kelelahan dan kelelahan moral ditambah dengan fakta bahwa saya kehilangan pekerjaan"".Banyak pekerja lepas yang harus menutup usaha karena perang, meskipun pemerintah menjamin pendapatan minimum bagi anggota cadangan.
            
                Lihat Juga: Profil Ryan Girdusky, Panelis Konservatif Amerika yang Rasis ke Jurnalis Muslim soal Pager Lebanon","Rabu, 30 Oktober 2024 - 17:21 WIB",internasional
"Deputi KPK Pahala Nainggolan Tiba di Polda Metro, Diperiksa terkait Kasus Alex Marwata","JAKARTA - Deputi Pencegahan dan Monitoring Komisi Pemberantasan Korupsi (KPK)  Pahala Nainggolan  tiba di  Polda Metro Jaya , Senin (28/10/2024). Pahala akan menjalani pemeriksaan terkait kasus pertemuan Wakil Ketua KPK Alex Marwata dan eks Kepala Bea Cukai Yogyakarta, Eko Darmanto.Pahala tiba di Gedung Ditreskrimsus Polda Metro Jaya sekitar pukul 09.22 WIB. Ia tampak menggunakan kemeja berwarna putih. ""Yang disiapkan jiwa dan raga, nanti deh saya cerita semuanya,"" kata Pahala kepada awak media, Senin (28/10/2024).Terpisah, Dirkrimsus Polda Metro Jaya Kombes Pol Ade Safri Simanjuntak menyebutkan pemanggilan Deputi Pencegahan dan Monitoring Komisi Pemberantasan Korupsi (KPK) Pahala Nainggolan masih sesuai jadwal.""Masih sesuai jadwal, beliau diklarifikasi bersama satu orang pegawai KPK lainnya di ruang riksa lantai 1 Ditreskrimsus Polda Metro Jaya, "" katanya.Namun saat ditanya terkait identitas satu orang pegawai KPK tersebut, Ade Safri belum bisa membeberkan siapa pegawai KPK yang dimaksud. ""Sementara itu dulu, "" ucapnya.Untuk diketahui, polisi membenarkan Wakil Ketua KPK Alexander Marwata dilaporkan perihal pertemuan dengan eks Kepala Bea Cukai Yogyakarta, Eko Darmanto. Laporannya yakni aduan masyarakat atau dumas tanggal 23 Maret 2024.""Berupa hubungan langsung atau tidak langsung yang dilakukan oleh oknum pimpinan KPK (Alexander Marwata), dengan tersangka atau pihak lain yang ada hubungan dengan perkara tindak pidana korupsi,"" kata Dirkrimsus Polda Metro Jaya Kombes Pol Ade Safri Simanjuntak.
            
                Lihat Juga: Kasus Dugaan Korupsi Abdul Ghani Kasuba, KPK Periksa Pengurus Yayasan Alkhairaat Malut
            (abd)","Senin, 28 Oktober 2024 - 10:59 WIB",nasional
"Serangan Israel di Beit Lahiya Tewaskan 93 Orang, 40 Pengungsi Hilang","JALUR GAZA - Direktur jenderal Kantor Media Pemerintah Gaza, Ismail al-Thawabta, mengatakan 93 orang tewas, dan 40 orang hilang setelah serangan Israel terhadap bangunan tempat tinggal yang menampung para pengungsi di Beit Lahiya.Al-Thawabta memberi tahu rekan-rekan kami di Al Jazeera Arabic bahwa puluhan orang yang terluka telah tiba di Rumah Sakit Kamal Adwan, yang berhenti beroperasi, dan tidak ada yang dapat merawat mereka.Dia menambahkan bangunan yang diserang Israel menampung 200 orang. Sejauh ini, 83 orang telah dimakamkan.Kantor media Gaza mengecam pembantaian terhadap warga sipil Palestina oleh Israel di Beit LahiyaKantor tersebut mengutuk serangan terhadap bangunan tempat tinggal di Beit Lahiya di Gaza utara sebagai ""pembantaian mengerikan terhadap warga sipil, anak-anak, dan wanita"".""Kami menuntut semua negara di dunia untuk mengutuk pembantaian mengerikan ini,"" ungkap kantor media Gaza di Telegram. “Kejahatan baru ini terjadi bersamaan dengan rencana pendudukan Israel untuk menghancurkan sistem kesehatan di wilayah utara Jalur Gaza.”Kantor tersebut menuntut masuknya tim medis dan pasokan segera ke wilayah utara. Serangan di Beit Lahiya sejauh ini telah menewaskan 93 orang, dengan puluhan orang terluka dan hilang, menurut petugas medis di Gaza.Sementara itu, seorang ibu Palestina dan dua putranya tewas selama serangan Israel di kamp pengungsi Bureij di Jalur Gaza tengah.Sumber medis mengatakan kepada kantor berita Wafa bahwa anggota keluarga Nashwan tewas selama serangan itu.Sejak 7 Oktober 2023, serangan Israel di Gaza telah menewaskan 43.020 warga dan melukai 101.110 orang, yang sebagian besar adalah anak-anak dan wanita, menurut Kementerian Kesehatan.
                
                    Baca Juga
                    
                        
                    
                        
                    
                        
                            Hizbullah Tunjuk Naim Qassem sebagai Pemimpin Baru
                        
                    
                 
            
                Lihat Juga: Tidak Seperti Hassan Nasrallah, Pemimpin Baru Hizbullah Justru Bukan dari Keturunan Nabi Muhammad, Kenapa?
            (sya)","Selasa, 29 Oktober 2024 - 19:45 WIB",internasional
"Pertahanan Udara Iran Berhasil Cegat Banyak Rudal Israel, Kerusakan Minimal","TEHERAN - Iran mengatakan Israel menyerang fasilitas militer di seluruh negeri pada Sabtu pagi (26/10/2024), menyebabkan ""kerusakan terbatas"" di beberapa daerah.Pertahanan udara Iran terbukti mampu mencegat banyak rudal yang diluncurkan Israel.“Israel menyerang bagian-bagian pusat militer di provinsi Teheran, Khuzestan, dan Ilam,"" ungkap laporan kantor berita negara IRNA.IRNA menambahkan, ""Serangan itu telah berhasil dicegat dan dilawan oleh sistem pertahanan udara terpadu Iran.”“Pejabat Iran sebelumnya mengatakan pertahanan udara dikerahkan di beberapa daerah di sekitar Teheran dan negara itu,"" papar laporan IRNA.Kantor berita milik negara IRNA mengatakan, “Pertahanan udara Iran berhasil menembak jatuh target musuh di wilayah udara sekitar provinsi Teheran.""Rekaman yang dibagikan secara daring menangkap apa yang tampak sebagai intersepsi di atas ibu kota Iran.Seperti yang dilaporkan sebelumnya, juru bicara senior militer Israel Daniel Hagari telah mengonfirmasi bahwa Israel telah mengakhiri serangan balasannya terhadap Iran.Juru bicara militer Israel asal Arab, Avichay Adraee, telah memberikan rincian lebih lanjut tentang apa yang disebut sebagai operasi ""Hari-hari Perhitungan"".Adraee menjelaskan, “Semua pesawat kami kembali dengan selamat ke pangkalan mereka. Pesawat Angkatan Udara, yang dipandu oleh intelijen, telah menyerang sarana produksi rudal yang diluncurkan oleh Iran ke Negara Israel selama setahun terakhir, karena rudal-rudal ini merupakan ancaman langsung dan segera terhadap warga Israel.”“Sistem rudal permukaan-ke-udara Iran dan kemampuan udara lainnya juga diserang, yang dimaksudkan untuk membatasi kebebasan udara Israel di Iran. Serangan telah selesai dan tujuannya tercapai,” pungkas dia.
                
                    Baca Juga
                    
                        
                    
                        
                    
                        
                            Israel Serang Iran, 7 Ledakan Terdengar di Teheran dan Sekitarnya
                        
                    
                 
            
                Lihat Juga: 3 Alasan Israel Mengalami Kekalahan Perang di Lebanon dan Gaza
            (sya)","Sabtu, 26 Oktober 2024 - 11:57 WIB",internasional
"Gibran Bakal Jadi Plt Presiden Pekan Depan, Begini Kata Istana","JAKARTA - Kepala Kantor Komunikasi Kepresidenan Hasan Nasbi mengingatkan untuk tidak menyalahartikan Wakil Presiden (Wapres) Gibran Rakabuming Raka yang akan menjadi Pelaksana Tugas (Plt) Presiden selama  Prabowo Subianto  lawatan ke luar negeri.Diketahui, Presiden Prabowo akan melakukan lawatan kurang lebih selama dua minggu mulai pekan depan untuk menghadiri agenda di luar negeri di antaranya Kerja sama Ekonomi Asia-Pasifik atau Asia-Pacific Economic Cooperation (APEC) di Peru. Kemudian, KTT G20 digelar di Brasil.""Enggak ada Plt. Wakil Presiden ketika Presiden ke luar negeri, wakil presiden menjalankan tugas-tugas Presiden sebagai kepala pemerintahan,"" kata Hasan kepada di Kompleks Istana Kepresidenan, Jakarta, Rabu (30/10/2024).
                
                    Baca Juga
                    
                        
                    
                        
                    
                        
                            Dua Minggu Indonesia Dipimpin Gibran saat Prabowo ke Luar Negeri
                        
                    
                 Hasan pun menegaskan tidak perlu ada instrumen hukum lagi untuk mengatur Wapres Gibran yang akan menggantikan tugas Presiden Prabowo di dalam negeri.""Kan selama ini sudah kejadian begitu, presiden ke luar negeri yang menjalankan tugas presiden adalah wakil presiden. Tidak perlu instrumen-instrumen hukum,"" ujarnya.
                
                    Baca Juga
                    
                        
                    
                        
                    
                        
                            Gibran Rakabuming Raka Jadi Plt Presiden saat Prabowo ke Luar Negeri Pekan Depan
                        
                    
                 Diketahui, sebelumnya Wakil Presiden Ma'ruf Amin pernah melakukan hal serupa ketika Presiden ke-7 Joko Widodo (Jokowi) melakukan kunjungan luar negeri beberapa waktu lalu. ""Ya akan berlaku sama, jadi buat saya yang kayak gitu-gitu itu jangan disalahartikan, tidak ada istilah Plt Presiden, jadi Wakil Presiden menjalankan tugas-tugas Presiden sebagai kepala pemerintahan ketika presiden sedang ke luar negeri,"" pungkasnya.
            
                Lihat Juga: Jadi Korban Mafia Tanah, Guru Besar IPB Kirim Surat Keadilan ke Presiden Prabowo
            (cip)","Rabu, 30 Oktober 2024 - 15:38 WIB",nasional
Mahfud MD Sarankan MA dan Kejagung Bentuk Tim Gabungan Bongkar Mafia Peradilan,"JAKARTA - Mantan Menko Polhukam yang juga Guru Besar Hukum Tata Negara,  Mahfud MD  mengatakan, selama ini pemerintah tidak boleh ikut campur bila terjadi sesuatu di pengadilan karena merupakan wilayah dan kewenangan yudikatif. Namun dengan munculnya kasus besar saat ini, di mana terjadi penangkapan mantan pejabat  Mahkamah Agung (MA) , Zarof Ricar dengan uang tunai dan emas mencapai Rp1 triliun yang diduga merupakan bentuk mafia peradilan, maka saatnya pemerintah masuk untuk membenahi sengkarut hukum di area peradilan.Selain itu, ada momentum yang bisa digunakan MA yang baru saja memiliki ketua baru untuk melakukan bersih-bersih. Terutama, setelah penangkapan oleh Kejaksaan Agung terhadap mantan pejabat MA tersebut.Mahfud berpendapat, Ketua MA yang baru, Sunarto merupakan sosok yang sepengetahuannya bersih. Mahfud menyarankan Mahkamah Agung dan Kejaksaan Agung membentuk tim gabungan untuk mengembangkan tindak kejahatan Zarof Ricar yang bisa menjadi pintu masuk membongkat mafia peradilan. Apalagi, Presiden Prabowo seperti janjinya yang sering disampaikan ke publik bahwa ingin memberantas korupsi.""Toh sebentar lagi juga Pak Narto pensiun, sekarang coba berbuat untuk republik ini, dibentuk tim itu, dibuka itu semua suruh Jaksa Agung, kalau perlu bentuk tim gabungan Mahkamah Agung dan Kejaksaan Agung untuk membuka, membongkar kasus ini, nah nanti pro justicianya biar Jaksa Agung,"" kata Mahfud dalam podcast Terus Terang Mahfud MD di kanal YouTube Mahfud MD Official, Rabu (30/10/2024).Terkait peran Komisi Yudisial (KY) atau Badan Pengawasan (Bawas) MA, Mahfud merasa, selama ini masih tidak efektif, termasuk dalam kasus Ronald Tannur. Ketika putusan hakim banyak diprotes, KY yang membentuk tim saja sampai mengeluhkan kalau MA tidak sungguh-sungguh menyelidiki kasus itu.""Bahkan, saya telpon, bertelponan dengan orang KY. Iya pak, ini nggak sungguh-sungguh, baru sekarang ini mereka kayak bersungguh-sungguh Mahkamah Agung (MA), sesudah tertangkap,” ujar Mahfud.Itupun, lanjut Mahfud, menurut analisisnya cukup aneh ada putusan dihukum satu hari sebelum ditangkap. Sekalipun tidak memiliki bukti, Mahfud berpendapat itu sudah diatur atau mungkin sudah diberi tahu oleh Kejagung, sehingga sehari sebelum ditangkap MA mengumumkan agar tidak malu.
                
                    Baca Juga
                    
                        
                    
                        
                    
                        
                            Ini Penampakan Uang Rp920 Miliar dan 51 Kg Emas Batangan yang Disita dari Eks Pejabat MA
                        
                    
                 Sebab, Mahfud merasa, sedikit tidak wajar selama ini tidak apa-apa tapi satu hari sebelum ditangkap MA baru mengeluarkan pengumuman. Mahfud sendiri meyakini, di MA sendiri masih banyak mafia-mafia peradilan karena sempat menjadi sarang terjadinya permainan untuk mengatur-atur perkara.
            
                Lihat Juga: Mahfud MD Apresiasi Ketegasan Mentan Amran Copot Pegawai Terima Suap","Rabu, 30 Oktober 2024 - 15:43 WIB",nasional
"Kejati Jatim Tangkap Ronald Tannur, Kejagung: Pelaksanaan Putusan MA","JAKARTA - Kejaksaan Tinggi (Kejati) Jawa Timur menangkap Gregorius Ronald Tannur (GRT) terdakwa kasus penganiayaan terhadap kekasihnya Dini Sera Afriyanti hingga tewas.Penangkapan Ronald Tannur itu dibenarkan Kapuspenkum Kejaksaan Agung (Kejagung) Harli Siregar. “Iya benar Ronald Tannur tadi diamankan sekira pukul 14.40 WIB di Perumahan Victoria Regency Surabaya,” kata Harli, Minggu (27/10/2024).Harli mengatakan saat ini Ronald Tanur dibawa ke Kejati Jawa Timur untuk melaksanakan putusan Mahkamah Agung (MA) yang mana dirinya divonis selama 5 tahun penjara. “Saat ini yang bersangkutan sudah dibawa ke Kejati Jatim untuk pelaksanaan putusan Mahkamah Agung (MA) RI,” pungkasnya.Sebelumnya, MA menjatuhkan hukuman lima tahun penjara terhadap Gregorius Ronald Tannur, pria yang menganiaya kekasihnya hingga meninggal dunia.Putusan MA ini sekaligus membatalkan vonis bebas yang diberikan oleh majelis hakim Pengadilan Negeri (PN) Surabaya pada tingkat pertama.“Amar putusan: Kabul kasasi penuntut umum - batal judex facti, terbukti dakwaan alternatif kedua melanggar Pasal 351 Ayat (3) KUHP,” tulis MA dalam situs resminya, Rabu, 23 Oktober 2024.“Pidana penjara selama 5 tahun,” bunyi putusan tersebut.Adapun majelis hakim yang memutuskan yakni Soesilo sebagai ketua majelis, Ainal Mardhiah dan Sutarjo sebagai anggota majelis. Putusan ini dikeluarkan pada Selasa, 22 Oktober 2024.Sebagai informasi, dalam perkara ini, Ketua Majelis Halim PN Surabaya Erintuah Damanik membebaskan Gregorius Ronald Tannur dari dakwaan pembunuhan terhadap Dini Sera Afriyanti. Hakim menyatakan Ronald Tannur tidak terbukti secara sah dan meyakinkan melakukan pembunuhan maupun penganiayaan yang menyebabkan tewasnya korban. Dia dibebaskan dari segala dakwaan JPU.
            
                Lihat Juga: Mahfuf MD Bicara Zarof Ricar Bisa Jadi Pintu Masuk Bongkar Makelar Kasus Peradilan
            (cip)","Minggu, 27 Oktober 2024 - 18:09 WIB",nasional
Kepala UNRWA Kecam Larangan Beroperasi di Israel,"TEL AVIV - Kepala Badan Bantuan dan Pekerjaan Perserikatan Bangsa-Bangsa untuk Pengungsi Palestina di Timur Dekat (UNRWA), Philippe Lazzarini, menyebut keputusan parlemen Israel untuk melarang aktivitas badan tersebut di Israel sebagai ""hukuman kolektif"" yang melanggar Piagam PBB.""Pemungutan suara oleh Parlemen Israel (Knesset) terhadap (UNRWA) malam ini belum pernah terjadi sebelumnya dan menjadi preseden yang berbahaya. Hal itu menentang Piagam PBB dan melanggar kewajiban Negara Israel berdasarkan hukum internasional,"" ungkap Lazzarini di X.Kepala UNRWA menambahkan Rancangan Undang-undang (RUU) tersebut hanya akan ""memperdalam penderitaan warga Palestina,"" terutama di Jalur Gaza.“Langkah-langkah tersebut mendiskreditkan UNRWA dan mendelegitimasi peran badan tersebut dalam menyediakan bantuan dan layanan pembangunan manusia bagi para pengungsi Palestina,” ungkap Lazzarini.Sejumlah negara, termasuk Kanada, Australia, Prancis, Jerman, Jepang, Korea Selatan, dan Inggris telah menentang kemungkinan pelarangan UNRWA di Israel.Pada 28 Oktober, Knesset dilaporkan menyetujui dua RUU yang bertujuan memblokir aktivitas UNRWA di wilayah yang berada di bawah kendali Israel. RUU tersebut memperoleh 92 suara mendukung dan 10 suara menentang. Israel telah berulang kali mengklaim staf badan PBB tersebut memiliki hubungan dengan gerakan Palestina Hamas.Pada 7 Oktober 2023, Israel menjadi sasaran serangan roket yang belum pernah terjadi sebelumnya dari Jalur Gaza. Selain itu, para pejuang dari gerakan Palestina Hamas menyusup ke wilayah perbatasan, menembaki militer dan warga sipil, serta menyandera orang-orang. Pihak berwenang Israel mengatakan sekitar 1.200 orang tewas selama serangan itu. Sebagai tanggapan, Pasukan Pertahanan Israel meluncurkan Operasi Pedang Besi di Jalur Gaza dan mengumumkan blokade penuh terhadap daerah kantong tersebut. Jumlah korban tewas akibat serangan Israel telah melampaui 43.000 orang, menurut otoritas kesehatan setempat.
                
                    Baca Juga
                    
                        
                    
                        
                    
                        
                            Di ICJ, Afrika Selatan Sodorkan Dokumen 750 Halaman Bukti Genosida Israel di Gaza
                        
                    
                 
            
                Lihat Juga: 3 Alasan Israel Mengalami Kekalahan Perang di Lebanon dan Gaza
            (sya)","Selasa, 29 Oktober 2024 - 19:01 WIB",internasional
Militer Israel Ungkap Serangan ke Iran Berakhir setelah 3 Gelombang Gempuran,"TEL AVIV - Militer Israel mengatakan telah menyelesaikan serangan udara yang ""tepat dan terarah"" terhadap target militer di Iran.""Serangan balasan telah selesai dan misi telah terpenuhi,"" ungkap pernyataan Pasukan Pertahanan Israel (IDF). ""Pesawat kami telah kembali ke rumah dengan selamat.""Angkatan Udara Israel menyerang ""fasilitas pembuatan rudal"" yang katanya digunakan untuk memproduksi rudal yang ditembakkan Iran ke Israel selama setahun terakhir. Dikatakan juga bahwa, “Militer Israel menyerang susunan rudal permukaan-ke-udara dan kemampuan udara Iran tambahan, yang dimaksudkan untuk membatasi kebebasan operasi udara Israel di Iran.""Dilaporkan pembalasan Israel terhadap Iran pada Sabtu dini hari telah berakhir setelah tiga gelombang serangan, dua sumber yang mengetahui operasi tersebut mengatakan kepada CNN.Sumber tersebut berbicara dengan CNN saat matahari terbit di Iran. Target yang tepat dan tingkat kerusakan yang ditimbulkan oleh Israel masih belum jelas. Sebelumnya, Doron Kadosh, reporter radio militer Israel, mengutip sumber yang tidak disebutkan namanya yang mengatakan serangan Israel ""diperkirakan akan terus berlanjut selama beberapa jam lagi"".“Israel sedang mempersiapkan serangan lebih lanjut, serta tindakan defensif jika ada kemungkinan tanggapan Iran,” ungkap Kadosh.Mengutip sumber yang tidak disebutkan namanya yang diberi pengarahan tentang perencanaan militer Israel, The Washington Post juga melaporkan, ""Daftar target Israel berisi aset militer, khususnya fasilitas manufaktur rudal dan situs pertahanan udara.""
                
                    Baca Juga
                    
                        
                    
                        
                    
                        
                            Israel Serang Iran, 7 Ledakan Terdengar di Teheran dan Sekitarnya
                        
                    
                 
            
                Lihat Juga: Apakah Israel ingin Menginvasi Iran? Bisa Jadi, Tapi Sangat Berisiko
            (sya)","Sabtu, 26 Oktober 2024 - 11:31 WIB",internasional
"Hadapi Musuh Bersama, NATO dan UE Bentuk Gugus Tugas Baru","LONDON - Sekretaris Jenderal NATO Mark Rutte dan Presiden Komisi Eropa Ursula von der Leyen sepakat untuk membentuk gugus tugas tingkat tinggi baru guna memperkuat kerja sama yang sudah ada.Rutte dan von der Leyen bertemu di Brussels untuk pertama kalinya sejak kepala NATO yang baru menjabat pada tanggal 1 Oktober, membahas pentingnya kemitraan yang erat dan strategis antara UE dan NATO.“Keduanya sepakat bahwa di dunia yang semakin berbahaya, kemitraan ini sangat penting untuk memperjuangkan dan menjaga perdamaian, kebebasan, dan kemakmuran,"" demikian bunyi pernyataan bersama setelah pembicaraan tersebut, dilansir Anadolu. 
                
                    Baca Juga
                    
                        
                    
                        
                    
                        
                            Iran Incar Kapal Induk AS di Timur Tengah
                        
                    
                 Mereka sepakat untuk membentuk gugus tugas tingkat tinggi baru guna memperkuat kerja sama UE-NATO yang ada dan untuk mengatasi ""ancaman dan tantangan yang terus berkembang.""""Perencanaan untuk pertemuan pertama gugus tugas tersebut diharapkan dapat berjalan maju dalam beberapa minggu mendatang,"" tambah pernyataan tersebut.Mengomentari perang Rusia di Ukraina yang dimulai pada Februari 2022, pernyataan tersebut mengatakan bahwa itu adalah ""ancaman terbesar"" bagi perdamaian dan keamanan di benua Eropa, dan dugaan pengerahan tentara Korea Utara untuk mendukung Rusia merupakan ""eskalasi yang signifikan"" serta ""ancaman serius bagi keamanan Eropa dan perdamaian global.""Rutte pada hari Senin mengatakan: ""Saya dapat mengonfirmasi bahwa pasukan Korea Utara telah dikirim ke Rusia, dan bahwa unit militer Korea Utara telah dikerahkan ke wilayah Kursk.""
            
                Lihat Juga: Pengangguran Tetap di Rekor Terendah, Putin Ungkap Ketidakseimbangan Ekonomi Rusia
            (ahm)","Rabu, 30 Oktober 2024 - 15:10 WIB",internasional
Pasukan Korea Utara Dapat Tugas Usir Pasukan Ukraina dari Kursk di Rusia,"MOSKOW - Pasukan Korea Utara telah dikerahkan ke Rusia dan beroperasi di wilayah perbatasan Kursk tempat pasukan Ukraina berpijak. Mereka mendapatkan tugas untuk mengusir pasukan Ukraina dari wilayah tersebut. Sekretaris Jenderal NATO Mark Rutte mengatakan ia dapat mengonfirmasi pengerahan tersebut setelah berminggu-minggu berspekulasi, menyusul pertemuan dengan pejabat intelijen dan pertahanan Korea Selatan pada hari Senin.Kepala NATO yang baru dilantik mengatakan pengerahan tersebut merupakan ""eskalasi signifikan"" dan ""ekspansi berbahaya"" dari perang Rusia di Ukraina.Minggu lalu, Presiden Vladimir Putin menolak untuk menyangkal bahwa pasukan Korea Utara telah tiba di Rusia, menyusul laporan bahwa Pyongyang sedang bersiap untuk mengirim ribuan pasukan untuk membantu sekutunya.Badan mata-mata Korea Selatan mengatakan awal bulan ini bahwa sedikitnya 1.500 tentara Korea Utara telah tiba di Rusia, yang mendorong Seoul untuk mengeluarkan teguran diplomatik yang keras kepada Moskow.
                
                    Baca Juga
                    
                        
                    
                        
                    
                        
                            Cawapres Partai Republik Tegaskan AS Seharusnya Tidak Berperang dengan Rusia, Ini Alasannya
                        
                    
                 Namun, intervensi Rutte pada hari Senin menandai pertama kalinya NATO secara resmi mengakui bahwa pasukan Pyongyang beroperasi di Rusia. Ia menambahkan bahwa Korea Utara telah mengirim jutaan amunisi dan rudal balistik ke Moskow untuk digunakan di Ukraina.Sebagai balasannya, Presiden Putin telah setuju untuk mengirim teknologi militer dan dukungan lainnya untuk membantu Korea Utara menghindari sanksi internasional, kata Rutte. Kemitraan tersebut, tambahnya, ""merusak perdamaian dan keamanan global"".Melansir BBC, peringatannya bahwa pasukan Korea Utara beroperasi di Kursk akan menimbulkan kekhawatiran di ibu kota Barat. Bentrokan terus berlanjut antara pasukan Moskow dan Kyiv hampir dua bulan setelah pasukan Ukraina pertama kali memasuki wilayah tersebut dalam operasi kejutan.
            
                Lihat Juga: Presiden Joe Biden Berikan 1 Syarat Jika Ukraina Ingin Menyerang Pasukan Korea Utara
            (ahm)","Senin, 28 Oktober 2024 - 19:04 WIB",internasional
Benarkah Serangan Israel Menimbulkan Kerusakan yang Signifikan di Iran?,"TEHERAN - Serangan udara balasan Israel terhadap Iran akhir pekan lalu menyebabkan ""kerusakan signifikan"". Meskipun Presiden AS Joe Biden mendesak pengekangan diri dan memveto sejumlah target potensial, termasuk infrastruktur nuklir dan energi.Benarkah Serangan Israel Menimbulkan Kerusakan yang Signifikan di Iran?1. Hasil Serangan Israel Diklaim SignifikanFarzin Nadimi, seorang analis keamanan dan peneliti senior di Washington Institute, mengatakan kepada Iran International bahwa pemboman Israel selama empat jam mencapai ""hasil yang sangat signifikan"", meskipun Washington mendesak negara Yahudi itu untuk memoderasi responsnya terhadap hampir 200 rudal balistik yang ditembakkan ke Israel bulan ini.Situs-situs termasuk bekas lokasi pengujian nuklir ditutup pada tahun 2003 dan fasilitas militer terkena serangan itu.Namun, ia mengatakan serangan itu tidak boleh dilebih-lebihkan. ""Jika Israel bermaksud menargetkan pertahanan udara Iran, termasuk pusat komando dan kendalinya, Israel harus melakukan operasi yang lebih kompleks, berkepanjangan, dan lebih berisiko.""Menurut Nadimi, beberapa dari target yang lebih berisiko itu terletak ""di bawah gunung dan di bawah tanah,"" seraya menambahkan bahwa menyerang mereka tidak mungkin dilakukan hanya dengan rudal balistik yang diluncurkan dari udara.Reuters melaporkan bahwa serangan itu terjadi setelah berminggu-minggu pemerintahan Biden meredam sifat respons Israel terhadap serangan yang dikhawatirkan banyak orang akan memicu perang regional.2. Serangan yang ProporsionalKarena khawatir akan gejolak besar antara musuh bebuyutan tersebut, Presiden AS, Joe Biden, dan pemerintahannya, telah melakukan kontak rutin dengan pejabat Israel untuk menjaga pembalasan agar tetap ""proporsional"".Seorang pejabat senior AS mengatakan kepada Iran International bahwa AS ""tidak menyetujui target, kami juga tidak ingin mengambil tanggung jawab itu"", namun, karena kawasan tersebut berada di ambang perang habis-habisan, Washington telah bersikap kritis dalam meredam respons Israel.Reuters melaporkan bahwa hanya beberapa jam setelah serangan rudal besar-besaran Iran, pemerintahan tersebut mengirim pesan mendesak kepada Israel yang mendesak mereka untuk menahan napas, dan membuat respons yang diperhitungkan terhadap dua serangan berturut-turut yang mengirim seluruh negara ke tempat perlindungan bom.Mengutip pejabat AS saat ini dan sebelumnya, Reuters melaporkan bahwa AS telah melakukan yang terbaik untuk memengaruhi sifat respons tersebut, dengan menegaskan bahwa AS tidak akan mendukung serangan terhadap fasilitas nuklir Iran.3. Fasilitas Rudal Iran HancurSementara Israel menghancurkan pertahanan udara dan fasilitas produksi rudal utama Iran, yang melemahkan militer Iran, serangan itu tidak mengenai lokasi nuklir dan infrastruktur energi Iran yang sensitif, sehingga memenuhi dua tuntutan utama Biden.""Tekanan AS sangat penting,"" kata Jonathan Panikoff, mantan wakil pejabat intelijen nasional AS untuk Timur Tengah, saat berbicara kepada Reuters.""Pengambilan keputusan Israel akan jauh berbeda jika pemerintahan Biden tidak mengambil tindakan untuk mendorong Israel agar tidak menyerang situs nuklir atau energi,"" tambahnya.
            
                Lihat Juga: Ada Rusia di Balik Iran Sukses Ladeni Serangan Israel","Senin, 28 Oktober 2024 - 21:05 WIB",internasional
Daftar Suku Palestina yang Ingin Dimusnahkan Zionis Israel sampai Habis,"TEPI BARAT - Palestina telah beberapa kali menjadi target invasi Israel yang membuat sejumlah suku yang mendiami wilayah tersebut terancam. Meski Zionis berdalih tengah memburu kelompok pejuang, buktinya telah banyak warga sipil yang menjadi korban.Dilansir dari Al Jazeera, Israel menjunjung tinggi aspirasi pendiriannya, menegakkan doktrin pendudukan tanpa akhir sembari melakukan genosida yang tersirat dan tersurat sejak tahun 2005, di wilayah Palestina.Zionis Israel menuai keuntungan dari tanah Palestina dan sumber dayanya di surga konsumen yang modern, makmur, dan konon demokratis, yang mendorong hubungan dan identifikasi yang kuat dengan Amerika Serikat (AS) dan Eropa.Namun pada tanggal 7 Oktober, ketakutan dan keterkejutan yang hebat mencengkeram masyarakat Israel ketika Hamas berani memberikan perlawanan yang besar ke Tel Aviv.Ketakutan Israel telah ditunjukkan melalui militerisasi, narasi anti-Palestina, pembingkaian ulang perlawanan sebagai ""terorisme,"" mengingat kekejaman masa lalu, berfokus pada ancaman yang dirasakan, dan mempromosikan segregasi, yaitu apartheid.Daftar Suku di Palestina yang akan Dihabisi IsraelUntuk meredakan ketakutan tersebut, berbagai genosida untuk melenyapkan setiap suku yang ada di Palestina dengan dalih memburu pelaku terorisme pun dilakukan.Dikutip dari IWGIA, Masyarakat Adat Palestina adalah Badui Jahalin, al-Kaabneh, al-Azazmeh, al-Ramadin, dan al-Rshaida.Israel tidak memberikan suara untuk Deklarasi Perserikatan Bangsa-Bangsa tentang Hak-Hak Masyarakat Adat, dan Masyarakat Adat di Palestina hidup dalam ketakutan terus-menerus, yang disebabkan pembongkaran dan penyitaan properti mereka, serta pembatasan hak-hak mereka untuk beraktivitas.Setelah deklarasi kemerdekaan Israel pada tahun 1948, suku Badui Jahalin, bersama dengan empat suku lainnya dari Gurun Negev (al-Kaabneh, al-Azazmeh, al-Ramadin, dan al-Rshaida), berlindung di Tepi Barat, yang saat itu berada di bawah kekuasaan Yordania.Suku-suku ini secara tradisional adalah petani penggembala semi-nomaden yang tinggal di daerah pedesaan di sekitar Hebron, Betlehem, Yerusalem, Yerikho, dan Lembah Yordan, yang disebut dengan Daerah C.
            
                Lihat Juga: Tidak Seperti Hassan Nasrallah, Pemimpin Baru Hizbullah Justru Bukan dari Keturunan Nabi Muhammad, Kenapa?","Selasa, 29 Oktober 2024 - 18:15 WIB",internasional
Wamendagri Ribka Haluk Lantik 42 Anggota Pansel DPRP 6 Provinsi Papua,"JAKARTA - Wakil Menteri Dalam Negeri (Wamendagri)  Ribka Haluk  melantik 42 orang anggota Panitia Seleksi (Pansel) Dewan Perwakilan Rakyat Papua ( DPRP ) di Provinsi Papua, Papua Barat, Papua Selatan, Papua Tengah, Papua Pegunungan, dan Papua Barat Daya.Proses pelantikan digelar di Gedung C Sasana Bhakti Praja, Kantor Kementerian Dalam Negeri (Kemendagri), Selasa (29/10/2024). Wamendagri menekankan beberapa dalam kerja pansel nantinya.""Antara lain yang pertama, memastikan komposisi sekurang-kurangnya berjumlah 30% keterwakilan perempuan dalam kursi DPRP yang diangkat,"" kata Ribka Haluk saat membacakan sambutannya.Menurut Ribka, hal tersebut sesuai dengan ketentuan dalam penjelasan pasal 6 ayat 2 Undang-undang Otonomi Khusus (Otsus) Papua. Kemudian, hal kedua yang disampaikan Wamendagri Ribka Huluk adalah soal komitmen masing-masing PJ Gubernur melalui pembentukan Sekretariat Pansel dalam mendukung pelaksanaan dan pembiayaan kegiatan-kegiatan Pansel Provinsi khusus untuk 4 daerah.Ribka mengatakan, salah satu tugas PJ gubernur yang diatur dalam pasal 9 ayat 4 dalam undang-undang pembentukan Daerah Otonomi Baru (DOB) adalah memfasilitasi pembentukan DPRP. Hal ini masuk dalam 12 road map penyelenggaraan pemerintahan daerah.Selanjutnya hal ketiga yang disampaikan Wamendagri Ribka Haluk adalah ekspektasi masyarakat terhadap hasil kerja anggota Pansel sangat besar dan disoroti oleh masyarakat. Hal-hal ini menjadi tantangan tersendiri sekaligus dijadikan sebagai penyemangat dalam bekerja dalam mengemban amanat undang-undang otonomi daerah.""Saya berpesan untuk terus jaga integritas netralitas independensi dan juga transparasi. Lakukan selalu koordinasi, kunci mengatasi masalah yang muncul nantinya,"" kata Ribka.Menurut Ribka, hal yang paling utama adalah hindari konflik kepentingan dan juga kekerasan di tengah-tengah masyarakat. Pansel juga perlu konsultasi dengan pemerintah provinsi dan konsul untuk DPRD dengan maksud agar meminimalisir intervensi dan konflik kepentingan.""Saya percaya bapak Ibu yang telah dipercayakan oleh Bapak Menteri Dalam Negeri sebagai anggota Pansel akan bekerja secara profesional dan bebas dari konflik-konflik kepentingan di dalam masyarakat,"" kata Ribka Haluk.
            
                Lihat Juga: Tingkatkan Kapasitas Aparatur, Kemendagri Luncurkan LMS Pamong Desa
            (abd)","Rabu, 30 Oktober 2024 - 15:32 WIB",nasional
Kelakar Prabowo Usai Retreat Kabinet Merah Putih: Kita Bikin Tidak Nyaman Lagi,"JAKARTA -  Presiden Prabowo Subianto  berkelakar saat berolahraga bersama anggota  Kabinet Merah Putih  pada hari terakhir retreat di Akademi Militer (Akmil) Magelang, Jawa Tengah, Minggu (27/10/2024) pagi. Retreat kabinet Prabowo-Gibran telah dilaksanakan sejak Kamis, 25 Oktober 2024. Awalnya, Prabowo bersama anggota Kabinet Merah Putih memulai aktivitas dengan berolahraga dan senam pagi sekitar pukul 06.00 WIB. Mereka kompak mengenakan seragam berwarna biru tua berlambang burung garuda di sisi kiri dan bertopi biru garuda. Setelahnya, para anggota kabinet memberikan testimoninya tentang kegiatan ini.Salah satunya Wakil Menteri Pendidikan Tinggi, Sains, dan Teknologi (Wamendiktisaintek) Stella Christie. Menurutnya, bonding dengan cara retreat itu ada kajian ilmiahnya.""Mohon izin selama tiga hari dan juga baris berbaris dan juga diikuti kita jam 10:00 pagi memang ada science-nya untuk bonding Bapak, ada ilmiahnya Pak, ada ilmiahnya,"" kata Stella dalam keterangan tertulis, Minggu (27/10/2024).Merespons itu, Prabowo yang mendengarkan kesan dari Stella berguyon bersama jajaran para menteri dan wamen. ""Kalau gitu dibikin tidak nyaman lagi,"" kelakar Prabowo disambut gelak tawa para peserta.Di akhir acara, Prabowo bersama Kabinet Merah Putih kemudian mengabadikan momen dengan foto bersama tepat di depan lokasi tenda Prabowo beristirahat sembari meneriakkan yel-yel.""Merah Putih!"" seru kompak Prabowo dan jajaran Kabinet Merah Putih.Kemudian, seluruh peserta bersiap menuju Bandara Lanud Adi Soecipto Yogyakata melalui jalur darat kurang lebih satu jam perjalanan untuk kemudian terjadwal take off menuju Jakarta pukul 11.57 WIB.
                
                    Baca Juga
                    
                        
                    
                        
                    
                        
                            Retreat Berakhir, Mentan-Wamentan Ungkap Kesan Selama di AKMIL Magelang
                        
                    
                 Prabowo Didampingi Mayor TeddyPrabowo Subianto meninggalkan Akmil Magelang menuju Bandara Adi Sutjipto, Yogyakarta menggunakan mobil Maung Garuda. Berdasarkan video yang diterima, Ketua Umum Partai Gerindra itu tiba di bandara didampingi Sekretaris Kabinet Mayor Teddy Indra Wijaya. Keduanya kemudian berjalan menuju pesawat Kepresidenan yang akan membawanya ke Jakarta. Sementara itu, Wakil Presiden Gibran Rakabuming Raka terlihat sudah bersiap di sebelum tangga yang akan digunakan Prabowo untuk menaiki pesawat. Mayor Teddy pun terekam sempat menyapa Gibran dan juga memberikan hormat ke orang nomor dua di Indonesia itu. Setelahnya, Prabowo terlihat menaiki Pesawat Kepresidenan yang berwarna putih dengan liveri merah itu dan bertolak ke Jakarta.
            
                Lihat Juga: Baleg DPR Usul Prolegnas Disesuaikan dengan Asta Cita Prabowo
            (abd)","Minggu, 27 Oktober 2024 - 17:34 WIB",nasional
5 Irjen dan 2 Brigjen Pol Digeser Kapolri pada Mutasi Polri September 2024,"JAKARTA - Sebanyak 5 Irjen Pol dan 2 Brigjen Pol dimutasi Kapolri Jenderal Pol Listyo Sigit Prabowo pada September 2024. Perpindahan tugas Perwira Tinggi (Pati) Polri tersebut merupakan bagian dari mutasi dan rotasi besar-besar 309 Perwira Menengah (Pamen) dan Pati Polri pada pertengahan September lalu. Mutasi dan rotasi 309 Pamen dan Pati Polri tertuang dalam Surat Telegram bernomor ST/2098/IX/KEP./2024, ST/2099/IX/KEP./2024, ST/2100/IX/KEP./2024, serta ST/2101/IX/KEP./2024.
                
                    Baca Juga
                    
                        
                    
                        
                    
                        
                            7 Wakasad Era Presiden Jokowi Abituren Akmil 1980-an, Nomor 1 Pernah Jadi Ajudan SBY
                        
                    
                 Karo Penmas Divisi Humas Polri Brigjen Pol Trunoyudo Wisnu Andiko menuturkan promosi dan rotasi merupakan hal biasa dalam suatu organisasi. Hal ini untuk meningkatkan kinerja dan pelayanan serta perlindungan Polri kepada masyarakat.“Mutasi dan rotasi adalah proses alamiah di organisasi dalam rangka meningkatkan kinerja, tour of duty area,” ujarnya dikutip, Senin (28/10/2024).5 Irjen dan 2 Brigjen Pol Dimutasi Kapolri1. Irjen Pol Andi Rian Ryacudu Djajadi, Kapolda Sulsel diangkat dalam jabatan baru sebagai Kapolda Sumsel2. Irjen Pol Yudhiawan Wibisono, Kapolda Sulut diangkat dalam jabatan baru sebagai Kapolda Sulsel3. Irjen Pol Roycke Harry Langie, Kakorbinmas Baharkam Polri diangkat dalam jabatan baru sebagai Kapolda Sulut4. Irjen Pol Hadi Gunawan, Koorsahli Kapolri diangkat dalam jabatan baru sebagai Kapolda NTB5. Irjen Pol R Umar Faroq, Kapolda NTB dimutasi sebagai Pati Polda NTB (dalam rangka pensiun)6. Brigjen Pol I Komang Sandi Arsana, Kabag Anev Rojianstra SSDM Polri dan Penata Kehumasan Polri Tk II Div Humas Polri diangkat dalam jabatan baru sebagai Wakapolda Bali7. Brigjen Pol Tony Harsono, Penyidik Tindak Pidana Utama Tk II Bareskrim Polri diangkat dalam jabatan baru sebagai Wakapolda Kepulauan Babel
            
                Lihat Juga: Wujudkan Program Swasembada Pangan, Polri Rekrut Bintara Pertanian
            (jon)","Senin, 28 Oktober 2024 - 08:04 WIB",nasional
"3 Menlu RI Sebelum Sugiono, Retno Marsudi 10 Tahun Jadi Kapten Diplomasi","JAKARTA - Tiga Menteri Luar Negeri ( Menlu ) RI sebelum Sugiono akan diulas di artikel ini. Dari tiga nama tersebut, ada yang menjabat di dua kabinet yang berbeda.Diketahui, Menlu RI kini dijabat oleh salah seorang kepercayaan Presiden Prabowo Subianto, yakni Sugiono. Pria kelahiran Takengon, Aceh, 11 Februari 1979 tersebut telah dilantik menjadi Menlu Kabinet Merah Putih pada 21 Oktober 2024.Beberapa hari setelah dilantik, Sugiono langsung terbang ke Rusia, menghadiri Konferensi Tingkat Tinggi atau KTT BRICS Plus 2024 yang diselenggarakan pada 23-24 Oktober 2024. Siapa saja Menlu RI sebelum Sugiono? Berikut ini ulasannya:1. Retno MarsudiRetno Marsudi. Foto/Dok SINDOnewsRetno LP Marsudi lahir di Semarang, 27 November 1962. Retno adalah wanita pertama yang menjabat sebagai Menlu RI. Dia dilantik pada tanggal 27 Oktober 2014 oleh Presiden Joko Widodo (Jokowi). Retno menjadi Menlu di dua kabinet, yakni Kabinet Kerja dan Kabinet Indonesia Maju.Sebelum diangkat menjadi Menlu Kabinet Kerja oleh Presiden Jokowi, Retno antara lain pernah menjadi Duta Besar Republik Indonesia untuk Kerajaan Belanda pada 2012-2014, Direktur Jenderal Amerika dan Eropa pada 2008-2012, dan Duta Besar Republik Indonesia untuk Kerajaan Norwegia dan Republik Islandia pada 2005-2008.
                
                    Baca Juga
                    
                        
                    
                        
                    
                        
                            Retno Marsudi, Kapten Diplomasi Indonesia yang Ditunjuk Menjadi Utusan Khusus Sekjen PBB
                        
                    
                 Dikutip dari laman resmi Kemlu, Retno lulus pada tahun 1985 dari Universitas Gadjah Mada, Yogyakarta, jurusan Ilmu Hubungan Internasional. Retno juga mengambil beberapa program studi lain, yaitu ""Undang-Undang Uni Eropa"" di Haagse Hogeschool di Den Haag dan ""Studi Hak Asasi Manusia"" di Universitas Oslo.Saat rapat terakhir dengan Komisi I DPR , Retno berpamitan kepada para anggota Dewan yang menjadi mitranya. ""Saya sangat terhormat mendapatkan amanah dan tanggung jawab menjadi kapten diplomasi Indonesia selama 10 tahun. Amanah tersebut sebentar lagi akan selesai,"" ucapnya.Sebelum mengakhiri tugas sebagai Menlu, pada 13 September 2024 Retno Marsudi ditunjuk sebagai Utusan Khusus Sekjen PBB untuk Isu Air. Penunjukan Retno bertujuan menggalang kemitraan dan upaya bersama untuk memajukan agenda air, termasuk tindak lanjut atas hasil Konferensi Air Perserikatan Bangsa-Bangsa (PBB) 2023. ""Utusan Khusus tersebut akan memanfaatkan hasil-hasil ini dalam persiapan menuju berbagai proses air global, khususnya Konferensi Air PBB 2026,"" ujar Sekjen PBB Antonio Guterres.2. Marty NatalegawaRaden Mohammad Marty Muliana Natalegawa, lebih dikenal dengan nama Marty Natalegawa, adalah seorang diplomat. Pria kelahiran Bandung, 22 Maret 1963 ini diangkat menjadi Menlu Kabinet Indonesia Bersatu II.
            
                Lihat Juga: Kemlu Sebut Diplomasi Indonesia Diperhitungkan di Tingkat Global","Rabu, 30 Oktober 2024 - 10:24 WIB",nasional
"Iran Siap Balas Serangan Israel, Zionis Tak Siap Perang Skala Penuh Sekarang","TEHERAN - Iran “siap menanggapi” serangan Israel terhadap negara itu, menurut laporan kantor berita semi-resmi Tasnim, mengutip “beberapa sumber informasi”.Kantor berita tersebut, yang berafiliasi dengan IRGC, melaporkan sumber tersebut mengatakan, “Tidak diragukan lagi Israel akan menerima tanggapan yang sepadan terhadap tindakan apa pun.”Foad Izadi, profesor madya di Universitas Teheran, mengatakan kepada Al Jazeera bahwa analis Iran yakin Israel belum siap untuk perang skala penuh dengan Iran.“Saya pikir Israel sedang merencanakan perang besar melawan Iran, tetapi tidak saat ini,” ujar Izadi.“Ingat apa yang terjadi di Lebanon. Israel menyerang Lebanon setelah satu tahun persiapan. Mereka memulai genosida di Gaza. Mereka melanjutkannya, dan kemudian setelah 11 bulan memulai genosida di Gaza, mereka mulai menyerang Lebanon,” ungkap dia.“Mereka memutuskan menundanya karena mereka butuh waktu untuk merencanakan serangan itu. Analisis di Iran adalah bahwa Israel tidak siap untuk konfrontasi militer besar dengan Iran saat ini,” imbuh dia.Dia menegaskan, “Mereka mungkin melakukannya setelah satu atau dua tahun. Saya pikir Israel ingin terus-menerus berperang, terus-menerus berperang.”
                
                    Baca Juga
                    
                        
                    
                        
                    
                        
                            Israel Serang Iran, 7 Ledakan Terdengar di Teheran dan Sekitarnya
                        
                    
                 
            
                Lihat Juga: Iran Incar Kapal Induk AS di Timur Tengah
            (sya)","Sabtu, 26 Oktober 2024 - 10:57 WIB",internasional
Hizbullah Tunjuk Naim Qassem sebagai Pemimpin Baru,"BEIRUT - Hizbullah telah mengumumkan Naim Qassem sebagai pemimpin barunya. Qassem, yang promosinya dari wakil pemimpin diumumkan pada Selasa (29/10/2024), menggantikan Hassan Nasrallah sebagai sekretaris jenderal kelompok bersenjata yang bermarkas di Lebanon.Nasrallah terbunuh di Beirut pada akhir September oleh serangan Israel. Banyak pejabat senior Hizbullah lainnya juga menjadi sasaran sejak Israel mengalihkan fokusnya pada kelompok itu bulan September.Hizbullah mengatakan, “Qassem terpilih untuk menduduki jabatan itu karena kepatuhannya pada prinsip dan tujuan Hizbullah.""“Hizbullah akan (meminta) Tuhan Yang Mahakuasa untuk membimbingnya dalam misi mulia ini dalam memimpin Hizbullah dan perlawanan Islamnya,"" papar pernyataan Hizbullah.Kekosongan KepemimpinanPembunuhan Nasrallah, yang merupakan perwujudan gerakan Syiah Lebanon di mata para pendukungnya dan wilayah yang lebih luas, dipandang telah meninggalkan kekosongan di dalam kelompok yang telah kehilangan banyak kepemimpinannya sebagai akibat dari pembunuhan Israel selama berbulan-bulan.Sepupu Nasrallah, Hashem Safieddine, sebelumnya dipandang sebagai calon favorit untuk memimpin Hizbullah yang terkait dengan Iran, tetapi dia tewas dalam serangan Israel di Beirut tak lama setelah kerabatnya.Qassem yang berusia 71 tahun sering disebut sebagai ""orang nomor dua"" Hizbullah. Dia adalah salah satu ulama yang mendirikan kelompok tersebut pada awal 1980-an dan memiliki sejarah panjang dalam aktivisme politik Syiah.Dia adalah pejabat Hizbullah paling senior yang terus tampil di depan publik setelah Nasrallah sebagian besar bersembunyi menyusul perang kelompok tersebut dengan Israel pada tahun 2006.Sejak mantan pemimpin tersebut terbunuh, Qassem telah menyampaikan tiga pidato di televisi, berbicara dalam bahasa Arab yang lebih formal daripada bahasa sehari-hari Lebanon yang disukai oleh Nasrallah.Pada tanggal 30 September, dia mengeluarkan pesan yang menantang, dengan mengatakan Hizbullah tetap siap melawan Israel dan menang.
                
                    Baca Juga
                    
                        
                    
                        
                    
                        
                            Di ICJ, Afrika Selatan Sodorkan Dokumen 750 Halaman Bukti Genosida Israel di Gaza
                        
                    
                 
            
                Lihat Juga: Iron Dome Israel Sudah Jebol, Padahal Hizbullah Belum Gunakan Kemampuan Rudal secara Penuh
            (sya)","Selasa, 29 Oktober 2024 - 17:28 WIB",internasional
"Tom Lembong Tersangka Korupsi Impor Gula, Cak Imin: Saya Turut Sedih","JAKARTA - Menteri Koordinator Bidang Pemberdayaan Masyarakat Abdul Muhaimin Iskandar atau  Cak Imin  menanggapi penetapan tersangka Thomas Trikasih Lembong alias  Tom Lembong  dalam kasus kasus korupsi importasi gula di Kemendag 2015-2016. Cak imin mengaku sedih dengan kabar penetapan tersangka Tom Lembong.""Saya turut bersedih sebenarnya,"" kata Cak Imin di Kompleks Istana Kepresidenan, Jakarta, Rabu (30/10/2024).Cak Imin berharap Tom Lembong untuk sabar dalam menjalani proses hukum tersebut.""Semoga Pak Tom sabar. Mudah-mudahan kuat,"" kata Cak Imin.Terkait adanya indikasi kriminalisasi dari pihak penguasa, Cak Imin tidak mau berkomentar.""Saya enggak tahu,"" ungkapnya.Untuk diketahui, Tim Penyidik Jaksa Agung Muda Tindak Pidana Khusus (Jampidsus) Kejaksaan Agung (Kejagung) RI menetapkan Menteri Perdagangan (Mendag) 2015-2016, TTL alias Thomas Trikasih Lembong dan Direktur Pengembangan Bisnis PT Perusahaan Perdagangan Indonesia (PPI) berinisial CS.""Penyidik Jaksa Agung Muda Tindak Pidana Khusus Kejaksaan Agung RI menetapkan status saksi terhadap dua orang menjadi tersangka karena telah memenuhi alat bukti bahwa yang bersangkutan telah melakukan tindak pidana korupsi,"" kata Direktur Penyidik Jampidsus Kejagung RI Abdul Qohar, Selasa (29/10/2024) malam.
                
                    Baca Juga
                    
                        
                    
                        
                    
                        
                            Anies Terkejut Tom Lembong Tersangka Korupsi Gula, Minta Proses Hukum Berjalan Transparan
                        
                    
                 ""Adapun kedua tersangka tersebut adalah satu TTL selaku Menteri Perdagangan periode 2015-2016 berdasarkan surat penetapan tersangka Nomor TAP-60/F:/FD:/10/2024 tanggal 29 Oktober 2024. Kedua tersangka atas nama DS selaku Direktur Pengembangan Bisnis PT PPI 2015-2016 berdasarkan surat penetapan tersangka Nomor TAP-60/F:/FD:/10/2024 tanggal 29 Oktober 2024,"" katanya.
            
                Lihat Juga: Butuh 1 Tahun Tetapkan Tom Lembong Jadi Tersangka Impor Gula, Begini Penjelasan Kejagung
            (abd)","Rabu, 30 Oktober 2024 - 15:00 WIB",nasional
"Kapolri Terima Penghargaan dari Raja Malaysia, Alwi: Pengakuan Prestasi dan Dedikasi","JAKARTA - Kapolri Jenderal Polisi  Listyo Sigit Prabowo  dijadwalkan menerima penghargaan Panglima Gagah Pasukan Polis dari Raja Malaysia, Sultan Ibrahim. Penghargaan itu diberikan di Istana Negara Malaysia pada hari ini.Pendiri Haidar Alwi Institute (HAI), R Haidar Alwi menilai, penghargaan tersebut merupakan bentuk pengakuan negara lain atas prestasi dan dedikasi Polri di bawah kepemimpinan Kapolri Jenderal Polisi Listyo Sigit Prabowo.Baik dalam menjaga keamanan nasional dan kawasan, maupun dalam hubungan kerja sama antarnegara sahabat khususnya dengan Polisi Diraja Malaysia.
                
                    Baca Juga
                    
                        
                    
                        
                    
                        
                            41 Perwira Polisi Berpangkat Kompol Dimutasi Kapolda Metro Jaya, Ini Nama-namanya
                        
                    
                 ""Prestasi dan Dedikasi Polri di bawah kepemimpinan Kapolri Jenderal Listyo Sigit Prabowo sudah diakui dunia sehingga menjadikannya layak dan pantas diganjar penghargaan,"" kata R Haidar Alwi, Rabu (30/10/2024).Haidar mengungkap kembali hasil riset International Police Science Association (IPSA) yang berbasis di Amerika Serikat berkolaborasi dengan Institute for Economic and Peace (IEP) yang terdaftar di Autralia.
                
                    Baca Juga
                    
                        
                    
                        
                    
                        
                            33 Perwira Lemdiklat Polri Dimutasi September 2024, Jadi Kapolres hingga Ketua STIK
                        
                    
                 Dalam laporan bertajuk World Internal Security and Police Index (WISPI) 2023, IPSA dan IEP mengukur kemampuan kepolisian suatu negara dalam menjaga keamanan dan ketertiban masyarakat serta keselamatan anggotanya.""Hasilnya Polri menempati peringkat ke-63 dari 125 negara atau naik 21 peringkat dibanding sebelumnya di posisi ke-84 dari 127 negara. Bahkan untuk salah satu varibel, Polri terbaik ke-3 di dunia,"" jelasnya.Gallup, lembaga survei lainnya dari Amerika Serikat juga mengakui kinerja positif Polri. Mereka mengukur persepsi masyarakat terhadap kinerja kepolisian di lebih dari 120 negara dengan mewawancarai sekitar 127.000 orang dewasa.""Dari laporan Global Law and Order yang dirilis Gallup tahun 2022, Polri di bawah kepemimpinan Kapolri Jenderal Listyo Sigit Prabowo masuk lima besar polisi dengan kinerja terbaik di dunia,"" pungkas R Haidar Alwi
            
                Lihat Juga: Wujudkan Program Swasembada Pangan, Polri Rekrut Bintara Pertanian
            (cip)","Rabu, 30 Oktober 2024 - 15:24 WIB",nasional
"Survei Indikator: 85,3% Publik Meyakini Kepemimpinan Prabowo Lima Tahun Mendatang","JAKARTA - Lembaga Indikator Politik Indonesia merilis survei tingkat keyakinan publik terhadap kepemimpinan Presiden Prabowo Subianto sebesar 85,3% untuk memimpin Indonesia lima tahun yang akan datang.Hal ini berdasarkan survei Indikator Politik kepada 1.200 orang di Seluruh Indonesia pada 10-15 Oktober 2024 atau lima hari sebelum Prabowo dan Gibran dilantik menjadi Presiden dan Wakil Presiden periode 2024-2029. Survei nasional ini dilakukan terhadap 38 provinsi yang ada di Indonesia ini dilakukan dengan multistage random sampling dan memiliki margin of error sekitar 2,9% pada tingkat kepercayaan 95%.“Nah ternyata 85,3% ya, survei bulan Oktober kami menemukan bahwa masyarakat sangat yakin atau cukup yakin mampu memimpin Indonesia menjadi lebih baik dari sekarang. Nah ini relatif mirip ya dengan survei Kompas yakni, 84%. Kita dapat 85,3% tapi overall yang kita bisa simpulkan dari data ini adalah terjadi semacam bulan madu publiknya Pak Prabowo,” kata Direktur Eksekutif Indikator Politik Indonesia Burhanuddin Muhtadi saat memaparkan hasil survei secara virtual, Minggu (27/10/2024).
                
                    Baca Juga
                    
                        
                    
                        
                    
                        
                            Prabowo Akan Pelajari Keppres IKN, Mensesneg: Kalau Ready, Tinggal Teken
                        
                    
                 Burhanuddin mengatakan angka ini merupakan indikasi jika tingkat keyakinan publik tinggi sekali namun seperti pisau bermata dua. “Satu sisi ini menunjukkan legitimasi dan modal politik Pak Prabowo yang sangat besar. Tapi di sisi lain itu juga bisa menjadi penanda kalau misalnya pemerintahan Prabowo gagal untuk membeli ekspektasi publik tingkat kekecewaannya jauh lebih berat. Jadi itu kira-kira, pisau bermata dua.”“Kalau kita bandingkan dengan survei-survei serupa yang kita lakukan setelah Pak Prabowo terpilih tanggal 14 Februari kita punya pertanyaan ini tidak survei terakhir itu memang tinggi rata-rata 83 sampai 85%,” ujarnya. 
                
                    Baca Juga
                    
                        
                    
                        
                    
                        
                            Prabowo Gembleng Menteri di Akmil, Luhut: Ingin Pembantunya Tanggap, Tanggon, Trengginas
                        
                    
                 Bahkan, kata Burhanuddin, angka kepercayaan terhadap Presiden Prabowo ini melebihi survei-survei kepada Presiden Indonesia sebelumnya. “Nah, pertanyaannya bagaimana kalau dibandingkan dengan presiden-presiden sebelumnya terus terang public confidence terhadap presiden-presiden sebelum Pak Prabowo lebih tinggi rendah, kisaran 60% mereka yang confident. Untuk Pak Prabowo, itu tinggi 15 poin dibanding mereka.”Lalu, Burhanuddin pun menjelaskan mengapa angka kepercayaan kepada Presiden Prabowo tinggi. Salah satunya, ada basis pendukung Presiden Jokowi di 2014 dan 2019 yang mendukung Prabowo.“Makanya public confidence pada masa Pak Jokowi 2014 maupun 2019 itu lebih bersifat partisan karena hanya ditopang oleh pendukung Pak Jokowi saja yang confident terhadap Pak Jokowi tapi pendukung Pak Prabowo masih belum yakin. Nah sekarang itu agak berbeda karena Prabowo terpilih salah satunya dengan efeknya pak Jokowi, makanya ketika Pak Prabowo terpilih sebagai presiden apalagi dengan anaknya Pak Jokowi, itu pendukung pak Jokowi juga confident kepada Pak Prabowo,” pungkasnya.
            
                Lihat Juga: Prabowo-Gibran Diminta Libatkan Pemangku Kepentingan dalam Rumuskan Regulasi
            (cip)","Minggu, 27 Oktober 2024 - 16:31 WIB",nasional
Serangan Israel Tampak Kuat tapi Tak Mengenai Infrastruktur Utama Iran,"TEHERAN - Direktur proyek untuk Iran di International Crisis Group Ali Vaez mengatakan serangan Israel terhadap Iran sejauh ini tampak berada di ""kisaran tengah"" dari kemungkinan-kemungkinannya.“Serangan itu jauh lebih kuat daripada tanggapannya terhadap serangan Iran sebelumnya pada bulan April, tetapi tidak sampai menargetkan infrastruktur utama atau fasilitas nuklir,"" ungkap Vaez kepada Al Jazeera.""Pertanyaannya sekarang adalah, pertama, apakah ini cakupan penuh tanggapannya, dan kedua, apakah Teheran akan menyerap serangan itu dan mencoba menarik garis di bawah pertukaran ini atau menaikkan taruhan lagi dengan tanggapan balasan,"" ujar Vaez.Dia mencatat, “Iran sekarang memiliki beberapa opsi untuk tanggapannya, yang masing-masing memiliki risiko besar.""“Iran sekarang dapat melancarkan serangan terhadap Israel dan menghadapi pembalasan lain yang mungkin lebih besar, atau dapat menyerang melalui berbagai kelompok yang berpihak pada negara itu, yang telah dilemahkan secara signifikan dalam beberapa pekan terakhir,” ungkap dia.Dia menjelaskan, “Pilihan lain adalah menargetkan kepentingan Amerika Serikat (AS) di tempat lain di kawasan itu tetapi kemudian Iran tidak hanya akan berhadapan dengan Israel, tetapi juga AS."" Sejak dimulainya perang di Gaza, AS telah mengerahkan peralatan militer di kawasan itu, termasuk sistem pertahanan udara dan pesawat tempur AS yang canggih.“Pergerakan ini, memiliki dua tujuan: Menghalangi Iran untuk melakukan respons, dan melindungi Israel dari respons jika itu gagal,"" ungkap dia.Kantor berita milik pemerintah IRNA mengatakan, “Pertahanan udara Iran telah berhasil menembak jatuh target musuh di wilayah udara sekitar provinsi Teheran.""Rekaman yang dibagikan secara daring menangkap apa yang tampak seperti intersepsi di atas ibu kota Iran.
            
                Lihat Juga: Tidak Seperti Hassan Nasrallah, Pemimpin Baru Hizbullah Justru Bukan dari Keturunan Nabi Muhammad, Kenapa?","Sabtu, 26 Oktober 2024 - 10:28 WIB",internasional
"3 Dosa Israel Terhadap Indonesia, Salah Satunya Melukai Prajurit TNI di UNIFIL","BEIRUT - Riwayat “dosa” Israel terhadap Indonesia bisa ditelusuri sejak beberapa waktu terakhir. Terbaru, tentara Zionis melukai prajurit TNI yang sedang bertugas sebagai pasukan perdamaian di UNIFIL.Sejak Israel mendeklarasikan diri sebagai negara merdeka, Indonesia tidak pernah mengakui keberadaan negara Yahudi tersebut. Sebaliknya, Indonesia mendukung penuh perjuangan Palestina dalam meraih kebebasan serta menuntut Tel Aviv agar segera angkat kaki dari wilayah yang didudukinya.Meski tidak ikut terlibat konflik secara langsung, Israel telah membuat sejumlah ‘dosa’ terhadap Indonesia. Berikut ini beberapa di antaranya yang bisa diketahui.Dosa Israel Terhadap Indonesia1. Menyerang RS Indonesia di GazaRumah Sakit Indonesia di Gaza tak luput menjadi serangan-serangan Israel. Meski statusnya fasilitas kesehatan, tentara Zionis tak segan untuk menyerang tempat tersebut demi mencapai tujuannya. RS Indonesia di Gaza menjadi salah satu fasilitas kesehatan terbesar di sana. Tujuan pendiriannya adalah untuk memberikan bantuan kebutuhan medis bagi warga Palestina yang terdampak konflik.Seiring masifnya serangan Israel di Gaza, RS Indonesia juga beralih menjadi tempat evakuasi para warga yang terluka. Namun, statusnya menjadi tidak aman menyusul serangan udara tentara Zionis yang turut ditujukan ke fasilitas publik seperti rumah sakit di Jalur Gaza.Salah satu contoh terbaru, setidaknya dua pasien meninggal dunia di Rumah Sakit Indonesia di Gaza utara setelah serangan Israel pada Sabtu (19/10/2024). Arab News juga melaporkan ada puluhan orang lain yang terjebak di dalamnya.
            
                Lihat Juga: Perbandingan Kekuatan Militer Iran vs Indonesia","Selasa, 29 Oktober 2024 - 16:00 WIB",internasional
"3 Alasan Israel Tidak Ingin Berdamai dengan Iran, Salah Satunya Takut Ditinggal AS","TEL AVIV - Israel memiliki sejumlah alasan yang membuatnya tidak bisa berdamai dengan Iran dalam konfliknya di Timur Tengah. Salah satunya karena takut ditinggalkan sekutu abadi, yaitu Amerika Serikat (AS).Ketegangan antara Israel dan Iran semakin memanaskan kondisi di Timur Tengah. Padahal, sebelumnya Israel belum selesai dengan urusan dengan Hamas di Gaza serta Hizbullah di Lebanon.Serangan udara Israel menuju wilayah Iran baru-baru ini menjadi sinyal lanjutan untuk konflik Teheran-Tel Aviv. Terlepas dari apa pun pertimbangannya, kedua negara ini akan cukup sulit dihentikan apalagi didamaikan.Alasan Israel Tidak Ingin Berdamai dengan Iran1. Iran Juga Tidak Ingin BerdamaiSatu alasan pasti soal Israel tidak ingin damai tentu karena Iran juga tidak menginginkan hal tersebut. Terlebih, perselisihan di antara keduanya sudah terlalu jauh, sehingga sangat sulit untuk dihentikan.Sejak naiknya Ayatollah Khomeini sebagai pemimpin revolusi, Iran membawa pandangan baru yang sebagian besar berisikan perjuangan Islam untuk menentang kekuatan dunia yang “sombong”. Hal ini termasuk Israel yang dijulukinya sebagai “Setan Kecil”.Pada sebuah kesempatan, Presiden Iran Masoud Pezeshkian menyebut Israel berusaha memicu perang habis-habisan. Padahal, pihaknya tidak ingin perang terjadi dan lebih memilih hidup damai.""Kami tidak menginginkan perang besar-besaran. Israel-lah yang ingin menciptakan konflik besar-besaran ini, mereka menyeret kita ke titik yang tidak ingin kita tuju,"" ujar Pezeshkian seperti dikutip dari Iran International, Selasa (29/10). Ucapan Pezeshkian itu diungkap dalam menanggapi aksi ‘sembrono’ Israel seperti menyerang infrastruktur komunikasi Hizbullah hingga pembunuhan pemimpin Hamas. Sejalan dengan kondisi yang ada, ia sesumbar Iran akan menanggapinya pada waktu dan tempat yang tepat.
            
                Lihat Juga: Apakah Israel ingin Menginvasi Iran? Bisa Jadi, Tapi Sangat Berisiko","Selasa, 29 Oktober 2024 - 16:45 WIB",internasional
Laporan Media Iran: Tak Ada Pangkalan Militer di Barat Teheran yang Diserang Israel,"TEHERAN - Kantor berita Tasnim Iran mengatakan sejauh ini tidak ada ledakan yang dilaporkan di kantor pusat militer Garda Revolusi di sebelah barat atau barat daya Teheran.""Suara yang terdengar terkait dengan keterlibatan pertahanan udara tentara di tiga tempat di sekitar Teheran sebagai tanggapan atas serangan Israel,” ungkap laporan itu, mengutip beberapa sumber.“Informasi tambahan tentang alasan di balik suara beberapa ledakan akan diumumkan kemudian,"" papar sumber itu.Loud sirens were heard in Sadeghiyeh (Aryashahr) neighborhood in western Tehran as Israel started its airstrikes, a video obtained by @IranIntl_En shows. pic.twitter.com/vpagCU5l5Y — Iran International English (@IranIntl_En) October 26, 2024  Laporan itu setelah kantor berita Fars mengatakan beberapa pangkalan militer di sebelah barat dan barat daya ibu kota Iran telah menjadi sasaran serangan Israel, menurut penyelidikan awal.Foad Izadi, profesor madya studi dunia di Universitas Teheran, telah berbicara kepada Al Jazeera dari ibu kota Iran.Dia mengatakan, “Kota Teheran sangat tenang sekarang.""""Sekitar pukul empat pagi di Teheran, dan kami tidak melihat apa pun yang terjadi di luar, atau aktivitas atau gerakan apa pun,"" ujar dia.Dia menjelaskan, “Jadi kota ini berfungsi seperti biasa, dan jika terjadi serangan, saya rasa serangan itu tidak sebesar itu.”Direktur Bandara Internasional Imam Khomeini di Teheran mengatakan bandara tersebut terus beroperasi sesuai jadwal, tanpa ada insiden keamanan yang dilaporkan, demikian laporan rekan-rekan kami di Al Jazeera Arabic.
                
                    Baca Juga
                    
                        
                    
                        
                    
                        
                            Israel Luncurkan Serangan ke Iran, Beberapa Ledakan Terdengar di Teheran
                        
                    
                 
            
                Lihat Juga: Tidak Seperti Hassan Nasrallah, Pemimpin Baru Hizbullah Justru Bukan dari Keturunan Nabi Muhammad, Kenapa?
            (sya)","Sabtu, 26 Oktober 2024 - 09:36 WIB",internasional
"Iran, Israel, dan Irak Tutup Wilayah Udara setelah Serangan Zionis","TEHERAN - Peringatan yang dikeluarkan untuk para pilot mengatakan otoritas Iran telah menutup wilayah udara negara itu setelah serangan militer Israel.Tidak jelas berapa lama penutupan wilayah udara akan berlangsung.Otoritas Israel juga telah menutup wilayah udara Israel hingga pukul 8:30 pagi waktu setempat (5:30 pagi GMT), menurut laporan media Israel.Selain itu, Kementerian Transportasi Irak telah mengumumkan penangguhan lalu lintas udara di semua bandara negara itu hingga pemberitahuan lebih lanjut.Sebelumnya, kantor berita Lebanon Al Mayadeen mengatakan korespondennya di Irak melaporkan ledakan di pinggiran provinsi Diyala dan Salah Al-Din.“Kami berharap mendengar lebih banyak dari militer Israel dalam beberapa jam mendatang, terkait secara spesifik tentang jenis perangkat keras apa yang digunakan dalam serangan ini. Apakah ini hanya satu fase dalam serangan? Apakah akan ada lebih banyak serangan? Apakah ini sedang berlangsung?” ungkap laporan jurnalis Al jazeera. Kejelasan tentang hal itu adalah apa yang perlu kita dengar dari tentara Israel ke depannya.“Sejauh yang kita pahami saat ini, Israel belum menaikkan status siaga terkait Komando Front Dalam Negeri mereka, sejauh arahan kepada warga negara. Namun, itu semua bisa berubah juga dalam beberapa jam mendatang,” papar laporan itu.Militer Israel mengatakan telah melakukan ""serangan tepat terhadap target militer di Iran"" dan ""kemampuan defensif dan ofensifnya dimobilisasi sepenuhnya"".Pemerintah Iran belum berkomentar lebih rinci setelah beberapa ledakan dilaporkan di dan sekitar ibu kota Iran, Teheran.
            
                Lihat Juga: Iran Incar Kapal Induk AS di Timur Tengah","Sabtu, 26 Oktober 2024 - 10:02 WIB",internasional
"Ayatollah Khamenei Disebut Sakit Parah usai Serangan Israel, Faktanya Sehat Bugar","JAKARTA -  Ayatollah Ali Khamenei,  Pemimpin Tertinggi Iran, diberitakan media Amerika Serikat menderita sakit parah setelah Iran diserang Israel. Namun, berita itu tak terkonfirmasi dan faktanya Khamenei muncul dalam sehat bugar menyampaikan pidato.Laporan New York Times pada 26 Oktober 2024 menyebutkan bahwa Khamenei yang berusia 85 tahun sakit parah dan putra tertua keduanya, Mojtaba Khamenei, kemungkinan akan menggantikannya.Laporan itu mencatat bahwa kondisi medis serius Khamenei menciptakan ""pertempuran diam-diam"" atas penggantinya.
                
                    Baca Juga
                    
                        
                    
                        
                    
                        
                            Mengapa Israel Tak Takut pada Iran? Ini Analisanya
                        
                    
                 Laporan itu juga menyatakan bahwa Korps Garda Revolusi Islam akan memiliki suara dalam menentukan siapa yang akan menjadi pengganti Ayatollah Khamenei.Khamenei telah menjabat sebagai Pemimpin Tertinggi Iran sejak 1989, ketika pendahulunya; Ruhollah Khomeini, meninggal.Kekhawatiran meningkat terhadap penerus Khamenei setelah mantan Presiden Iran Ebrahim Raisi tewas dalam kecelakaan helikopter Mei lalu.Kondisi Ali Khamenei Saat IniLaporan New York Times tidak dapat dikonfirmasi kebenarannya, sebab hingga saat ini Khamenei masih sehat bugar dan baru-baru ini menyampaikan pidato di sebuah acara besar.Dikutip dari BBC, Khamenei menyerukan Iran memberikan respons terukur terhadap serangan Israel, dengan mengatakan serangan Israel tidak boleh ""dibesar-besarkan atau diremehkan"" sembari menahan diri dari menjanjikan pembalasan langsung.Sedangkan Presiden Masoud Pezeshkian mengatakan Iran akan ""memberikan respons yang tepat"" terhadap serangan tersebut, yang menewaskan empat tentara, dan menambahkan bahwa Teheran tidak menginginkan perang.
            
                Lihat Juga: Tidak Seperti Hassan Nasrallah, Pemimpin Baru Hizbullah Justru Bukan dari Keturunan Nabi Muhammad, Kenapa?","Selasa, 29 Oktober 2024 - 15:32 WIB",internasional
Lembong Terjerat Hukum karena Berikan Perizinan Impor saat Surplus Gula,"JAKARTA - Thomas Trikasih Lembong (TTL) alias  Tom Lembong  telah ditetapkan sebagai tersangka oleh Kejaksaan Agung (Kejagung). Kejagung menilai Tom Lembong memberikan perizinan impor saat Indonesia surplus gula.Direktur Penyidikan Jampidsus Kejagung, Abdul Qohar menyatakan, surplus gula tersebut berdasarkan rapat koordinasi (rakor) antarkementerian pada 12 Mei 2015 yang salah satunya menyimpulkan Indonesia mengalami surplus gula. Namun, di tahun yang sama Tom Lembong memberikan izin persetujuan  impor gula  kristal mentah (GKM) ke PT AP sebanyak 105.000 ton. Qohar melanjutkan, sesuai dengan keputusan Menteri Perdagangan dan Peridustrian Nomor 527 Tahun 2004 yang diperbolehkan impor gula kristal putih (GKP) adalah BUMN.""Tetapi berdasarkan persujuan impor yang telah dikeluarkan oleh tersangka TTL, impor gula tersebut dilakukan oleh PT AP,"" kata Qohar.Impor GKM itu juga dilakukan tanpa adanya rakor dengan intansi terkait. Selain itu, impor juga dilakukan tanpa adanya rekomendasi dari kementerian-kementerian guna mengetahui kebutuhan riil gula di dalam negeri.""Bahwa kerugian negara akibat perbuatan importasi gula yang tidak sesuai dengan ketentuan perundang-undangan yang berlaku negara dirugikan kurang lebih Rp400 miliar,"" ujarnya.
            
                Lihat Juga: Gaji dan Tunjangan Tom Lembong saat Jadi Menteri Perdagangan RI 2015-2016
            (abd)","Rabu, 30 Oktober 2024 - 14:30 WIB",nasional
"Retreat Berakhir, Mentan-Wamentan Ungkap Kesan Selama di AKMIL Magelang","MAGELANG - Menteri Pertanian (Mentan) Andi Amran Sulaiman dan Wakil Menteri Pertanian (Wamentan) Sudaryono mengungkapkan kesannya setelah merampungkan retreat Kabinet Merah Putih.“Luar biasa, kompak, Kabinet Merah Putih kompak,” kata Mentan Amran saat meninggalkan Kompleks Akademi Militer (Akmil) Magelang, Jawa Tengah, Minggu (27/10/2024).Amran menjelaskan bahwa pelatihan tidak hanya menguatkan kebersamaan antara pejabat di Kabinet Merah Putih, tetapi juga memantapkan komitmen untuk mewujudkan cita-cita bangsa.“Pembekalan ini menegaskan kembali komitmen untuk bekerja dengan hati dan penuh integritas, serta kekompakan di bawah komando Presiden Prabowo,” ujarnya.Sepakat dengan Mentan Amran, Wamentan Sudaryono mengaku menjadi semakin bersemangat untuk menjalankan pemerintahan yang mengabdi kepada kepentingan rakyat. Salah satunya mewujudkan gagasan besar untuk swasembada pangan.“Kita dapat pengarahan Presiden, di sini kita benar-benar fokus dan kompak. Kami siap menyukseskan pemerintahan Prabowo-Gibran. Semangat, swasembada, swasembada, tidak bisa ditawar,” ucapnya.Seperti diketahui, Presiden Prabowo Subianto mengumpulkan jajaran pejabat di Kabinet Merah Putih untuk mengikuti pembekalan selama tiga hari. Kegiatan retreat menekankan pentingnya kebersamaan, disiplin, dan kesatuan visi antara para menteri di Kabinet Merah Putih.Dalam berbagai kesempatan selama di AKMIL Magelang, Mentan Amran dan Wamentan Sudaryono terlihat sering bersama dan berdiskusi serius di sela-sela kegiatan. Kekompakan dan kebersamaan punggawa kementerian yang mengurusi produksi pangan rakyat Indonesia ini, kerap kali menjadi sorotan para menteri lainnya. “Wah menteri dan wamennya kompak nih pertanian. Naik mobil (golf car) aja barengan,” celetuk salah satu menteri Kabinet Merah Putih.Di tengah suasana diskusi dan evaluasi, keduanya menunjukkan kerja sama yang solid, mencerminkan keharmonisan dalam upaya bersama membangun sektor pertanian Indonesia.
            
                Lihat Juga: Kolaborasi dengan BUMN Pangan, Mentan Amran Optimalkan Kemandirian Pangan Nasional","Minggu, 27 Oktober 2024 - 16:25 WIB",nasional
"Profil Mehdi Hasan, Jurnalis Muslim yang Diancam Dibunuh Ryan Girdusky saat Acara Live","LONDON - Jurnalis Muslim Mehdi Hasan viral setelah dikomentari rasis dan diancam dibunuh oleh Ryan Girdusky saat acara diskusi live di CNN. CNN kemudian mengatakan komentator sayap kanan Ryan Girdusky tidak akan diterima lagi tampil live setelah dia membuat pernyataan rasis di acara ""CNN NewsNight with Abby Phillip.""Pada acara utama hari Senin (28/10/2024), setelah jurnalis Muslim Mehdi Hasan menyatakan dia mendukung Palestina, komentator konservatif Ryan Girdusky menanggapi, ""Saya harap pager Anda tidak berbunyi."" Komentar Girdusky tersebut merujuk pada ribuan ledakan pager di Lebanon yang menargetkan warga sipil dan pejuang Hizbullah. CNN mengetahui serangan tersebut dilakukan Israel.Hasan kemudian bertanya kepada Phillip, ""Apakah tamu Anda baru saja mengatakan saya harus dibunuh di TV live?"" Girdusky menanggapi dengan secara keliru menyamakan dukungan Hasan terhadap Palestina dengan kelompok Hamas.""Itu sama sekali tidak masuk akal. Anda tahu itu,"" ujar Phillip kepada Girdusky. Phillip meminta maaf kepada para pemirsa atas pernyataan Girdusky. Girdusky mengatakan dia meminta maaf karena dia mengira Hasan mengatakan dia mendukung Hamas, klaim yang dibantah Phillip dan Hasan.Beberapa menit kemudian, saat acara kembali dari jeda iklan, Phillip berkata pada pemirsa dan Hasan atas komentar ""yang sama sekali tidak dapat diterima"" yang dibuat Girdusky dan Girdusky pun dikeluarkan dari acara tersebut.""Ada batas yang dilanggar di sana dan itu tidak dapat diterima oleh saya. Itu tidak dapat diterima oleh kami di jaringan ini. Kami ingin berdiskusi. Kami ingin orang-orang yang tidak sependapat untuk berbicara satu sama lain. Namun, jika Anda melewati batas kurangnya kesopanan, itu tidak akan terjadi di acara ini,"" tegas Phillip.
            
                Lihat Juga: 10 Fakta Hubungan Pangeran William dan Harry, dari Keluarga hingga Persaingan Saudara","Rabu, 30 Oktober 2024 - 12:51 WIB",internasional
Menjadikan Bahasa Indonesia Keren Lagi,"Widodo SuryadiPraktisi Perbankan dan Pemerhati KebudayaanMESKIPUN sedang ramai tentang penurunan daya beli kelas menengah belakangan ini, Indonesia tetap digadang-gadang sebagai kekuatan ekonomi baru. Apalagi dengan bonus demografi mayoritas penduduk Indonesia berada di rentang usia produktif, visi Indonesia Emas 2045 terus digaung-gaungkan ke semua penjuru. Di balik optimisme ini, tetap ada kegelisahan dan kegalauan bagi semua pemerhati sejarah. Akankah kita masih tetap bisa menjadi satu bangsa yang tersatukan di tahun 2045 nanti? Salah satu hal yang mendasari kegalauan ini adalah menurunnya apresiasi kita terhadap Bahasa Indonesia yang telah membuktikan jati dirinya sebagai perekat kebangsaan selama hampir 1 abad ini.Setiap kali kita memperingati Hari Sumpah Pemuda pada tanggal 28 Oktober setiap tahunnya, kita selalu diingatkan kembali atas pengorbanan para pendiri bangsa dalam mengesampingkan perbedaan mereka demi terbentuknya satu nusa, satu bangsa, satu bahasa, Indonesia. Seiring dengan berjalannya waktu dan pesatnya perkembangan teknologi, gaung Sumpah Pemuda ini perlahan-lahan menjadi keniscayaaan hampa. Sumpah yang begitu sakral dan menjadi fondasi berdirinya Republik tercinta ini terkesan hanya menjadi suatu formalitas sejarah belaka.Ketika kita menelusuri kembali perjalanan sejarah Indonesia dari 28 Oktober 1928 hingga saat ini, pasti timbul pertanyaan mengapa kita masih bisa bersatu sebagai satu bangsa. Banyak episode sejarah mencatat berulang kali, atas dasar kepentingan kelompok tertentu, terjadi peristiwa-peristiwa untuk memecah-belah bangsa kita. Namun, Indonesia masih tetap tegak berdiri. Peristiwa peristiwa tersebut tidak nendjadikan bangsa kita terpecah berdasarkan garis etnis atau paham tertentu seperti yang terjadi di Eropa dan beberapa belahan dunia lain.Mungkin kita tidak menyadari bahwa perekat kebangsaan kita yang paling kuat itu justru Bahasa Indonesia yang kita tuturkan setiap hari. Bahasa Indonesia tidak hanya memainkan peran sejarah dalam mempersatukan bangsa, tetapi juga menjadi bagian dari pembangunan karakter kita sebagai suatu bangsa. Sayangnya, Bahasa Indonesia ini sering kali dilupakan dalam pembahasan pembahasan tentang identitas dan pembangunan karakter bangsa. Padahal, Bahasa Indonesia memegang peranan penting sebagai pemersatu bagi bangsa Indonesia yang multietnis. Bahasa Indonesia telah menjadi bahasa yang digunakan semua etnis di samping bahasa ibu mereka masing-masing.Bahasa sebagai Identitas dan IdeologiBahasa Indonesia berasal dari Bahasa Melayu, yang telah digunakan selama lebih dari 700 tahun. Bahasa yang berasal dari rumpun bahasa Austronesia ini telah berkembang dari waktu ke waktu menjadi bahasa nasional Indonesia. Sejarah panjang ini telah memungkinkannya menjadi bahasa umum di antara berbagai kelompok etnis, sehingga memudahkan komunikasi dan memfasilitasi interaksi serta pemahaman di antara orang-orang dari latar belakang yang berbeda. Dalam masyarakat multikultural, bahasa membantu menjembatani kesenjangan antara kelompok yang beragam. Hal inilah yang mendorong kohesi sosial dan menciptakan rasa identitas dan persatuan nasional tanpa kita sadari. Karena bahasa sering menjadi simbol budaya dan ideologi suatu kelompok masyarakat, perbedaan bahasa dapat mencerminkan perbedaan identitas yang lebih dalam di antara mereka. Oleh karena itu, Sumpah Pemuda 28 Oktober 1928 merupakan terobosan luar biasa yang sangat visioner karena semua deklarator bisa mengesampingkan perbedaan untuk bertekad menjadi satu Indonesia. Salah satunya, menerima Bahasa Indonesia yang berasal dari Bahasa Melayu, dan bukan bahasa-bahasa daerah lain yang diucapkan oleh lebih banyak orang, sebagai bagian dari fondasi kebangsaan Indonesia.Sekarang ini, Bahasa Indonesia telah digunakan dan dipahami secara luas di seluruh Indonesia, dengan lebih dari 97% orang Indonesia fasih berbahasa Indonesia. Melalui Bahasa Indonesia inilah, kita dapat mempertahankan warisan budaya yang kaya, termasuk sastra, musik, dan seni. Sudah seharusnya jika Bahasa Indonesia menjadi sumber kebanggaan nasional karena mewakili sejarah, budaya, dan identitas bangsa kita. Dengan Bahasa Indonesia lah, karakter kebangsaan kita dibentuk sebagai pengejawantahan rasa identitas dan nilai-nilai nasional.Tantangan di Era GlobalisasiMeskipun Bahasa Indonesia telah terbukti berhasil membentuk identitas nasional, tetap timbul keresahan jika kita melihat ada tendensi kemunduran penggunaannya belakangan ini. Apalagi dengan derasnya aliran informasi dari segala penjuru, banyak varian bahasa yang unik, khususnya di platform media sosial yang sangat popular di kalangan generasi muda. Kata-kata seperti mantul, mager, pansos, gercep, gabut, dan lain-lain adalah contoh dari varian unik ini. Sayangnya, varian ini meskipun kreatif kadang- kadang tidak sesuai dengan pakem dari Bahasa Indonesia yang benar.Hadirnya teknologi dan globalisasi menjadi salah satu faktor utama yang mengikis penggunaan bahasa Indonesia. Hal ini membuat masyarakat, terutama generasi muda, lebih banyak terpapar oleh dan menggunakan bahasa asing atau bahasa gaul dalam komunikasi sehari-hari sehingga sering kali menggeser posisi bahasa Indonesia sebagai bahasa utama. Globalisasi telah memengaruhi dinamika bahasa secara signifikan sehingga sering kali menyebabkan marginalisasi banyak bahasa nasional di seluruh dunia, termasuk Indonesia. Ketika masyarakat menjadi lebih saling terhubung, bahasa yang dominan mengalahkan bahasa nasional, bahasa local ataupun dialek yang sehari-hari diucapkan. Tren ini diperburuk oleh meningkatnya prevalensi bahasa Inggris dalam pendidikan, media, dan bisnis, yang mengurangi kegunaan dan prestise Bahas Indonesia. Hasilnya adalah hierarki linguistik di mana Bahasa Inggris sebagai bahasa internasional dianggap lebih berharga atau berguna daripada bahasa lain, yang mengarah pada pergeseran bertahap dari Bahasa Indonesia di kalangan generasi muda. 
            
                Lihat Juga: Kemendibudristek Lanjutkan Program Bantuan Pemerintah Bidang Kebahasaan dan Kesastraan bagi Komunitas","Senin, 28 Oktober 2024 - 05:27 WIB",nasional
"Profil Ryan Girdusky, Panelis Konservatif Amerika yang Rasis ke Jurnalis Muslim soal Pager Lebanon","BEIRUT - Mendengar nama Ryan Girdusky, sebagian orang tentu masih merasa asing. Belakangan, namanya disorot usai tampil di acara televisi internasional dan membuat pernyataan rasis terhadap seorang jurnalis Muslim.Sebelumnya, Girdusky didatangkan sebagai tamu untuk acara berita di stasiun televisi internasional. Namun, saat sesi diskusi berlangsung, ia kedapatan membuat pernyataan kontroversial yang digambarkan sebagai bentuk rasis.Pada salah satu momen, para panelis yang hadir membahas orang-orang dengan kecenderungan politik berbeda yang dicap sebagai ""Nazi"" dan ""anti-Semit. Nah, di situ hadir juga seorang jurnalis Muslim bernama Mehdi Hasan yang mengatakan ia sudah terbiasa dengan label tersebut karena dukungannya terhadap Palestina.Girdusky tiba-tiba menanggapi pernyataan Hasan dengan kalimat yang dirasa rasis. ""Baiklah, saya harap pager Anda tidak berbunyi,"" ucap Girdusky.Sontak, Hasan dan panelis lain tampak terkejut. Hasan kemudian menjawabnya, ""Apakah Anda baru saja mengatakan saya harus mati?""Profil Ryan GirduskyRyan Girdusky merupakan seorang komentator politik konservatif asal Amerika Serikat. Ia disebutkan berasal dari New York.Mengutip NewsWeek, Girdusky juga dikenali sebagai penulis buku ‘They're Not Listening: How the Elites Created the National Populist Revolution’ pada tahun 2020. Buku itu berkisah tentang cara elit kosmopolitan di seluruh dunia mengabaikan keinginan rakyat dan mendorong para pemilih yang tidak puas ke tangan partai dan politisi populis nasional.
            
                Lihat Juga: 3 Alasan Israel Mengalami Kekalahan Perang di Lebanon dan Gaza","Rabu, 30 Oktober 2024 - 13:30 WIB",internasional
"Tak Ingin Terlibat dalam Perang Dunia III, Trump Tak Akan Kirim Prajurit AS Mati di Negara Orang","WASHINGTON - Mantan Presiden AS Donald Trump berjanji tidak akan mengirim warga Amerika untuk berperang dan mati di negara-negara yang belum pernah mereka dengar.Itu diungkapkan Trump saat berpidato di hadapan khalayak di negara bagian Pennsylvania yang menjadi medan pertempuran akhir pekan ini. Itu sebagai penegasan bahwa Trump tak ingin terlibat Perang Dunia III. Berbicara di rapat umum kampanye, Trump sekali lagi mengklaim bahwa dialah satu-satunya yang mampu mencegah konflik global habis-habisan, dengan alasan bahwa saingannya dari Partai Demokrat, Kamala Harris ""akan membawa kita ke dalam Perang Dunia III, dijamin, karena dia terlalu tidak kompeten untuk melakukan pekerjaan itu.""""Menjadikannya presiden berarti mempertaruhkan nyawa jutaan orang. Anak laki-laki dan perempuan akan direkrut untuk berperang di negara yang belum pernah Anda dengar,"" katanya.Dalam pidato penerimaan pencalonannya awal tahun ini, Trump berjanji untuk ""mengakhiri setiap krisis internasional yang diciptakan oleh pemerintahan saat ini,"" khususnya konflik Ukraina dan Gaza. Dia tidak pernah menawarkan rencana khusus untuk mewujudkan perdamaian dunia, tetapi berulang kali memperingatkan bahwa dengan mendukung dan membiayai ""perang orang lain"" di bawah kepemimpinan Presiden Joe Biden dan Wakil Presiden Kamala Harris, AS meningkatkan kemungkinan tergelincir ke dalam Perang Dunia III.
                
                    Baca Juga
                    
                        
                    
                        
                    
                        
                            Partai Penguasa Jepang Kalah pada Pemilu Sela, Kenapa Jadi Sejarah Paling Memalukan?
                        
                    
                 Minggu lalu, Trump mengklaim di platform Truth Social-nya bahwa ""jika Kamala mendapat empat tahun lagi, Timur Tengah akan menghabiskan empat dekade berikutnya dalam kobaran api, dan anak-anak Anda akan pergi berperang.""""Tetapi saya tidak akan mengirim Anda untuk berperang dan mati dalam perang asing yang bodoh dan tidak pernah berakhir,"" katanya kepada orang banyak pada hari Sabtu.Anda tidak perlu mengirim anak-anak Anda berperang, membiarkan anak Anda diledakkan demi negara yang belum pernah Anda dengar, dan yang toh tidak mau berurusan dengan Anda.
            
                Lihat Juga: Taiwan akan Beli 1.000 Drone Serang Buatan AS, China Murka","Senin, 28 Oktober 2024 - 15:36 WIB",internasional
"Rampai Nusantara Silaturahmi ke Rumah Jokowi, Apresiasi Kinerja 10 Tahun","JAKARTA - Pengurus Dewan Eksekutif Nasional Rampai Nusantara bersilaturahmi ke rumah Presiden ke-7 RI Joko Widodo ( Jokowi ) di Solo, Jawa Tengah, Selasa (29/10/2024). Kedatangan mereka diterima langsung oleh Jokowi.Ketua Umum Rampai Nusantara Mardiansyah Semar menjelaskan, kunjungan tersebut dalam rangka memberikan apresiasi atas kinerja Jokowi dalam memimpin bangsa Indonesia selama 10 tahun dengan berbagai prestasi yang cukup membanggakan.“Rampai Nusantara menyampaikan apresiasinya terhadap kepemimpinan Pak Jokowi atas dedikasi dan prestasinya selama beliau memimpin negara ini selama 10 tahun, kami merasakan bahwa kebijakan-kebijakan selama beliau memimpin telah membawa negara ini bergerak maju terutama pada pemerataan pembangunan yang dirasakan oleh seluruh masyarakat Indonesia dari Sabang sampai Merauke dari Miangas sampai Pulau Rote,"" kata Semar.
                
                    Baca Juga
                    
                        
                    
                        
                    
                        
                            Rampai Nusantara Akan Kawal Pemerintahan Prabowo-Gibran
                        
                    
                 Selain infrastruktur, kata Semar, pemerintahan di bawah Presiden Jokowi juga telah mampu membangun hilirisasi sumber-sumber kekayaan negara yang berdampak pada nilai tambah sumber daya alam Indonesia berlipat dari sebelumnya. ""Hilirisasi pada sektor pertambangan dan industri kita semasa Pak Jokowi mendongkrak nilai tambah dan manfaat dari sumber-sumber kekayaan negara yang selama ini kurang maksimal, sektor pariwisata, ketahanan pangan, UMKM, dan dana desa juga menjadi bukti prestasi dan keberhasilan beliau dalam memimpin bangsa ini yang tentunya sangat bermanfaat bagi masyarakat luas,"" kata Semar. Semar juga berharap Jokowi tetap bersama rakyat yang bisa menambah semangat juang dalam menghadapi berbagai tantangan kehidupan pada kondisi dunia yang sangat tidak menentu. Dia menilai Jokowi masih perlu menyumbangkan pikir dan gagasannya untuk bangsa ini dengan memberikan masukan-masukan kepada pemerintahaan saat ini Prabowo-Gibran. ""Kami yakin program-program Pak Jokowi akan diteruskan oleh pemerintah saat ini di bawah Pak Prabowo-Gibran yang sejak awal memang menginginkan adanya keberlanjutan, kami tadi juga menyampaikan supaya beliau tetap membersamai kami rakyat Indonesia,” kata aktivis 98 tersebut.“Agar semakin bertambah semangat juangnya dalam menghadapi berbagai persoalan yang tentu tidak mudah untuk dilewati dan kami juga berharap beliau tetap dapat memberikan saran serta gagasannya untuk pemerintahan saat ini karena kami yakin masih sangat diperlukan,"" pungkasnya.
            
                Lihat Juga: Retreat Kabinet Merah Putih Hari Kedua, Olahraga Pagi dan Latihan Baris-berbaris Lagi
            (rca)","Rabu, 30 Oktober 2024 - 13:59 WIB",nasional
"Kisah Michiko, Bagaimana Seorang Gadis Hiroshima Selamat dari Bom Nuklir Amerika","TOKYO - Michiko Kodama baru berusia tujuh tahun saat itu, tetapi dia memiliki ingatan yang sangat jelas tentang pagi hari tanggal 6 Agustus 1945 di  Hiroshima,  Jepang.“Hari itu cerah,” katanya. “Pukul 08.15, saya berada di sekolah, duduk di meja saya di depan kelas, ketika ada kilatan putih yang dahsyat dan langit-langit runtuh. Sepotong kaca tersangkut di bahu saya, dan di sekeliling saya orang-orang terjebak oleh pecahan puing, tetapi entah bagaimana semua orang masih hidup.”Hal berikutnya yang diingatnya adalah berada di klinik sekolah tempat salah satu guru melepaskan kaca. “Mereka merobek tirai untuk membersihkan luka kami sebaik mungkin. Kemudian ayah saya datang. Dia membaringkan saya di punggungnya dan kami berjalan pulang bersama,"" tutur Michiko.
                
                    Baca Juga
                    
                        
                    
                        
                    
                        
                            Truman Menyesal Membom Atom Hiroshima? Jawabnya: Persetan, Harus Dilakukan
                        
                    
                 Michiko adalah seorang “hibakusha” atau “orang yang terkena bom”—seorang penyintas  bom nuklir  yang dijatuhkan oleh Amerika Serikat (AS) di kota Hiroshima dan Nagasaki di Jepang. Para hibakusha, termasuk keturunan dari mereka yang mengalami pengeboman tersebut, kini berjumlah sekitar 540.000 orang.Hampir sembilan dekade sejak peristiwa mengerikan tersebut, Nihon Hidankyo, organisasi yang mewakili hibakusha, dianugerahi Hadiah Nobel Perdamaian pada 11 Oktober 2024. “Atas upayanya untuk mencapai dunia yang bebas dari senjata nuklir dan karena menunjukkan melalui kesaksian saksi bahwa senjata nuklir tidak boleh digunakan lagi,"" kata Nobel Foundation terkait alasan memberikan Hadiah Nobel Perdamaian kepada Nihon Hidankyo.Nihon Hidankyo didirikan pada tahun 1956 untuk meningkatkan kesadaran publik di seluruh dunia dengan memamerkan, melalui pengalaman hibakusha, efek jangka panjang senjata nuklir. 
            
                Lihat Juga: Indonesia-Jepang Perkuat Transformasi Digital untuk Atasi Stunting dan Pelayanan Kesehatan Ibu-Anak","Selasa, 29 Oktober 2024 - 13:19 WIB",internasional
Israel Ingin Berdamai dengan Negara-negara Arab setelah Perangnya Picu Kemarahan,"TEL AVIV - Perdana Menteri (PM)  Israel  Benjamin Netanyahu mengatakan dia mengupayakan perdamaian dengan negara-negara  Arab  setelah setahun perang di Gaza dan Lebanon memicu kemarahan dunia Arab.Netanyahu menyampaikan hal itu kepada anggota Parlemen Israel pada hari Senin saat Washington berupaya menggalang dukungan negara-negara Arab untuk rencana jangka panjang pemerintahan pascaperang di Jalur Gaza, dan kesepakatan normalisasi lebih lanjut dengan Israel setelah Kesepakatan Abraham 2020.""Saya bercita-cita untuk melanjutkan proses yang saya lalui beberapa tahun lalu, dengan penandatanganan Kesepakatan Abraham yang bersejarah, untuk mencapai perdamaian dengan negara-negara Arab lainnya,"" kata Netanyahu dalam pidatonya di hadapan para anggota Parlemen.
                
                    Baca Juga
                    
                        
                    
                        
                    
                        
                            Pangeran Arab Saudi Ungkap Cara Hentikan Israel Invasi Gaza
                        
                    
                 Kesepakatan Abraham yang ditengahi Amerika Serikat mempertemukan negara-negara Teluk; Bahrain dan Uni Emirat Arab, serta Maroko, yang menjalin hubungan formal dengan Israel.""Saya menekankan perdamaian demi perdamaian, perdamaian demi kekuatan dengan negara-negara penting di Timur Tengah,"" kata Netanyahu, seperti dikutip AFP, Selasa (29/10/2024).""Negara-negara ini dan negara-negara lain melihat dengan jelas pukulan yang kami berikan kepada mereka yang menyerang kami, poros kejahatan Iran,"" imbuh dia, dua hari setelah Israel mengebom target militer di Iran, sebagai balasan atas serangan ratusan rudal Iran terhadap Israel pada 1 Oktober lalu.""Mereka terkesan dengan tekad dan keberanian kami. Seperti kami, mereka bercita-cita untuk Timur Tengah yang stabil, aman, dan makmur,"" ujarnya.""Kesepakatan Abraham dicapai di bawah pemerintahan presiden AS saat itu Donald Trump, yang sekarang sedang berupaya untuk kembali berkuasa di Gedung Putih.Amerika Serikat, pendukung utama Israel, telah lama berupaya menjadi penengah kesepakatan normalisasi hubungan antara Arab Saudi dan Israel, yang akan memerlukan jaminan keamanan AS untuk kerajaan tersebut.Washington berharap dapat memberikan insentif kepada Netanyahu untuk menghentikan perang dan mendapatkan sekutu Arab yang kuat, penjaga dua tempat suci umat Islam.
            
                Lihat Juga: 3 Dosa Israel Terhadap Indonesia, Salah Satunya Lukai TNI","Selasa, 29 Oktober 2024 - 14:25 WIB",internasional
"Israel Luncurkan Gelombang Kedua Serangan ke Iran, Ledakan Terdengar di Shiraz","TEHERAN - Saluran News 12 Israel melaporkan ""gelombang kedua"" serangan Israel terhadap Iran telah dimulai, dengan menyebutkan ledakan di kota Shiraz di selatan-tengah Iran.Saluran berita tersebut tidak memberikan rincian lebih lanjut dan tidak ada konfirmasi resmi.Sebelumnya, seorang warga Teheran mengatakan kepada kantor berita The Associated Press bahwa sedikitnya tujuh ledakan terdengar di sekitar ibu kota Iran, yang mengguncang daerah sekitarnya.Ledakan juga terdengar di Karaj, kota yang menampung salah satu pembangkit listrik tenaga nuklir Iran. Saat ledakan sebelumnya pada hari Jumat, kebakaran dilaporkan terjadi di lokasi Kementerian Pertahanan Iran di Teheran, meskipun Departemen Pemadam Kebakaran Teheran membantah adanya hubungan apa pun. Hanya dalam beberapa menit terakhir, kantor Perdana Menteri Benjamin Netanyahu di Israel telah merilis pernyataan yang sangat singkat yang mengatakan perdana menteri telah berada di pusat operasi di Kementerian Pertahanan di Tel Aviv dan bahwa dia berada di sana saat serangan terhadap Iran ini berlangsung.Netanyahu dan Menteri Pertahanan Israel Yoav Gallant dikabarkan sembunyi di bunker bawah tanah saat serangan ke Iran. Apa yang juga kami dengar dari media Israel dalam satu jam terakhir adalah bahwa kabinet keamanan telah menyetujui rencana serangan terhadap Iran dan mereka, pada dasarnya, menunggu perintah dari perdana menteri, Benjamin Netanyahu, serta Menteri Pertahanan Yoav Gallant.Tampaknya, tentu saja, serangan itu telah terjadi sekarang.Trita Parsi, wakil presiden eksekutif lembaga pemikir Quincy Institute for Responsible Statecraft, mengatakan sejauh mana serangan Israel malam ini terhadap Iran masih menjadi pertanyaan besar.""Jika serangan itu seluas yang diklaim Israel sendiri, banyak target di seluruh negeri, bukan hanya di Teheran, kemungkinan Iran akan merespons secara drastis akan meningkat,"" ujar Parsi kepada Al Jazeera.Dia menjelaskan, ""Dan kemudian di babak berikutnya, Israel kemungkinan besar akan menyerang lokasi nuklir, dan menyerang instalasi minyak dan infrastruktur ekonomi, dan pada saat itu, kita akan berada dalam perang regional.""
                
                    Baca Juga
                    
                        
                    
                        
                    
                        
                            Israel Luncurkan Serangan ke Iran, Beberapa Ledakan Terdengar di Teheran
                        
                    
                 
            
                Lihat Juga: Ada Rusia di Balik Iran Sukses Ladeni Serangan Israel
            (sya)","Sabtu, 26 Oktober 2024 - 08:30 WIB",internasional
Iran Ungkap Aktivitas Pertahanan Sebabkan Beberapa Suara Terdengar di Teheran,"TEHERAN - Kantor berita resmi Iran, IRNA, mengutip sumber keamanan yang mengatakan beberapa suara yang terdengar di ibu kota disebabkan oleh ""aktivitas pertahanan di Teheran, dan pertahanan udara berhasil selama insiden ini"".Dalam unggahan Telegram terpisah, kantor berita tersebut mengatakan tidak ada laporan insiden yang memerlukan bantuan. Ditambahkannya, situasi di bandara internasional Mehrabad dan bandara internasional Imam Khomeini ""normal"".Serangan Israel dilaporkan menargetkan beberapa lokasi di Iran. Meski demikian, belum diketahui berapa besar kerusakan akibat serangan Zionis itu. Telah dilaporkan berkali-kali dalam beberapa pekan terakhir, setelah serangan (oleh Iran) di Tel Aviv pada tanggal 1 Oktober, bahwa Amerika Serikat (AS) telah memperingatkan Israel bahwa jika dan kapan Israel memutuskan untuk membalas, Israel harus menghindari menyerang fasilitas nuklir Iran, dan menghindari menyerang fasilitas minyak Iran.Mengenai dukungan AS terhadap Israel, AS telah lama mendukung keunggulan teknologi dan militer Israel di kawasan Timur Tengah.Setiap penjualan senjata yang dilakukan AS dengan Israel dilakukan untuk memastikan Israel memiliki keunggulan teknologi atas negara-negara tetangganya, termasuk Iran.Perlu juga dicatat bahwa AS hampir selalu menempatkan kelompok penyerang kapal induk di wilayah tersebut untuk membantu memberikan pertahanan bagi warga negara Israel dan wilayah Israel.Dan dalam beberapa pekan terakhir, AS mengerahkan THAAD, sistem Terminal High Altitude Area Defense, bersama dengan 100 tentara AS ke Israel untuk membantu melindungi Israel jika dan ketika serangan terhadap Iran ini benar-benar terjadi, karena asumsinya adalah Iran akan membalas dengan cara yang sama.Serangan terbaru Israel ke Iran tampaknya akan memicu serangan balasan selanjutkan dari Teheran.
                
                    Baca Juga
                    
                        
                    
                        
                    
                        
                            Israel Luncurkan Serangan ke Iran, Beberapa Ledakan Terdengar di Teheran
                        
                    
                 
            
                Lihat Juga: Tidak Seperti Hassan Nasrallah, Pemimpin Baru Hizbullah Justru Bukan dari Keturunan Nabi Muhammad, Kenapa?
            (sya)","Sabtu, 26 Oktober 2024 - 09:01 WIB",internasional
Baleg DPR Usul Prolegnas Disesuaikan dengan Asta Cita Prabowo,"JAKARTA - Wakil Ketua Badan Legislasi (Baleg) DPR Ahmad Doli Kurnia mengusulkan agar Program Legislasi Nasional ( Prolegnas ) 2024-2029 disesuaikan dengan  Asta Cita  dari visi-misi Presiden Prabowo Subianto dan Wakil Presiden Gibran Rakabuming Raka.Menurutnya, Prolegnas 2024-2029 harus didasarkan pada aspek kebutuhan, bukan keinginan. Kebutuhan yang dimaksud yakni target Indonesia pada 2029 berdasarkan pemerintahan Prabowo-Gibran.""Kita menginginkan mengevaluasi, jangan-jangan (periode) kemarin itu terlalu banyak ternyata yang disusun itu daftar keinginan bukan daftar kebutuhan. Kita harus membedakan,"" kata Doli kepada wartawan saat ditemui di Kompleks Parlemen, Jakarta Pusat, Selasa (29/10/2024).
                
                    Baca Juga
                    
                        
                    
                        
                    
                        
                            DPR-Pemerintah Sepakati 4 RUU Masuk Prolegnas Perioritas 2023
                        
                    
                 Sejumlah rancangan undang-undang (RUU) yang bisa diusulkan sesuai dengan misi Asta Cita, seperti soal hilirisasi, ketahanan pangan, hingga program Makan Bergizi Gratis. Jika sudah diinventarisir sesuai dengan misi tersebut, kata Doli, DPR bakal mengetahui regulasi yang dibutuhkan. Namun jika ternyata regulasinya sudah ada, maka menurutnya undang-undang tersebut bisa diperbarui atau diintegrasikan.""Saya berharap begitu dan kita di pimpinan kemarin sudah bicara juga, mudah-mudahan bisa seperti itu,"" katanya.Doli mengatakan, pihaknya sudah merencanakan untuk menggelar rapat kerja dengan pemerintah dan DPD RI pada tanggal 18 November 2024 untuk menyusun dan menetapkan Prolegnas. Yang paling penting, kata dia, peta jalan untuk menyusun Prolegnas itu harus ada terlebih dahulu.""Ini kan sisa 20 hari nah mudah mudahan 20 hari ini kita sudah punya gambaran seperti itu pemerintah ini targetnya apa dan membutuhkan regulasi apa saja,"" katanya.
                
                    Baca Juga
                    
                        
                    
                        
                    
                        
                            Baleg DPR Tegaskan Tak Ada Pembatasan Jumlah Anggota Wantimpres
                        
                    
                 
            
                Lihat Juga: Irjen Helmy Santika Dukung Asta Cita Prabowo, Tambah Materi Kearifan Lokal dan Pertanian di SPN Polda Lampung
            (abd)","Rabu, 30 Oktober 2024 - 13:24 WIB",nasional
"6 Jenderal Baru di Angkatan Darat Setelah Mutasi TNI, Ini Nama-namanya","JAKARTA - Terdapat 6  jenderal baru  di Angkatan Darat (AD) setelah Panglima TNI Jenderal TNI Agus Subiyanto melakukan kebijakan mutasi para Perwira TNI pada akhir Oktober 2024.  Mutasi TNI  terbaru didasarkan pada Surat Keputusan Panglima TNI Nomor Kep/1264/X/2024 tanggal 18 Oktober 2024. Total sebanyak 63 Perwira TNI terkena mutasi, terdiri dari 35 Perwira TNI AD, 15 Perwira TNI AL, dan 13 Perwira TNI AU.Khusus TNI AD, dari 35 perwira yang dimutasi, beberapa di antaranya pecah bintang jadi jenderal baru di Angkatan Darat. Mereka mendapatkan promosi jabatan, sehingga pangkanya naik dari Kolonel menjadi Brigadir Jenderal (Brigen). Mereka yang sebelumnya golongan Perwira Menengah kini masuk Perwira Tinggi. Siapa saja mereka?
                
                    Baca Juga
                    
                        
                    
                        
                    
                        
                            Mutasi TNI Terbaru, 2 Jenderal Beralih Jadi Anak Buah Kepala BIN Herindra
                        
                    
                 6 Jenderal Baru di Angkatan Darat Setelah Mutasi1. Kolonel Inf Singgih Pambudi Arinto, S.I.P., M.M dari Dosen/Patun Sesko TNI menjadi Kapoksahli Pangdam V/ Brw2. Kolonel Inf Denny Marantika dari Paban VI/Rendukgar Srenum TNI menjadi Waasrenum Panglima TNI3. Kolonel Czi Lin Nofrianto dari Pamen Denmabesad menjadi Kapusada TNI4. Kolonel Inf Wimoko, S.E., M.Si dari Dangrup A Paspampres menjadi Danrem 102/PJG (Palangkaraya) Kodam XII/ Tpr5. Kolonel Inf Heri Rustandi dari Danrem 082/CPYJ Kodam V/ Brw menjadi Pa Sahli Tk. II Kamkonf Komunal Sahli Bid. Polkamnas Panglima TNI6. Kolonel Inf Purnomosidi, S.I.P., M.A.P., M.Han dari Paban V/Bakti TNI Sterad menjadi Danrem 121/ABW (Sintang) Kodam XII/TprItulah enam jenderal baru di tubuh TNI AD setelah mutasi akhir Oktober 2024 dilakukan. Dimana, mereka akan mengemban tanggung jawab baru yang lebih besar dari sebelumnya.
            
                Lihat Juga: Profil 2 Letjen TNI Peraih Adi Makayasa dengan Penugasan Baru
            (abd)","Minggu, 27 Oktober 2024 - 14:55 WIB",nasional
"Hendak Serang Lebanon, 2 Jet Tempur Israel Nyaris Tabrakan","TEL AVIV - Sebuah jet tempur  Israel  hampir menabrak pesawat tempur lain di sebuah landasan pacu Pangkalan Udara Ramat David pada Sabtu malam. Selama insiden tersebut, sebuah jet tempur F-16 lepas landas dari Pangkalan Udara Ramat David untuk menjalankan misi serangan di Lebanon. Namun, pesawat itu mengidentifikasi jet tempur lain yang melintasi jalurnya.Kedua pesawat tempur bermanuver menghindar beberapa saat sebelum nyaris saling bertabrakan.Rekaman insiden itu telah bocor ke media pada hari Senin, memicu Pasukan Pertahanan Israel (IDF) meluncurkan penyelidikan.
                
                    Baca Juga
                    
                        
                    
                        
                    
                        
                            Serangan Israel Diklaim Hancurkan Seluruh Sistem Rudal S-300 Iran, Teheran dalam Bahaya Besar
                        
                    
                 Menanggapi pertanyaan media perihal insiden tersebut, IDF mengatakan bahwa insiden nyaris tabrakan dua pesawat tempur itu akibat dari kesalahan operator menara pengawas lalu lintas udara. ""Akibat diterbitkannya persetujuan lepas landas yang salah oleh menara pengawas lalu lintas udara, sementara pesawat lain berada di landasan pacu,"" kata IDF, seperti dikutip dari Times of Israel, Selasa (29/10/2024).""Para kru merespons dengan cepat dan profesional dan insiden keselamatan yang serius dapat dihindari,"" lanjut IDF.Pada bulan September, dua tentara tewas dan tujuh lainnya cedera ketika sebuah helikopter militer jatuh di Rafah, Gaza selatan.Penyelidikan berikutnya menemukan bahwa kondisi jarak pandang yang buruk menjadi penyebab kecelakaan tersebut.
            
                Lihat Juga: 3 Dosa Israel Terhadap Indonesia, Salah Satunya Lukai TNI
            (mas)","Selasa, 29 Oktober 2024 - 12:18 WIB",internasional
"Pengecut, Netanyahu Ngumpet di Bunker Bawah Tanah saat Israel Serang Iran","TEL AVIV - Perdana Menteri (PM) Israel Benjamin Netanyahu dan Menteri Pertahanan (Menhan) Yoav Gallant berada di ruang bawah tanah di markas besar Kementerian Pertahanan di Tel Aviv, menurut laporan surat kabar Israel Hayom.Laporan itu muncul setelah Israel mengatakan telah menyerang sejumlah target di Teheran.Mengonfirmasi bahwa militer Israel menyerang beberapa lokasi di Iran, Kementerian Luar Negeri Israel mengatakan, “Negara ini akan melakukan apa pun yang diperlukan untuk mempertahankan negara dan rakyatnya.""Selama satu jam terakhir, militer Israel telah mengonfirmasi telah melancarkan serangan terhadap target militer di Iran.Hal itu terjadi beberapa pekan setelah serangan Iran terhadap Israel pada 1 Oktober, ketika Teheran meluncurkan hampir 200 rudal balistik sebagai respons terhadap serangan gencar Israel di Gaza dan Lebanon, serta pembunuhan sejumlah pemimpin senior Hamas dan Hizbullah.Korps Garda Revolusi Islam (IRGC) Iran mengatakan pada saat itu rudal-rudal itu ditujukan ke ""target militer dan keamanan vital"".Perdana Menteri Israel Benjamin Netanyahu mengatakan Iran telah ""membuat kesalahan besar"" dan ""akan membayarnya"", sementara Iran telah berjanji menanggapi serangan potensial dengan cara yang sama.Ketegangan regional telah mencapai titik tertinggi sepanjang masa sejak perang genosida Israel di Gaza dimulai lebih dari setahun yang lalu.Rezim kolonial Israel telah membunuh lebih dari 42.847 orang dan melukai lebih dari 100.000 orang di Jalur Gaza. Pasukan Zionis juga membunuh lebih dari 2.500 warga Lebanon. 
                
                    Baca Juga
                    
                        
                    
                        
                    
                        
                            Israel Luncurkan Serangan ke Iran, Beberapa Ledakan Terdengar di Teheran
                        
                    
                 
            
                Lihat Juga: Profil Ryan Girdusky, Panelis Konservatif Amerika yang Rasis ke Jurnalis Muslim soal Pager Lebanon
            (sya)","Sabtu, 26 Oktober 2024 - 07:58 WIB",internasional
"Di ICJ, Afrika Selatan Sodorkan Dokumen 750 Halaman Bukti Genosida Israel di Gaza","DEN HAAG - Afrika Selatan telah menyerahkan dokumen 750 halaman tentang bukti genosida yang dilakukan  Israel  di  Jalur Gaza  ke Mahkamah Internasional (ICJ).""Dokumen tersebut berisi bukti yang menunjukkan bagaimana pemerintah Israel telah melanggar konvensi genosida dengan mempromosikan penghancuran warga Palestina yang tinggal di Gaza,"" kata Kantor Presiden Cyril Ramaphosa pada hari Senin.Rezim Zionis selama ini membantah keras melakukan genosida di Jalur Gaza, Palestina, meski bukti dan kesaksikan kelompok hak asasi manusia (HAM) bermunculan.
                
                    Baca Juga
                    
                        
                    
                        
                    
                        
                            Bukan Sekadar Mengutuk, Hamas Minta Pemimpin Islam Ikut Bertanggung Jawab atas Genosida di Gaza
                        
                    
                 Seorang pejabat pengadilan yang berpusat di Den Haag pada hari Senin mengonfirmasi telah menerima dokumen tersebut, tetapi menolak memberikan perincian lebih lanjut.""Bukti akan menunjukkan bahwa yang mendasari tindakan genosida Israel adalah niat khusus untuk melakukan genosida, kegagalan Israel untuk mencegah hasutan untuk melakukan genosida, untuk mencegah genosida itu sendiri dan kegagalannya untuk menghukum mereka yang menghasut dan melakukan tindakan genosida,"" kata Kantor Presiden Ramaphosa, sebagaimana dikutip dari AFP, Selasa (29/10/2024).""Memorial""—nama dokumen yang merinci kasus Afrika Selatan terhadap Israel di ICJ—tidak dapat dipublikasikan tetapi memaparkan bukti dalam lebih dari 750 halaman teks. ""Didukung oleh bukti dan lampiran lebih dari 4.000 halaman,"" imbuh Kantor Presiden Ramaphosa.Afrika Selatan pada bulan Desember mengajukan kasus ke ICJ, dengan alasan perang brutal Israel di Gaza melanggar Konvensi Genosida Perserikatan Bangsa-Bangsa (PBB) 1948, tuduhan yang dibantah keras oleh Israel.Beberapa negara telah memberikan dukungan mereka terhadap proses hukum Afrika Selatan terhadap Israel, termasuk Spanyol, Bolivia, Kolombia, Meksiko, Turki, Chili, dan Libya.Meskipun putusan ICJ mengikat secara hukum, pengadilan tidak memiliki cara konkret untuk menegakkannya.Perang brutal Israel di Gaza telah menewaskan sedikitnya 43.020 warga Palestina, sebagian besar dari mereka adalah warga sipil, menurut angka dari Kementerian Kesehatan Gaza, yang dianggap kredibel oleh PBB.Perang tersebut dipicu oleh serangan Hamas pada 7 Oktober 2023 yang mengakibatkan tewasnya 1.206 orang di Israel, menurut penghitungan AFP berdasarkan angka resmi Israel yang mencakup sandera yang tewas saat ditawan.Dari 251 sandera yang ditawan selama serangan itu, 97 masih ditahan di Gaza, termasuk 34 orang yang menurut militer Israel telah tewas.
            
                Lihat Juga: Iron Dome Israel Sudah Jebol, Padahal Hizbullah Belum Gunakan Kemampuan Rudal secara Penuh
            (mas)","Selasa, 29 Oktober 2024 - 11:16 WIB",internasional
"Serang Iran, Kemampuan Defensif dan Ofensif Israel Dikerahkan Sepenuhnya","TEL AVIV - Juru bicara militer Israel Daniel Hagari merilis pernyataan video yang mengonfirmasi pasukan Israel ""melakukan serangan tepat sasaran terhadap target militer di Iran"".""Rezim di Iran dan proksinya di kawasan tersebut telah tanpa henti menyerang Israel sejak 7 Oktober di tujuh front, termasuk serangan langsung dari wilayah Iran,"" ujar dia dalam posting di X.""Seperti setiap negara berdaulat lainnya di dunia, Negara Israel memiliki hak dan kewajiban untuk menanggapi,"" imbuh Hagari.Dia juga menyatakan, ""Kemampuan defensif dan ofensif Israel dikerahkan sepenuhnya.""Militer Israel mengatakan telah melancarkan ""serangan tepat sasaran terhadap target militer di Iran"".Beberapa ledakan telah terdengar di dalam dan sekitar ibu kota Iran, Teheran, dan kota Karaj.Sejauh ini, belum ada pernyataan resmi dari Iran. “Pejabat Iran mengatakan mereka sedang melakukan penyelidikan,” papar Resul Serdar dari Al Jazeera.Skala dan sasaran pasti serangan itu masih belum jelas, begitu pula jenis senjata yang digunakan.
                
                    Baca Juga
                    
                        
                    
                        
                    
                        
                            Tentara Israel Kembali Tembaki Pos Pasukan PBB di Lebanon Selatan
                        
                    
                 
            
                Lihat Juga: Ayatollah Khamenei Luncurkan Akun Media Sosial Berbahasa Ibrani
            (sya)","Sabtu, 26 Oktober 2024 - 07:06 WIB",internasional
"Retreat Kabinet Merah Putih di Akmil, AHY: Pak Prabowo Ingin Pemerintahannya Solid","JAKARTA - Menteri Koordinator Bidang Infrastruktur dan Pembangunan Kewilayahan,  Agus Harimurti Yudhoyono (AHY) mengatakan, Presiden Prabowo Subianto menginginkan Kabinet Merah Putih solid dan bisa bekerja sebagai tim yang efektif.Hal itu disampaikan AHY usai mengikuti retreat Kabinet Merah Putih di Akademi Militer, Magelang, Jawa Tengah, Minggu (27/10/2024). AHY menilai, Prabowo juga ingin jajaran menteri dan wakil menteri fokus pada tugas pokoknya.""Pak Prabowo ingin pemerintahannya solid dan bisa bekerja sebagai tim yang benar-benar efektif, dan tentunya kami semua harus fokus pada tugas-tugas pokok kami,"" ucap AHY 
                
                    Baca Juga
                    
                        
                    
                        
                    
                        
                            Soal Kelanjutan IKN, Menko AHY Sebut Perlu Penyesuaian Alokasi Anggaran
                        
                    
                 AHY mengaku senang bisa mengikuti retreat Kabinet Merah Putih. AHY mengaku bernostalgia lantaran dulu ditempa di Akademi Militer, Magelang, Jawa Tengah.""Ya senang sekali. Ini menjadi sebuah nostalgia yang mengesankan, karena dulu kita digembleng dan ditempa di Lembah Tidar ini, Akademi Militer,"" tuturnya.AHY pun merasa memiliki jiwa kesatria dan patriot usai mengikuti retreat Kabinet Merah Putih. ""Kami punya jiwa kesatria, punya nilai-nilai disiplin, dan juga sebagai patriot yang mengedepankan kepentingan orang banyak, masyarakat dan negara,"" tandasnya.
            
                Lihat Juga: Baleg DPR Usul Prolegnas Disesuaikan dengan Asta Cita Prabowo
            (cip)","Minggu, 27 Oktober 2024 - 14:30 WIB",nasional
"Kampanye di Ampibabo, Cagub Sulteng Ahmad Ali Pastikan Tak Ada Lagi Petani Merugi","PARIGI MOUTONG - Calon gubernur (Cagub) Sulawesi Tengah (Sulteng) nomor urut 1 Ahmad HM Ali melakukan kampanye dialogis di Desa Sidole Barat, Kecamatan Ampibabo, Kabupaten Parigi Moutong (Parimo) pada Senin (28/10/2024).Pada kesempatan itu, Ahmad Ali menyampaikan berbagai program dan visi misi yang akan dikerjakan bersama Abdul Karim Al Jufri jika terpilih sebagai gubernur dan wakil gubernur melalui pemilihan serentak 27 November mendatang.Salah satu program yang jadi andalan dan diterima dengan baik masyarakat adalah program pertanian. Pasangan calon dengan tagline BERAMAL (Bersama Ahmad Ali-Abdul Karim Al Jufri) itu ingin memastikan tidak ada lagi petani yang merugi. Ketersediaan benih unggul, pupuk, hingga potensi risiko gagal panen akan dijamin oleh pemerintah.""Saya berharap ke depan petani menjadi profesi yang menjanjikan kesejahteraan,"" ucap Ahmad Ali.Dia mengatakan, ekonomi masyarakat Sulawesi Tengah bisa lebih sejahtera jika sektor pertanian tumbuh dengan baik. Untuk menumbuhkan sektor pertanian, pemerintah harus memberikan dukungan. Sebab, saat ini banyak petani yang tidak memanfaatkan lahannya karena dihantui ketakutan gagal panen.""Saya juga pastikan tidak ada kelangkaan pupuk. Kita tidak akan membiarkan tengkulak ambil alih pupuk, pemerintah daerah yang akan ambil dan distribusikan ke petani,"" ujarnya.Setiap lahan pertanian akan diasuransikan oleh pemerintah daerah. Jika terjadi gagal panen setiap 1 hektare lahan, petani akan mendapatkan jaminan asuransi senilai Rp6 juta.""Hasil pertanian dibutuhkan oleh seluruh umat manusia. Petani selalu dirindukan tapi tidak diperhatikan. Petani selalu dibutuhkan tapi tidak diurus, tidak diperhaikan. Kami ingin memastikan ke depan petani harus sejahtera. Kami ingin petani Sulawesi Tengah memberi makan orang-orang di Ibu Kota Nusantara,"" tutur suami Nilam Sari Lawira.Program itu pun disambut baik oleh masyarakat. Ahmad Ali disebut jadi solusi persoalan petani selama ini.""Programnya bagus, membantu masyarakat. Apalagi kami yang petani ini,"" ucap salah seorang warga, Nazum (42 tahun).Bagi Nazum yang seorang petani, selama ini mereka tidak merasakan program dari pemerintah yang pro terhadap pertanian. Oleh karena itu, dia berharap pasangan Ahmad Ali-Abdul Karim bisa terpilih sebagai gubernur dan wakil gubernur agar dapat merealisasikan programnya.
            
                Lihat Juga: Kolaborasi dengan BUMN Pangan, Mentan Amran Optimalkan Kemandirian Pangan Nasional
            (skr)","Senin, 28 Oktober 2024 - 19:10 WIB",nasional
"Israel Serang Iran, 7 Ledakan Terdengar di Teheran dan Sekitarnya","TEHERAN - Seorang warga Teheran mengatakan kepada kantor berita The Associated Press bahwa sekitar tujuh ledakan terdengar di sekitar ibu kota Iran, yang mengguncang daerah sekitarnya.Ledakan dilaporkan terdengar di seluruh Teheran dan kota terdekat Karaj pada Sabtu pagi dini hari (26/10/2024), menurut media Iran, yang diduga sebagai awal dari serangan balasan Israel terhadap Iran.Menteri Pertahanan (Menhan) Israel Yoav Gallant mengarahkan serangan dari kompleks aman di markas besar IDF di Tel Aviv, menurut media Israel.Pejabat Israel mengonfirmasi kepada Radio Angkatan Darat bahwa Israel telah mulai menyerang target di seluruh Iran.""IDF saat ini menyerang target tertentu di Iran,"" ujar Juru Bicara IDF Daniel Hagari. ""Ini sebagai tanggapan atas serangan terus-menerus oleh rezim Iran terhadap Negara Israel.”""IDF sepenuhnya siap dalam serangan dan pertahanan. Kami mengikuti perkembangan dari Iran dan proksinya di kawasan tersebut,"" papar dia. Tidak ada perubahan dalam perintah Komando Front Dalam Negeri Israel yang diumumkan.Laporan ledakan di Bandara Internasional Imam Khomeini di ibu kota Iran juga diterima.Media Arab melaporkan Israel menyerang lokasi markas besar Korps Garda Revolusi Islam di Iran.Kantor berita Tasnim mengatakan, ""Sejauh ini tidak ada laporan tentang suara roket atau pesawat terbang di langit Teheran.""
            
                Lihat Juga: 3 Alasan Israel Mengalami Kekalahan Perang di Lebanon dan Gaza","Sabtu, 26 Oktober 2024 - 07:29 WIB",internasional
3 Alasan Israel Akan Menyerang Iran secara Bertahap,"TEHARAN - Israel sudah melaksanakan serangan balas dendam kepada Iran. Tapi, serangan tersebut masih berskala kecil dan belum memiliki dampak serius bagi Teheran.Ada indikasi bahwa serangan Israel tersebut akan terus berlanjut dalam beberapa tahap. Itu juga dikarenakan situasi dan kondisi Iran sedang lemah. Selain itu, kondisi di Timur Tengah juga dalam situasi yang memanas. 3 Alasan Israel Akan Menyerang Iran secara Bertahap1. Iran dalam Makin Lemah jika Serangan Akan DilanjutkanHassan Mneimneh, analis politik di Middle East Institute, mengatakan kepada Al Jazeera bahwa meskipun serangan Israel terhadap Iran sudah diperkirakan, masih belum jelas seberapa besar serangan itu dan apakah akan ada serangan lebih lanjut.""Saya pikir masih terlalu dini untuk mengatakan bahwa ini adalah serangan. Kita mungkin akan melihat lebih banyak lagi,"" kata Mneimneh.""Jelas, Netanyahu berkepentingan untuk mencari lebih banyak, bukan hanya demi citra, tetapi karena ini memang merupakan momen kesempatan baginya, sejalan dengan kenyataan bahwa pemerintahan Amerika benar-benar dalam kondisi terlemahnya saat ini,"" katanya.AS, kata Mneimneh, ""tidak menunjukkan tanda-tanda kekuatan apa pun selama setahun terakhir, dan telah mengikuti persis naskah yang diinginkan Netanyahu"", tambahnya.""Tetapi ini adalah momennya, jika benar-benar tujuannya adalah menyeret AS untuk berperang melawan Israel dengan Iran. Ini adalah momen untuk itu. Jadi saya akan sangat terkejut jika [serangan] ini benar-benar terjadi.”2. Serangan Berikutnya Akan Lebih DahsyatTrita Parsi, wakil presiden eksekutif lembaga pemikir Quincy Institute for Responsible Statecraft, mengatakan gelombang serangan Israel terhadap Iran mengkhawatirkan dan dapat mengindikasikan bahwa yang terburuk belum terjadi.“Saya pikir kita harus sedikit berhati-hati sekarang karena kita telah melihat dua fase dari serangan ini. Ada kemungkinan akan ada beberapa fase lagi,” kata Parsi kepada Al Jazeera.“Serangan itu mungkin akan lebih dahsyat daripada yang pertama karena serangan pertama mungkin berfokus pada sistem pertahanan udara – untuk menghancurkannya guna membuka jalan bagi serangan yang jauh lebih dahsyat setelahnya,” kata Parsi.“Semua yang kita dengar sejauh ini tentang tidak adanya korban, kerusakan terbatas, pada dasarnya merupakan upaya untuk mengecilkan kerusakan akibat serangan Israel, dan yang mengindikasikan bahwa Iran tidak menginginkan eskalasi lebih lanjut,” katanya.Namun, ""tidak jelas apakah itu akan tetap terjadi dalam beberapa jam jika benar-benar berakhir dengan fase tiga, fase empat, dan mungkin fase lima,"" tambahnya.
            
                Lihat Juga: Ayatollah Khamenei Luncurkan Akun Media Sosial Berbahasa Ibrani","Sabtu, 26 Oktober 2024 - 22:10 WIB",internasional
"Khamenei Mengaku Tak Meremehkan Serangan Israel, Ini Alasannya","TEHERAN - Pemimpin Tertinggi Iran Ayatollah Ali Khamenei menyampaikan komentar pertamanya tentang serangan udara Israel yang ""kejam"" terhadap Iran Sabtu dini hari dalam sebuah pertemuan dengan keluarga dari empat anggota angkatan bersenjata yang tewas.Israel mencoba membuat dampak serangan itu tampak lebih besar dari kenyataan, tetapi setiap langkah di dalam Iran untuk membuatnya tampak lebih kecil juga akan ""salah"", katanya.""Salah jika kita mengatakan bahwa itu bukan apa-apa dan tidak penting,"" kata Khamenei, dilansir Al Jazeera. 
                
                    Baca Juga
                    
                        
                    
                        
                    
                        
                            IRGC: Iran Bersiap Balas Serangan Israel dengan 1.000 Rudal
                        
                    
                 ""Kesalahan perhitungan rezim Zionis harus digagalkan. Mereka tidak mengenal Iran, kaum mudanya, bangsanya. Mereka belum mampu sepenuhnya memahami kekuatan, kemampuan, inisiatif, dan kemauan bangsa Iran, kita harus membuat mereka memahaminya.""Khamenei juga membuka akun berbahasa Ibrani di X setelah serangan Israel.Sementara itu, Menteri Luar Negeri Iran Abbas Araghchi mengatakan ia menulis surat kepada Sekretaris Jenderal PBB Antonio Guterres untuk mengutuk serangan Israel terhadap Iran dan juga menyerukan agar Dewan Keamanan PBB segera menggelar sidang.""Meskipun tidak ada harapan bahwa dengan kehadiran AS dan beberapa negara lain, Dewan Keamanan akan menghasilkan produk yang dapat mengurangi ketegangan dan mencegah kejahatan oleh rezim Zionis, kami akan terus mengupayakannya,"" katanya kepada televisi pemerintah.Diplomat tertinggi Teheran mengatakan pertemuan itu akan memberikan kesempatan yang baik bagi Iran dan negara-negara lain di kawasan yang mengutuk serangan itu untuk menegaskan posisi mereka.""AS mendukung Israel dengan segala kemampuannya dan merupakan mitra dalam kejahatan rezim Zionis,"" kata Araghchi, seraya menambahkan bahwa ""keterlibatan Amerika jelas bagi kami"" dalam serangan Israel Sabtu dini hari.""Paling tidak, mereka menyediakan koridor udara bagi angkatan udara rezim Zionis.""
            
                Lihat Juga: Ayatollah Khamenei Disebut Sakit Parah usai Serangan Israel, Faktanya Sehat Bugar
            (ahm)","Minggu, 27 Oktober 2024 - 18:08 WIB",internasional
Iran Eksekusi Warga AS yang Dituduh Jadi Mata-mata Israel,"TEHERAN - Otoritas berwenang  Iran  telah mengeksekusi mati seorang warga  Amerika Serikat  (AS) yang dituduh sebagai mata-mata Zionis  Israel. Menurut pengadilan Iran, Jamshid Sharmahd—pemimpin kelompok teroris Tondar yang berbasis di Amerika, yang selama bertahun-tahun merencanakan banyak operasi teroris terhadap Iran—atas perintah tuannya di organisasi mata-mata Zionis Israel—telah dihukum atas tindakannya dan dieksekusi.Setelah proses hukum dan persetujuan akhir dari keputusan pengadilan di Mahkamah Agung, Jamshid Sharmahd—yang juga dilaporkan memiliki kewarganegaraan Jerman—dieksekusi pada Senin pagi.
                
                    Baca Juga
                    
                        
                    
                        
                    
                        
                            Serangan Israel Diklaim Hancurkan Seluruh Sistem Rudal S-300 Iran, Teheran dalam Bahaya Besar
                        
                    
                 Sharmahd dihukum karena merencanakan serangan teroris pada tahun 2008 terhadap sebuah pusat perkumpulan keagamaan di kota Shiraz, Provinsi Fars, Iran selatan, yang menewaskan 14 orang dan melukai hampir 200 lainnya.Pada bulan April, Mahkamah Agung Iran menguatkan hukuman mati Sharmahd, yang dijatuhkan kepadanya pada bulan Februari.Berbicara di sidang pengadilan, seorang pengacara yang mewakili penggugat mengatakan Sharmahd telah mengaku bertanggung jawab atas serangan teroris tersebut melalui media miliknya dan menyatakan rencana untuk melakukan lebih banyak aksi teror.""AS secara resmi mendukung kelompok teroris Tondar, dan markas besar kelompok teroris ini berpusat di Amerika,"" kata pengacara tersebut. ""AS telah diberitahu berkali-kali melalui Interpol bahwa ini adalah kelompok teroris, tetapi tidak ada tindakan yang diambil untuk mencegah aksi kelompok ini, mereka bahkan didukung.""Pengacara lain yang mewakili penggugat mengatakan pemerintah AS hanya memberikan dukungan finansial untuk kelompok teroris tersebut dan membayar sejumlah besar uang kepada agen mereka di Iran.Di akhir sidang pengadilan, Hakim Hosseinzadeh mengatakan semua terdakwa yang berada di luar negeri telah dipanggil secara resmi, tetapi mereka, termasuk pemerintah dan otoritas AS, belum menanggapi atau memilih pengacara.“Oleh karena itu, pengadilan telah bersidang sesuai ketentuan dan setelah memeriksa bukti-bukti, memberikan putusan yang tepat,” imbuhnya, seperti dikutip IRNA, Selasa (29/10/2024).Ekskusi Sharmahd terjadi ketika perseteruan Iran dan Israel sedang memanas. Rezim Zionis telah melakukan serangan udara terhadap Iran pada Sabtu pekan lalu sebagai respons atas serangan ratusan rudal Teheran pada 1 Oktober lalu.
            
                Lihat Juga: Tidak Seperti Hassan Nasrallah, Pemimpin Baru Hizbullah Justru Bukan dari Keturunan Nabi Muhammad, Kenapa?
            (mas)","Selasa, 29 Oktober 2024 - 10:38 WIB",internasional
Pengamat: Institusi Polri di Bawah Menko Polkam Sangat Tepat,"JAKARTA - Presiden Prabowo Subianto mengeluarkan Peraturan Presiden (Perpres) Nomor 139 Tahun 2024 tentang Penataan Tugas dan Fungsi Kementerian Negara Kabinet Merah Putih periode 2024-2029.Perpres yang diterbitkan pada Senin, 21 Oktober 2024, atau sehari setelah pelantikan Menteri Kabinet Merah Putih tersebut ditandatangani langsung Prabowo dan Mensesneg Prasetyo Hadi. Seiring dengan dipecahnya kementerian mencapai 48, ada penyesuaian tugas dan fungsi dari masing-masing kementerian. Termasuk TNI-Polri dan Kejaksaan. Kini, TNI-Polri dan Kejaksaan berada di bawah naungan Menteri Koordinator Bidang Politik dan Keamanan (Menko Polkam). 
                
                    Baca Juga
                    
                        
                    
                        
                    
                        
                            Prabowo Gembleng Menteri di Akmil, Luhut: Ingin Pembantunya Tanggap, Tanggon, Trengginas
                        
                    
                 Hal itu seiring dipecahnya Kemenko Polhukam. Saat ini Menko Polkam dijabat Jenderal Polisi (Purn) Budi Gunawan yang sebelumnya merupakan Kepala Badan Intelijen Negara (BIN). Pengamat militer dan intelijen Susaningtyas Nefo Handayani Kertopati menilai, keberadaan institusi Polri dengan TNI di bawah Menko Polkam sangat tepat. Artinya, Polri tidak lagi langsung di bawah Presiden, dan sejajar dengan TNI.
                
                    Baca Juga
                    
                        
                    
                        
                    
                        
                            Perpres Kabinet Prabowo-Gibran: TNI, Polri, dan Kejagung di Bawah Budi Gunawan
                        
                    
                 ""Diharapkan Polri bersama TNI akan bisa berkerja sama dengan baik dalam hal kamtibnas dan TNI dalam hal pertahanan. TNI-Polri bisa saling bahu membahu bekerja sama di tingkat kebijakan maupun lapangan,"" ujar Nuning, panggilan akrabnya, Minggu (27/10/2024).Mantan anggota Komisi l DPR ini menyebut, Polri itu masih harus ditempatkan di dalam struktur pemerintahan eksekutif sesuai dengan kaidah-kaidah demokrasi yaitu, Polri sebagai lembaga operasional hendaknya diletakkan di bawah salah satu menteri.""Akan lebih bermanfaat bila Polri di bawah Menko Polkam mengingat kepolisian adalah institusi operasional. Apalagi, fungsi-fungsi pemerintahan sudah terbagi habis ke dalam kementerian,"" ucapnya.
            
                Lihat Juga: Gibran Bakal Jadi Plt Presiden Pekan Depan, Begini Kata Istana
            (cip)","Minggu, 27 Oktober 2024 - 13:24 WIB",nasional
Wamentan Sudaryono Ajak Milenial Berperan dalam Ketahanan Pangan Nasional di Era Digital,"JAKARTA - Wakil Menteri Pertanian (Wamentan) Sudaryono mengajak generasi milenial untuk aktif menciptakan solusi inovatif di sektor pertanian guna memperkuat ketahanan pangan nasional.Wamentan Sudaryono atau yang akrab disapa Mas Dar ini menyatakan bahwa generasi milenial memiliki potensi besar dalam membawa perubahan melalui pemanfaatan teknologi digital.“Kita hidup di era di mana teknologi informasi dan komunikasi dapat menjadi alat yang sangat efektif dalam meningkatkan produktivitas pertanian. Saya mengajak milenial untuk terlibat dalam berbagai program dan inisiatif yang mendukung ketahanan pangan nasional,” ujar Wamentan dalam keterangannya di Jakarta, Senin (28/10/2024).Wamentan Sudaryono juga menekankan pentingnya kolaborasi antara pemerintah, pelaku industri, dan generasi muda. Menurutnya, sektor pertanian membutuhkan tidak hanya tenaga kerja, tetapi juga inovasi dalam pengelolaan sumber daya, pemasaran, dan distribusi produk.“Kita perlu menciptakan platform digital yang dapat memfasilitasi interaksi antara petani dan konsumen, serta mendukung usaha kecil dan menengah di bidang pertanian,” tambahnya.Melalui adanya semangat kolaboratif dan pemanfaatan teknologi, Wamentan optimistis bahwa milenial dapat menjadi pilar dalam mencapai ketahanan pangan yang berkelanjutan dan menghadapi tantangan pangan di masa depan.Menurutnya, jumlah petani di Indonesia saat ini didominasi oleh kalangan orang tua. Berdasarkan data Badan Pusat Statistik (BPS), sebanyak 38,02 persen petani adalah generasi baby boomers berusia 41-56 tahun. Sementara untuk petani muda hanya mencapai 21,93 persen, atau sekitar 6,2 juta orang.Minimnya petani muda atau petani milenial menjadi perhatian serius Kementerian Pertanian karena menyangkut masa depan pangan di Indonesia. Oleh karena itu, pihaknya meluncurkan berbagai program untuk meningkatkan jumlah petani muda.""Untuk mengatasi permasalahan tersebut, Kementerian Pertanian mendorong pertumbuhan petani muda melalui program Duta Petani Milenial (DPM) sebanyak 2,5 juta hingga tahun 2024. Kemudian program lain seperti, Duta Petani Andalan (DPA), Penerapan Digitalisasi Pertanian (PDP) dan Penumbuhan Wirausaha Muda Pertanian (PWMP), serta Program Petani Magang ke luar negeri,"" kata Mas Dar yang merupakan anak petani asal Grobogan, Jawa Tengah ini.Berdasarkan Peraturan Menteri Pertanian No. 04 Tahun 2019, petani milenial adalah mereka yang berusia 19 hingga 39 tahun dan adaptif terhadap teknologi digital. Program ini bertujuan untuk memulihkan perekonomian masyarakat pertanian, menumbuhkan semangat kewirausahaan, serta meningkatkan produksi pangan dan peternakan.
            
                Lihat Juga: Cagub Sulteng Ahmad Ali Targetkan Kantongi 200 Ribu Lebih Suara di Parigi Moutong","Senin, 28 Oktober 2024 - 19:06 WIB",nasional
"Taiwan akan Beli 1.000 Drone Serang Buatan AS, China Murka","TAIPEI - Taiwan dan Amerika Serikat (AS) sepakat Taipei dapat membeli sejumlah besar drone serang buatan AS. Bloomberg melaporkan kesepakatan itu mengutip sumber yang mengetahui.Taiwan dilaporkan dapat memperoleh hingga 1.000 UAV dari perusahaan AS AeroVironment Inc dan Anduril Industries Inc sesuai dengan kesepakatan yang akan segera ditandatangani.“Drone serang yang dimaksud akan membantu Taiwan dalam menahan potensi serangan China terhadap demokrasi pulau itu,"" ungkap badan tersebut dalam artikel pada Selasa (29/10/2024).Washington dan Taipei menandatangani ""surat penawaran dan penerimaan"" pada akhir September, demikian bunyi laporan tersebut. Dokumen tersebut merupakan langkah terakhir sebelum menyetujui kontrak aktual, yang menjelaskan jumlah drone, harga, dan tenggat pengiriman.Bloomberg menekankan drone telah ""berkembang menjadi komponen utama peperangan modern"" karena drone tersebut secara aktif digunakan kedua belah pihak dalam konflik antara Rusia dan Ukraina.Laksamana Muda Mark Montgomery yang telah pensiun, direktur senior di Foundation for Defense of Democracies, yang melakukan perjalanan ke Taiwan untuk menilai kebutuhan pertahanannya, mengatakan kepada media tersebut bahwa perjanjian tersebut menunjukkan ""Taiwan dan AS sama-sama belajar dari pelajaran penting dari pertempuran di Ukraina, dan mengubah pengetahuan itu menjadi pengadaan di masa mendatang."" Seorang juru bicara Departemen Luar Negeri AS, kantor Taiwan di Washington, dan Dewan Bisnis AS-Taiwan menolak berkomentar ketika ditanya tentang kesepakatan pesawat nirawak oleh Bloomberg. Pada bulan Juni, Departemen Luar Negeri AS memberi tahu Kongres bahwa mereka telah menyetujui penjualan pesawat nirawak Anduril ALTIUS 600M-V dan UAV model AeroVironment Switchblade 300 ""B"" ke Taiwan seharga USD360 juta. Secara resmi, AS berkomitmen pada kebijakan Satu China, dengan menyatakan Taiwan, yang telah memerintah sendiri sejak 1949 tetapi tidak pernah secara resmi mendeklarasikan kemerdekaan dari Beijing, merupakan bagian integral dari wilayah China. 
            
                Lihat Juga: 5 Negara dengan Cadangan Titanium Terbanyak di Dunia","Rabu, 30 Oktober 2024 - 10:01 WIB",internasional
Mengapa Israel Tak Takut pada Iran? Ini Analisanya,"JAKARTA -  Israel  dan  Iran  telah dua kali saling serang rudal, dan keduanya kini di ambang perang besar-besaran.Meskipun sering menganggap Iran sebagai ancaman bagi ekistensi Israel, ada beberapa alasan mengapa rezim Zionis tidak terlalu takut pada Teheran.Analisa Mengapa Israel Tak Takut pada Iran1. Faktor Kekuatan Militer IsraelSalah satu alasan utama mengapa Israel tidak takut pada Iran adalah kekuatan militernya. Israel memiliki salah satu angkatan bersenjata paling canggih di dunia, yang didukung oleh teknologi tinggi dan peralatan militer modern, termasuk sistem pertahanan rudal berlapis dari Iron Dome, Arrow, sistem laser, hingga David's Sling.
                
                    Baca Juga
                    
                        
                    
                        
                    
                        
                            CNN Sebut Jet Tempur Israel Terobos Langit Iran, Beda dengan Klaim Teheran
                        
                    
                 Kekuatan Iran memang unggul di atas kertas, seperti paparan data Global Firepower 2024 yang menempatkan kekuatan militer Iran berada di urutan 14 dari 145 negara di dunia, sedangkan Israel nomor 17 dari 145 negara.Namun, fakta di lapangan bisa menjadi kebalikannya. Israel menjadi satu-satunya negara di Timur Tengah yang mengoperasikan jet tempur siluman F-35 dalam perang. Rezim Zionis juga diyakini para pakar militer memiliki senjata nuklir, meski Israel tidak mengakui maupun menyangkalnya.Sedangkan militer Iran berjuang sangat keras di tengah sanksi Barat selama bertahun-tahun. Di luar sistem persenjataan buatan dalam negeri, perangkat keras militer Iran kebanyakan sudah tua dan rentan karena sanksi Barat tidak memungkikannya melakukan peremajaan atau upgrade.2. Israel Disokong AS dan SekutunyaIsrael memiliki dukungan kuat dari Amerika Serikat (AS), yang merupakan sekutu strategis utama dan bahkan sekutu abadi. Beberapa negara utama NATO, seperti Inggris, Jerman, dan Prancis juga kerap mendukung militer Zionis. Bantuan militer AS kepada Israel, yang mencapai miliaran dolar setiap tahun, memberikan Israel akses kepada teknologi militer canggih. 
            
                Lihat Juga: Afsel Sodorkan Dokumen 750 Halaman Bukti Genosida Israel di Gaza","Senin, 28 Oktober 2024 - 13:49 WIB",internasional
"Kacaunya Keluarga Ini, Suami Pergoki Istri dan Saudaranya Selingkuh, Ditonton Ibunya","SYDNEY - Sebuah kasus keluarga yang kacau terjadi di  Australia,  di mana seorang suami memergoki istrinya  berselingkuh  dengan saudara laki-lakinya dan disaksikan ibu mereka.Sang suami, David McCulloch (41) mengamuk dengan sekop setelah memergoki istrinya berhubungan intim dengan saudara laki-lakinya di bagian belakang mobil. Ibu McCulloch berada di bagian depan mobil menonton skandal tersebut.Amukan McCulloch telah membuatnya berurusan dengan penegak hukum. Dia dibawa ke pengadilan pada pekan lalu dan mengaku bersalah tindakan kekerasan yang dilakukannya di dalam kendaraan di Tasmania pada Maret lalu.
                
                    Baca Juga
                    
                        
                    
                        
                    
                        
                            Pasangan Ini Berhubungan Seks di Pesawat, Para Penumpang Protes
                        
                    
                 Pengadilan Burnie, dalam sidang vonis, mendengar kesaksikan bahwa McCulloch awalnya melacak istrinya, Jacinta King, karena curiga setelah sang istri gagal menjawab teleponnya beberapa kali.McCulloch akhirnya menemukan sang istri—yang telah dinikahinya selama enam tahun dan telah dikaruniai empat orang anak—berada di bagian belakang kendaraan bersama saudaranya, Jamie McCulloch, di tempat parkir dekat gedung apartemen saudaranya.Yang mengejutkan, kata pengadilan, ibunya sendiri duduk dengan tenang di kursi pengemudi menyaksikan pasangan selingkuh itu melakukan tindakan asusila.McCulloch yang marah langsung memukul dada dan tubuh saudaranya sebelum berulang kali memukul kepala istrinya.Suami yang dikhianati itu kemudian mengambil sekop dari mobilnya dan mulai memukuli pasangan selingkuh tersebut sambil berteriak akan ""membunuh mereka semua.""Pada satu titik, McCulloch menghancurkan sekop itu dengan sangat keras, sehingga patah menjadi dua, kata pengadilan.
            
                Lihat Juga: Diaspora Indonesia dan Warga Melbourne Rayakan Outdoor Festival","Selasa, 29 Oktober 2024 - 10:16 WIB",internasional
"Israel Luncurkan Serangan ke Iran, Beberapa Ledakan Terdengar di Teheran","TEHERAN - Kantor berita resmi Iran, Fars, yang dikelola Korps Garda Revolusi Islam (IRGC) telah melaporkan beberapa ledakan terdengar di ibu kota, Teheran.Media non-pemerintah juga melaporkan tiga ledakan berturut-turut terdengar di sebelah barat Teheran, dengan penyebabnya masih belum diketahui.Militer Israel kini telah mengonfirmasi mereka tengah melancarkan serangan terhadap ibu kota Iran.Berikut pernyataan lengkapnya, yang dipublikasikan oleh juru bicara Arab Avichay Adraee, “(Militer Israel) saat ini tengah menyerang target militer presisi di Iran sebagai respons atas serangan berkelanjutan rezim Iran terhadap Negara Israel selama beberapa bulan terakhir.”“(Militer Israel) tengah bersiaga secara ofensif dan defensif sembari kami mengikuti perkembangan dari Iran dan proksinya. (Militer Israel) tengah melakukan penilaian situasional berkelanjutan dan pada tahap ini belum ada perubahan dalam instruksi Komando Front Dalam Negeri,” ungkap juru bicara itu.“Kita harus terus waspada dan mematuhi instruksi Komando Front Dalam Negeri agar dapat segera memberi tahu publik tentang perkembangan baru apa pun,” papar Adraee.Al Jazeera menyatakan akan memberi informasi lebih lanjut jika sudah mendapatkannya.Selain itu, ledakan juga dilaporkan di ibu kota Suriah, Damaskus, sementara pertahanan udara Suriah terus mencegat target musuh, menurut kantor berita milik pemerintah SANA.Surat kabar Lebanon, Al Mayadeen juga melaporkan korespondennya di Irak telah melaporkan mendengar ledakan di pinggiran provinsi Diyala dan Salah Al-Din.Seperti yang telah kami laporkan, ledakan besar juga telah dilaporkan di pinggiran ibu kota Iran, Teheran.
            
                Lihat Juga: Ada Rusia di Balik Iran Sukses Ladeni Serangan Israel","Sabtu, 26 Oktober 2024 - 06:51 WIB",internasional
"4 Prajurit Elite Unit Hantu Israel Tewas di Gaza, Pengepungan di Jabaliya Makin Intensif","GAZA - Militer Israel mengumumkan pada Selasa (29/10/2024) kematian empat prajurit, termasuk seorang perwira, selama operasi militer di Jabaliya, Gaza utara.Militer Israel melaporkan Perwira Yehonatan Johnny Keren (22 tahun), Sersan Nissim Meital (20), Aviv Gilboa (21), dan Naor Haimov (22), semuanya dari Unit 888, tewas selama pertempuran di Jalur Gaza utara.Menurut pernyataan mereka, seorang perwira tambahan dari unit yang sama terluka parah dalam pertempuran yang sama.Para prajurit itu termasuk dalam ‘Unit Multi-Dimensi’ elite, yang juga dikenal sebagai ‘Unit Hantu’, yang mengkhususkan diri dalam operasi di medan yang menantang dan semua medan pertempuran.Laporan dari militer Israel menunjukkan keempat prajurit itu tewas ketika alat peledak meledak di dalam gedung di Jabaliya. Jabaliya, yang dikepung dan dibombardir tanpa henti oleh Israel selama hampir sebulan, telah menyaksikan kerusakan dan korban jiwa yang signifikan, dengan 115 warga Palestina tewas dalam serangan Israel di Gaza sejak fajar kemarin.Selama 25 hari, pasukan kolonial rasis Israel telah melakukan kampanye militer brutal di Jalur Gaza utara, khususnya menargetkan daerah-daerah seperti Jabaliya dan Beit Lahia.Kampanye genosida ini melibatkan pemboman daerah-daerah sipil, pembongkaran rumah-rumah, dan pemberlakuan blokade ketat yang mencegah masuknya bantuan, makanan, air, obat-obatan, dan bahan bakar. Hal ini telah menyebabkan tewasnya lebih dari seribu orang, dengan ribuan lainnya terluka dan puluhan lainnya masih hilang di wilayah itu saja.Kemampuan MenyerangDalam operasi perlawanan lainnya, Brigade Al-Nasser Salah Al-Din merilis rekaman yang menunjukkan serangan mortir terhadap lokasi komando dan kendali Israel di Jhar Al-Dik di Gaza tengah, bekerja sama dengan Brigade Al-Quds. 
            
                Lihat Juga: Tidak Seperti Hassan Nasrallah, Pemimpin Baru Hizbullah Justru Bukan dari Keturunan Nabi Muhammad, Kenapa?","Rabu, 30 Oktober 2024 - 09:15 WIB",internasional
"Adu Pengaruh Benjamin Netanyahu vs Ali Khamenei, Siapa Lebih Unggul?","JAKARTA - Perbandingan pengaruh  Benjamin Netanyahu  dengan  Ayatollah Ali Khamenei  menarik diketahui. Kedua nama pemimpin di Timur Tengah tersebut sama-sama berstatus penting di negaranya, yakni Israel dan Iran.Belakangan, ketegangan di Timur Tengah semakin memanas buntut perseteruan Iran dan Israel. Tak sedikit orang yang menganggap bahwa momen ini bisa menjadi pemicu perang besar-besaran.Dalam konflik yang terjadi antara Iran dan Israel, ada dua nama pemimpin yang disorot, yakni Netanyahu di sisi Israel serta Ali Khamenei di pihak Iran. Keduanya sama-sama punya pengaruh besar sebagai pemimpin negaranya.
                
                    Baca Juga
                    
                        
                    
                        
                    
                        
                            Teka-teki Iran Tak Luluh Lantak Diserang 100 Pesawat Israel, Termasuk Jet Siluman F-35
                        
                    
                 Perbandingan Pengaruh Benjamin Netanyahu vs Ali Khamenei1. Pengaruh di Internal NegaraBenjamin Netanyahu adalah Perdana Menteri (PM) Israel, sementara Ali Khamenei merupakan Pemimpin Tertinggi Iran. Berkaca pada statusnya, kedua sosok ini sama-sama menjadi orang nomor satu di negaranya masing-masing.Sejalan dengan hal tersebut, pengaruh Netanyahu maupun Khamenei di negaranya bersifat mutlak. Namun, tetap ada perbedaan di antara keduanya soal pengaruh dalam negeri. Pada sisi Khamenei, dia sangat dihormati mengingat statusnya yang juga imam Syiah di Iran. Jadi, selain menjadi pemimpin politik, Khamenei dianggap pula sebagai pemimpin agama di sana.Sementara Netanyahu, dia memang statusnya PM Israel. Tetapi, reputasinya telah jeblok selama beberapa waktu terakhir di kalangan warganya.Alasannya beragam, termasuk dianggap bertanggung jawab atas serangan Hamas 7 Oktober dan tak kunjung dibebaskannya tawanan Israel. Belum lagi, Netanyahu punya sederet kontroversi lain, termasuk skandal yang kerap menimpa para loyalisnya di pemerintahan.2. Reputasi di Luar NegeriBenjamin Netanyahu jelas dibenci banyak orang di dunia. Sebagai pemimpin negara Israel, dia selalu berbuat masalah dan seakan menantang negara-negara lain tanpa pandang bulu.
            
                Lihat Juga: Netanyahu Ungkap Ingin Berdamai dengan Negara-negara Arab","Senin, 28 Oktober 2024 - 13:16 WIB",internasional
"Houthi Pamer Drone Serang Bawah Laut Al-Qaria Baru, Apa Kehebatannya?","SANAA - Pasukan Houthi Yaman secara efektif menutup Laut Merah untuk pengiriman komersial Israel dan negara-negara Barat pada November lalu, menggunakan kombinasi rudal balistik, kendaraan udara tak berawak, dan kapal drone. Sekarang, kelompok itu tampaknya telah menambahkan drone bawah air yang dapat meledak ke dalam persenjataannya.????????Houthi underwater drone.We are expecting new surprises with attacks on ships and vessels in the Red Sea. #Yemen pic.twitter.com/uJyO68VNUc — Intel Slava (@Intel_Slava) October 28, 2024  Kantor Media Ansar Allah menerbitkan rekaman selama akhir pekan tentang apa yang tampaknya merupakan drone bawah air berbentuk torpedo baru yang mengambil bagian dalam latihan skala besar, dengan drone tersebut terlihat meluncur di permukaan laut menuju kapal target tiruan yang diam dan mendaratkan serangan langsung, setelah itu drone berlayar untuk menghabisi kapal yang rusak itu.Apa Kehebatannya?Drone baru itu dijuluki Al-Qaria (yang berarti 'Bencana Besar' yang tampaknya merujuk pada ayat Al-Qur'an tentang Hari Penghakiman).Al-Qaria itu dioperasikan melalui kendali jarak jauh, mengamati sekelilingnya menggunakan kamera yang terpasang pada batang yang dapat diperpanjang yang terletak di bagian belakang atas drone berbentuk tabung itu. Rekaman menunjukkan pesawat nirawak itu bergerak menuju sasarannya, kadang-kadang naik hingga beberapa sentimeter dari permukaan air, kameranya muncul sebentar untuk memberi kesempatan kapal menemukan arahnya, sebelum menyelam kembali dan melanjutkan perjalanannya.Ukuran drone baru yang kecil (yang menurut rekaman tidak lebih dari beberapa meter) dan kemampuannya untuk tenggelam di bawah ombak diperkirakan akan menjadikannya masalah serius bagi kapal dagang dan kapal perang yang beroperasi di perairan lokal.Dengan kemampuan drone itu, musuh harus menggunakan sonar untuk mendeteksinya di malam hari atau kondisi visibilitas rendah.
            
                Lihat Juga: 3 Jasa Besar Pejuang Hizbullah bagi Rakyat Lebanon","Rabu, 30 Oktober 2024 - 08:30 WIB",internasional
Hikmahbudhi Nilai Transisi Kepemimpinan Nasional Jokowi ke Prabowo Mulus,"JAKARTA - Himpunan Mahasiswa Buddhis Indonesia (Hikmahbudhi) menilai transisi kepemimpinan nasional dari Joko Widodo (Jokowi) kepada Presiden  Prabowo Subianto  berjalan mulus dan harmonis. Ketua Umum Hikmahbudhi Candra Aditya berpendapat, proses yang berjalan mulus ini didorong dengan semangat persatuan dan kesatuan bangsa. Nilai-nilai agung ini yang ditampilkan untuk pemuda sebagai generasi penerus bangsa yang pada hakikatnya pemilik masa depan. Candra mengatakan, kepemimpinan Jokowi selama 10 tahun sebagai Presiden Indonesia banyak menelurkan kebijakan hingga program untuk bangsa dan negara, dalam pengimplementasiannya tentu ada yang sudah tuntas dan berjangka panjang dalam pengerjaannya. Dalam hal ini transisi pemerintahan yang baik serta berkomitmen diperlukan untuk menunjang penyelesaian kebijakan ataupun program yang baik untuk Rakyat. ""Transisi pemerintahan saat ini yang sudah dilakukan bapak Jokowi dan Bapak Prabowo sudah sangat tepat dan saling mempunyai komitmen sehingga bagus untuk bangsa Indonesia ke depan, kebijakan dan program yang baik serta belum selesai bisa dilanjutkan dan dituntaskan,"" kata Candra dalam keterangan tertulis, Senin (28/10/2024).
                
                    Baca Juga
                    
                        
                    
                        
                    
                        
                            Transformasi Hikmahbudhi dalam Perlindungan Data dan Digitalisasi
                        
                    
                 Dia menuturkan, Indonesia saat ini yang didominasi oleh generasi Z dan milenial mempunyai Wakil Presiden yang masih muda yaitu, Gibran Rakabuming Raka yang berusia 37 tahun. Menurutnya, sosok Gibran adalah bentuk representatif dari kelompok anak-anak muda dengan ini diharapkan mampu mendorong generasi muda untuk maju dan menatap masa depan yang cemerlang sehingga generasi emas yang pada puncaknya 2045 dapat terwujud.""Anak-anak muda bangsa Indonesia mempunyai harapan besar karena tonggak perubahan ditangan pemuda dan anak muda juga sebagai penerus generasi bangsa ini mengingat tujuan besar negara ini adalah mencapai generasi Emas 2045,"" tuturnya.Dirinya berharap pemerintahan Prabowo-Gibran dengan Kabinet Merah Putih membawa banyak perubahan dan manfaat kepada Rakyat Indonesia sehingga negara ini bebas dari penderitaan, kemiskinan serta menjadi negara maju.
            
                Lihat Juga: Mensesneg Pastikan Anggota Kabinet Merah Putih Pakai Mobil Dinas Maung, Bukan Sewa
            (rca)","Senin, 28 Oktober 2024 - 18:50 WIB",nasional
Jenderal Tertinggi Zionis Sesumbar Israel Hanya Gunakan Secuil Kemampuan saat Serang Iran,"TEL AVIV - Panglima Militer  Israel  Letnan Jenderal Herzi Halevi sesumbar bahwa pasukannya hanya menggunakan sedikit kemampuannya dalam serangan terhadap  Iran  pada Sabtu pekan lalu.Klaim jenderal tertinggi Zionis itu disampaikan di markas militer Kirya dalam pertemuan anggota Forum Staf Umum Pasukan Pertahanan Israel (IDF).""Pesan kami sangat, sangat jelas, dan berhubungan dengan peristiwa yang telah terjadi di seluruh Timur Tengah dalam beberapa bulan terakhir—'ancaman apa pun, di mana pun, kapan pun, kami akan tahu cara mengatasinya, kami akan tahu cara menyerang',"" kata Kepala Staf IDF tersebut.
                
                    Baca Juga
                    
                        
                    
                        
                    
                        
                            CNN Sebut Jet Tempur Israel Terobos Langit Iran, Beda dengan Klaim Teheran
                        
                    
                 ""Pesan ini sekarang diperkuat secara signifikan. Kami hanya menggunakan sebagian dari kemampuan kami; kami dapat melakukan lebih banyak lagi,"" lanjut Halevi.""Kami menyerang sistem strategis di Iran, yang sangat penting, dan sekarang kami akan melihat bagaimana keadaan berkembang. Kami siap untuk semua skenario di setiap arena,"" imbuh dia, seperti dikutip dari laman IDF, Senin (28/10/2024).Perdana Menteri Israel Benjamin Netanyahu juga mengeklaim serangan udara terhadap Iran presisi dan kuat. Menurutnya, semua tujuan serangan tercapai dengan melumpuhkan kemampuan produksi rudal Teheran. ""Kami berjanji akan menanggapi serangan Iran dan pada hari Sabtu kami menyerang. Serangan di Iran presisi dan kuat, mencapai semua tujuannya,"" kata Netanyahu dalam pidatonya pada hari Minggu.Serangan Israel merupakan balasan atas serangan Iran pada 1 Oktober, di mana Teheran menembakkan hampir 200 rudal ke negara Yahudi tersebut, yang diklaim rezim Zionis sebagian besar misil dicegat oleh sistem pertahanan udara. ""Iran menyerang Israel dengan ratusan rudal balistik dan serangan ini gagal,"" kata Netanyahu. ""Kami menepati janji kami. Angkatan Udara menyerang Iran dan menghantam kemampuan pertahanan dan produksi rudal Iran,"" lanjut dia. 
            
                Lihat Juga: Apakah Israel ingin Menginvasi Iran? Bisa Jadi, Tapi Sangat Berisiko","Senin, 28 Oktober 2024 - 10:56 WIB",internasional
Rusia Tuding NATO Latih Tentara Ukraina untuk Menyerang Fasilitas Nuklir Rusia,"MOSKOW - Dinas intelijen Barat telah melatih penyabotase Ukraina untuk melakukan provokasi di pembangkit listrik tenaga nuklir Rusia. Tudingan itu diungkapkan perwakilan tetap Moskow untuk PBB, Vassily Nebenzia. Upaya Ukraina untuk menargetkan fasilitas nuklir di dalam Rusia adalah ""sangat sembrono"" dan dapat berakhir dengan menjerumuskan benua Eropa ""ke dalam mimpi buruk radiasi,"" Nebenzia memperingatkan selama pertemuan tidak resmi Dewan Keamanan PBB. Pihak berwenang di Moskow ""memiliki informasi yang dapat dipercaya bahwa badan intelijen Barat, terutama MI6 Inggris, telah secara sistematis mempersiapkan kelompok sabotase dan pengintaian Ukraina untuk mengatur provokasi di pembangkit listrik tenaga nuklir di Rusia."" Di antaranya, Kiev dan pendukung asingnya tengah mengerjakan operasi untuk meledakkan kabel listrik yang menghubungkan pembangkit nuklir dengan jaringan energi nasional Rusia, tegas utusan tersebut.Ia mengingat bagaimana selama konflik, ""perwakilan negara-negara tertentu"" menuduh Moskow, ""bertentangan dengan akal sehat, telah mengacaukan situasi keamanan di sekitar Pembangkit Listrik Tenaga Nuklir Zaporozhye (ZNPP), yang berada di bawah kendali kami."" Fasilitas tersebut diamankan oleh pasukan Rusia pada Maret 2022.
                
                    Baca Juga
                    
                        
                    
                        
                    
                        
                            Dunia Sudah Lelah dengan Hegemoni Barat yang dipimpin AS
                        
                    
                 Menurut Nebenzia, mereka yang membuat klaim tersebut ""berusaha sebaik mungkin untuk mengabaikan fakta yang jelas bahwa serangan rutin dan gegabah terhadap ZNPP adalah strategi teroris yang disengaja dari Ukraina.""Moskow dan Kiev telah berulang kali saling menuduh menembaki pembangkit listrik tenaga nuklir terbesar di Eropa, dan Kementerian Pertahanan Rusia telah mengatakan bahwa beberapa upaya oleh unit penyerang Ukraina untuk merebutnya kembali telah digagalkan. Badan Tenaga Atom Internasional (IAEA) telah mengonfirmasi serangan terhadap ZNPP, tetapi menolak menyebutkan nama pihak yang bertanggung jawab.""Namun, berbagai peristiwa terkini melemahkan argumen semua pihak yang mencoba melindungi Angkatan Bersenjata Ukraina dalam kasus PLTN ZNPP,"" kata utusan tersebut, merujuk pada serbuan Kiev ke Wilayah Kursk Rusia, yang dimulai pada awal Agustus, dilansir RT. ""Ada bukti yang tak terbantahkan bahwa Kiev juga berencana untuk menyerang PLTN di Kursk,"" dengan Ukraina berencana untuk merebut dan menambang fasilitas tersebut, tegasnya.Beruntunglah militer Rusia mencegah pasukan Ukraina mencapai PLTN, sehingga mencegah ""bencana buatan manusia dan bencana buatan manusia berskala besar di Eropa,"" kata Nebenzia.Utusan Rusia sekali lagi meminta badan-badan internasional, termasuk PBB dan IAEA, untuk mengutuk ""tindakan provokatif"" oleh Ukraina dan mencegah upaya lebih lanjut untuk merusak keamanan lokasi nuklir di Zaporozhye dan Kursk.
            
                Lihat Juga: Pasukan Korea Utara Dapat Tugas Usir Pasukan Ukraina dari Kursk di Rusia
            (ahm)","Sabtu, 26 Oktober 2024 - 20:40 WIB",internasional
Citra Satelit Tunjukkan Fasilitas Senjata Nuklir Iran Jadi Target Serangan Israel,"TEHERAN - Seorang peneliti Amerika David Albright mengatakan serangan udara Israel menghantam sebuah gedung yang merupakan bagian dari program pengembangan senjata nuklir Iran yang sudah tidak beroperasi lagi.David Albright dan peneliti lain mengatakan fasilitas yang digunakan untuk mencampur bahan bakar padat untuk rudal juga terkena serangan.Penilaian berdasarkan citra satelit komersial dicapai secara terpisah oleh David Albright, mantan inspektur senjata PBB, dan Decker Eveleth, seorang analis riset asosiasi di CNA, sebuah lembaga pemikir Washington.Mereka mengatakan kepada Reuters bahwa Israel menyerang gedung-gedung di Parchin, kompleks militer besar di dekat Teheran. Israel juga menyerang Khojir, menurut Eveleth, lokasi produksi rudal yang luas di dekat Teheran.Reuters melaporkan pada bulan Juli bahwa Khojir tengah mengalami perluasan besar-besaran.Eveleth mengatakan serangan Israel mungkin telah ""secara signifikan menghambat kemampuan Iran untuk memproduksi rudal secara massal.""Militer Israel mengatakan tiga gelombang jet Israel menyerang pabrik rudal dan lokasi lain di dekat Teheran dan di Iran barat pada Sabtu pagi sebagai balasan atas serangan Teheran pada 1 Oktober yang menembakkan lebih dari 200 rudal terhadap Israel.Militer Iran mengatakan pesawat tempur Israel menggunakan ""hulu ledak yang sangat ringan"" untuk menyerang sistem radar perbatasan di provinsi Ilam, Khuzestan, dan di sekitar Teheran.Dalam posting di X, Albright mengatakan citra satelit komersial menunjukkan bahwa Israel menghantam sebuah gedung di Parchin yang disebut Taleghan 2 yang digunakan untuk kegiatan pengujian selama Rencana Amad, program pengembangan senjata nuklir Iran yang sudah tidak berlaku lagi.Pengawas nuklir PBB, Badan Energi Atom Internasional, dan intelijen AS mengatakan Iran menutup program tersebut pada tahun 2003. Iran membantah telah mengembangkan senjata nuklir.
            
                Lihat Juga: Iran Eksekusi Warga AS yang Dituduh Jadi Mata-mata Israel","Minggu, 27 Oktober 2024 - 16:45 WIB",internasional
Apa yang Jadi Target Serangan Israel di Iran?,"TEHERAN - Militer Israel mengatakan telah melakukan ""serangan terhadap target militer di Iran"", khususnya yang menargetkan apa yang disebutnya sebagai lokasi pembuatan rudal yang bertanggung jawab untuk memproduksi rudal yang digunakan Teheran terhadap Israel.Israel juga mengatakan telah menyerang lokasi rudal permukaan-ke-udara dan ""kemampuan udara Iran tambahan"".Melansir Al Jazeera, markas besar pertahanan udara Iran, dalam sebuah pernyataan, mengonfirmasi bahwa pangkalan di provinsi Ilam, Khuzestan, dan Teheran menjadi sasaran tetapi serangan tersebut ""berhasil ditanggulangi"". Tidak ada indikasi langsung bahwa lokasi minyak atau rudal terkena serangan.Ledakan terdengar di Teheran meskipun Iran bersikeras bahwa ledakan tersebut hanya menyebabkan ""kerusakan terbatas"". Militer Iran mengatakan dua tentaranya tewas dalam serangan tersebut.Kemudian, mengapa Israel menyerang Iran? Pernyataan militer Israel menegaskan bahwa Teheran dan proksinya di wilayah tersebut ""telah menyerang Israel tanpa henti sejak 7 Oktober – di tujuh front – termasuk serangan langsung dari wilayah Iran"".
                
                    Baca Juga
                    
                        
                    
                        
                    
                        
                            Serangan Israel ke Iran Dianggap Gagal, Berikut 4 Alasannya
                        
                    
                 ""Seperti setiap negara berdaulat lainnya di dunia, Negara Israel memiliki hak dan kewajiban untuk menanggapi,"" kata juru bicara militer Israel.Serangan Israel diantisipasi menyusul rentetan rudal dari Iran pada awal Oktober, di mana sekitar 200 rudal diluncurkan ke Israel, yang mengakibatkan satu kematian di Tepi Barat yang diduduki.Iran mengklaim serangan ini merupakan pembalasan atas serangan baru-baru ini yang menewaskan para pemimpin Hizbullah, Hamas, dan anggota militer Iran.
            
                Lihat Juga: Apakah Israel ingin Menginvasi Iran? Bisa Jadi, Tapi Sangat Berisiko
            (ahm)","Sabtu, 26 Oktober 2024 - 21:02 WIB",internasional
"5 Negara yang Mengecam Serangan Israel ke Iran, Salah Satunya Tetangga Indonesia","TEHERAN - Agresi rezim Israel terhadap sejumlah posisi militer di Iran pada Sabtu dini hari telah menuai kecaman dari negara-negara regional.Serangan sebelum fajar itu menargetkan ibu kota Teheran serta provinsi barat dan barat daya Ilam dan Khuzestan, dengan pertahanan udara Iran mengatakan serangan itu ""berhasil dicegat dan dilawan.""5 Negara yang Mengecam Serangan Israel ke Iran, Salah Satunya Tetangga Indonesia1. Arab SaudiMelansir Press TV, dalam sebuah pernyataan pada Sabtu, Kementerian Luar Negeri Arab Saudi mengutuk agresi Israel sebagai ""pelanggaran kedaulatannya"" dan hukum internasional, mendesak semua pihak untuk menahan diri secara maksimal.Riyadh meminta masyarakat internasional untuk mengambil tindakan guna meredakan dan mengakhiri konflik di kawasan tersebut.“Kerajaan Arab Saudi menyatakan kecaman dan kecamannya” atas serangan Israel dan menegaskan “posisi tegasnya yang menolak eskalasi konflik di kawasan tersebut”, yang “mengancam keamanan dan stabilitas negara-negara dan masyarakat di Timur Tengah”, kata kementerian tersebut pada X.Angkatan pertahanan udara Iran telah mengonfirmasi serangan Israel yang menargetkan posisi di provinsi Teheran, Khuzestan, dan Ilam, dengan mengatakan agresi tersebut berhasil digagalkan.
                
                    Baca Juga
                    
                        
                    
                        
                    
                        
                            Kehidupan Rakyat Iran Tetap Normal Meski Diserang Israel, Mengapa?
                        
                    
                 2. MalaysiaKementerian Luar Negeri Malaysia mengatakan agresi tersebut merupakan pelanggaran terang-terangan terhadap hukum internasional dan secara serius merusak stabilitas regional.“Malaysia menyerukan penghentian segera permusuhan dan diakhirinya siklus kekerasan,” tulis kementerian tersebut.Dikatakan bahwa tindakan Israel yang terus-menerus tanpa hukuman telah sangat memengaruhi dan akan terus memengaruhi keamanan dan stabilitas masa depan Asia Barat, sehingga membawa kawasan itu semakin dekat ke jurang konflik yang lebih luas.3. OmanKementerian Luar Negeri Oman menggambarkan agresi tersebut sebagai pelanggaran terang-terangan terhadap kedaulatan Iran dan pelanggaran hukum internasional yang jelas.Kementerian tersebut menekankan dalam sebuah pernyataan bahwa tindakan tersebut akan memperburuk ketegangan regional dan merusak upaya untuk perdamaian dan stabilitas karena mengutuk praktik Israel yang sedang berlangsung dan memperingatkan bahwa hal itu mengancam akan meningkatkan konflik di kawasan tersebut.Pernyataan Oman menyerukan kepada masyarakat internasional untuk mengambil tindakan tegas untuk menghentikan agresi dan mengatasi akar penyebab krisis regional, termasuk pendudukan ilegal Israel atas tanah Palestina dan Arab.4. PakistanPakistan juga mengutuk keras agresi tersebut, dengan mengatakan bahwa hal itu bertentangan dengan kedaulatan dan integritas teritorial Iran serta merupakan pelanggaran berat Piagam PBB dan hukum internasional.
            
                Lihat Juga: Netanyahu Klaim Serangan Israel Melumpuhkan Produksi Rudal Iran","Sabtu, 26 Oktober 2024 - 21:15 WIB",internasional
"Keterlaluan! Israel Hendak Larang UNRWA Beroperasi, Rakyat Palestina Bisa Kelaparan","TEL AVIV - Parlemen  Israel  telah meloloskan rancangan undang-undang (RUU) yang melarang badan PBB untuk pengungsi Palestina (UNRWA) bekerja di Israel dan Yerusalem Timur yang diduduki.Langkah keterlaluan para politisi rezim Zionis itu memicu kecaman banyak pihak, termasuk negara-negara Eropa. Pelarangan operasional UNRWA bisa menyebabkan rakyat Palestina yang hiduap dalam pengungsian menderita kelaparan.Anggota Parlemen meloloskan RUU tersebut—dengan 92 suara mendukung dan 10 suara menentang—setelah bertahun-tahun kritik keras Israel terhadap UNRWA.Kritik tersebut semakin meningkat sejak dimulainya perang brutal Israel di Gaza menyusul serangan mematikan Hamas pada 7 Oktober 2023.
                
                    Baca Juga
                    
                        
                    
                        
                    
                        
                            Daftar Negara Anggota UNRWA, Lengkap dengan Sejarah Berdirinya
                        
                    
                 Larangan terhadap badan PBB—yang telah memberikan bantuan penting dan pendampingan di seluruh wilayah Palestina dan pengungsi Palestina di tempat lain selama lebih dari tujuh dekade—akan menjadi pukulan bagi pekerjaan kemanusiaan di Gaza jika diterapkan, menurut para pakar.""Sangat keterlaluan bahwa negara anggota PBB berupaya membubarkan badan PBB yang juga merupakan penanggap terbesar dalam operasi kemanusiaan di Gaza,"" kata juru bicara UNRWA Juliette Touma kepada AFP, Selasa (29/10/2024).Hamas mengecam RUU Israel yang melarang UNRWA bekerja di Israel dan Yerusalem Timur yang diduduki sebagai ""agresi Zionis"" terhadap warga Palestina.""Kami menganggap ini bagian dari perang dan agresi Zionis terhadap rakyat kami,"" kata kelompok perlawanan Palestina itu dalam sebuah pernyataan. Sekutu Hamas, Jihad Islam Palestina, menggambarkan larangan itu sebagai ""eskalasi dalam genosida"" terhadap warga Palestina.Pemerintah Spanyol, Slovenia, Irlandia, dan Norwegia telah merilis pernyataan bersama yang mengecam larangan Israel atas UNRWA untuk beroperasi di wilayah Palestina yang diduduki.
            
                Lihat Juga: Apakah Israel ingin Menginvasi Iran? Bisa Jadi, Tapi Sangat Berisiko","Selasa, 29 Oktober 2024 - 09:05 WIB",internasional
"AS: Korea Utara Kerahkan 10.000 Tentara ke Rusia, Bertambah 3 Kali Lipat","WASHINGTON - Pemerintah Amerika Serikat (AS) mengatakan  Korea Utara  (Korut) telah mengerahkan sekitar 10.000 tentara ke  Rusia.  Jumlah pasukan itu bertambah lebih dari tiga kali lipat dari perkiraan sebelumnya.Menurut Departemen Pertahanan AS atau Pentagon, ribuan tentara Pyongyang itu berada di Rusia untuk berlatih—memicu kekhawatiran NATO bahwa mereka akan dikerahkan ke medan perang di  Ukraina  untuk membantu pasukan Moskow.Rusia dan Korea Utara telah meningkatkan aliansi politik dan militer mereka selama perang Ukraina berlangsung, tetapi pengerahan pasukan Pyongyang ke medan tempur melawan pasukan Kyiv akan menandai eskalasi yang signifikan.
                
                    Baca Juga
                    
                        
                    
                        
                    
                        
                            AS: 3.000 Tentara Korut Dikerahkan ke Rusia, Jadi Target Sah Jika Berperang di Ukraina
                        
                    
                 ""Kami yakin bahwa DPRK telah mengirim sekitar 10.000 tentara secara total untuk berlatih di Rusia timur yang mungkin akan menambah pasukan Rusia di dekat Ukraina selama beberapa minggu ke depan,"" kata Wakil Sekretaris Pers Pentagon Sabrina Singh kepada wartawan, menggunakan singkatan untuk nama resmi Korea Utara; Democratic People's Republic of Korea.""Sebagian dari tentara tersebut telah bergerak mendekati Ukraina, dan kami semakin khawatir bahwa Rusia bermaksud menggunakan tentara ini dalam pertempuran atau untuk mendukung operasi tempur melawan pasukan Ukraina di Oblast Kursk Rusia,"" lanjut Sabrina Singh.""Jumlah pasukan Korea Utara di Rusia dapat bertambah lebih jauh seiring meningkatnya keputusasaan [Presiden Rusia Vladimir] Putin,"" imbuh dia, seperti dikutip AFP, Selasa (29/10/2024).Juru bicara Dewan Keamanan Nasional AS John Kirby sebelumnya menyebutkan jumlah pasukan Korea Utara di Rusia lebih dari 3.000 pada 23 Oktober, memperingatkan bahwa mereka akan menjadi ""target militer yang sah"" jika mereka berperang melawan Ukraina.Sekretaris Jenderal NATO Mark Rutte pada hari Senin mengecam pengerahan pasukan Korea Utara untuk mendukung upaya perang Rusia di Ukraina sebagai perluasan konflik yang berbahaya yang menandakan ""semakin putus asanya"" Putin.Para pakar mengatakan bahwa sebagai imbalan atas pengerahan pasukan tersebut, Korea Utara kemungkinan bertujuan untuk memperoleh teknologi militer, mulai dari satelit pengintai hingga kapal selam, ditambah kemungkinan jaminan keamanan dari Moskow.Korea Utara dan Rusia berada di bawah sanksi PBB—Pyongyang atas program senjata nuklirnya, dan Moskow atas perang Ukraina.
            
                Lihat Juga: Hadapi Musuh Bersama, NATO dan UE Bentuk Gugus Tugas Baru
            (mas)","Selasa, 29 Oktober 2024 - 09:35 WIB",internasional
Hizbullah Luncurkan Gelombang Baru Serangan ke Israel dengan 19 Operasi,"BEIRUT - Hizbullah Lebanon mengumumkan para pejuang perlawanan Islam melaksanakan lima operasi di lokasi tentara rezim Zionis ditempatkan di selatan dan tenggara Israel. Serangan itu digelar untuk mendukung bangsa Palestina yang teguh di Jalur Gaza dan perlawanan mereka yang berani dan terhormat serta dalam membela Lebanon dan bangsanya.Dalam serangan terbaru ke Israel, Hizbullah secara akurat menyerang bagian timur kota Al-Khayyam dengan sejumlah roket dan mortir.Dalam tiga operasi lainnya, Hizbullah melakukan serangan rudal ke lokasi pangkalan militer tentara Zionis di pangkalan ""Jalul Alam"", permukiman ""Maalot Tarshiha"" dan permukiman ""Kafr Faradim"".Perlawanan Islam Lebanon juga menembakkan sejumlah besar rudal dan pesawat nirawak ke lokasi pasukan kolonial Zionis di kota Kafr Jaladi, Dalton, Al-Manara dan Zareit.Dalam operasi lainnya, Hizbullah menyerang tentara rezim Zionis yang ditempatkan di pangkalan angkatan laut ""Ras al-Naqoura"" dengan beberapa rudal.Sementara itu, falam pesan untuk memperingati kesyahidan Pemimpin Hizbullah Hassan Nasrallah, Hashem Safieddine dan komandan perlawanan lainnya, Kelompok Persahabatan Parlemen Iran-Lebanon pada Selasa mengucapkan selamat kepada Sheikh Naim Qassem atas pengangkatannya sebagai pembawa bendera Hizbullah.“Dalam pertempuran historis antara garis depan perlawanan melawan garis depan pendudukan dan penindasan Israel, Hizbullah Lebanon telah terlibat dalam konfrontasi dengan rezim Zionis untuk membela rakyat Palestina yang tertindas, terutama anak-anak dan wanita Gaza, dan dengan cara ini juga telah menanggung kerugian besar,” papar pernyataan kelompok itu.Kelompok itu menyatakan harapan Hizbullah akan melanjutkan perlawanannya dan berjuang untuk menghancurkan Israel, lebih kuat dari sebelumnya.Sambil memuji pengalaman bertahun-tahun Sheikh Qassem dan perannya yang berpengaruh dalam pembentukan dan stabilitas Hizbullah, disebutkan bahwa dia tidak diragukan lagi akan mengangkat posisi kelompok perlawanan dan meneruskan warisan syuhada Sayyed Hassan Nasrallah dan para komandan perlawanan yang mengorbankan nyawa mereka demi Lebanon dan al-Quds.Sheikh Qassem diangkat sebagai pemimpin baru Hizbullah dan menggantikan Hassan Nasrallah yang terbunuh dalam serangan udara Israel di Beirut pada akhir September.Dalam pernyataan pada hari Selasa, Hizbullah mengatakan pengangkatan Sheikh Qassem dilakukan dengan suara bulat dan dia dipilih untuk menduduki jabatan tersebut karena ""kepatuhannya terhadap prinsip dan tujuan Hizbullah.""
                
                    Baca Juga
                    
                        
                    
                        
                    
                        
                            300.000 Warga Israel Terganggu Kesehatan Mentalnya sejak 7 Oktober 2023
                        
                    
                 
            
                Lihat Juga: Apakah Israel ingin Menginvasi Iran? Bisa Jadi, Tapi Sangat Berisiko
            (sya)","Rabu, 30 Oktober 2024 - 07:45 WIB",internasional
AS Khawatir Kapalnya di Pasifik Ditenggelamkan Rudal Hipersonik China,"WASHINGTON -  Amerika Serikat  (AS) khawatir kapal-kapalnya di Pasifik ditenggelamkan oleh rudal hipersonik  China. Dengan asalan itulah, kapal perang Washington akan dipersenjatai rudal pencegat Patriot untuk melawan ancaman Beijing. Kekhawatiran Washington tentang senjata hipersonik Beijing disampaikan dua pejabat senior pertahanan Amerika kepada Reuters.Menurut laporan Reuters, seorang pejabat industri pertahanan mengatakan menempatkan misil pencegat Patriot Advanced Capability-3 Missile Segment Enhancement (PAC-3 MSE) yang sangat lincah—yang selama ini digunakan terutama di AS oleh Angkatan Darat—di atas kapal Angkatan Laut mengantisipasi kemajuan dalam teknologi rudal China, termasuk penggunaan senjata hipersonik yang sangat bermanuver.
                
                    Baca Juga
                    
                        
                    
                        
                    
                        
                            Militer Indonesia Dikritik Ketinggalan Zaman saat Seteru Laut China Selatan Memanas
                        
                    
                 Mengintegrasikan rudal buatan Lockheed Martin itu dengan pertahanan udara kapal terjadi di tengah meningkatnya ketegangan di kawasan Indo-Pasifik saat China dengan cepat memodernisasi militernya.Pakar militer China mengatakan Amerika menggunakan dalih ancaman rudal China sebagai alasan untuk mengejar ""superioritas militer absolut"".Zhang Junshe, seorang pakar militer China, mengatakan kepada Global Times bahwa untuk memastikan keunggulan militer absolut terhadap lawan-lawannya, militer AS telah melakukan banyak upaya dalam beberapa tahun terakhir untuk mengembangkan berbagai sistem serangan dan pertahanan rudal. ""Sebelumnya, militer AS telah berupaya untuk mentransfer sistem rudal jelajah Tomahawk berbasis kapal ke darat, meningkatkan kemampuan serangan rudalnya terhadap negara-negara lain dari darat. Sekarang, mereka berupaya untuk menyebarkan sistem rudal berbasis darat di laut untuk meningkatkan kemampuan pertahanan udara rudal,"" kata Zhang.Namun, Zhang mencatat bahwa jika AS tidak memprovokasi perang, tidak ada negara yang akan mengambil inisiatif untuk menyerang kapal-kapal AS. 
            
                Lihat Juga: 5 Negara dengan Cadangan Titanium Terbanyak di Dunia","Senin, 28 Oktober 2024 - 10:27 WIB",internasional
"Serangan Israel ke Iran Dianggap Gagal, Berikut 4 Alasannya","TEHERAN - Pengguna media sosial bereaksi terhadap agresi dini hari Israel terhadap Iran, mengejek skala serangan dan memuji kemampuan pertahanan udara Iran yang tangguh.Pada Sabtu dini hari, pejabat Iran mengatakan bahwa suara yang terdengar di beberapa bagian Teheran disebabkan oleh aktivasi pertahanan udara Iran yang menargetkan ""objek musuh di wilayah udara sekitar provinsi Teheran.""Media Israel berusaha membesar-besarkan signifikansi serangan itu, dengan membingkainya sebagai operasi yang berhasil.Namun, pengguna di X menanggapi dengan sarkasme terhadap agresi Israel dan memuji pertahanan udara Iran yang kuat, yang secara efektif menggagalkan agresi Israel.Serangan Israel ke Iran Dianggap Gagal, Berikut 4 Alasannya1. Iran Memiliki Sistem Pertahanan Udara yang KuatMoshi, seorang jurnalis, memuji respons pertahanan udara Iran terhadap agresi Israel, dengan menyatakan, ""Iran telah membuktikan bahwa ia memiliki pertahanan udara yang kuat."" Analis geopolitik yang berbasis di AS Will Schryver menulis di X, meringkas agresi Israel dan respons pertahanan udara Iran. Dia mencatat bahwa meskipun Israel meluncurkan ""banyak rudal... tidak ada laporan pasti atau bukti video (sejauh ini) tentang serangan besar terhadap target penting Iran mana pun."" ""Berikut ini yang saya amati saat ini terkait serangan Israel terhadap Iran: Israel meluncurkan banyak rudal dengan semuanya dari jarak aman maksimum. Iran memasang banyak rudal pertahanan udara. Tidak ada laporan pasti atau bukti video (sejauh ini) tentang serangan rudal besar terhadap target penting Iran mana pun. Iran mengatakan mereka mencegat sebagian besar rudal penyerang, tetapi mengakui beberapa berhasil lolos. Semua penyedia #EmpirePropaganda mengklaim Israel menghancurkan pertahanan udara Iran dan menghancurkan target yang mereka tuju,"" ungkap Moshi, dilansir Press TV. Kesan Moshi adalah, meskipun Israel mungkin mengenai sesuatu yang berarti dengan serangan ini, secara umum itu adalah demonstrasi betapa terbatasnya kemampuan serangan jarak jauh Israel sebenarnya -- dan betapa tangguhnya pertahanan udara Iran sekarang.2. Tidak Ada Kerusakan yang BesarDan Cohen, jurnalis dan pembuat film yang berbasis di AS, menggarisbawahi “propaganda Israel” yang mencoba menjual “serangan (Israel) sebagai sebuah keberhasilan besar.”“Serangan Israel terhadap Iran tampaknya gagal menyebabkan kerusakan yang signifikan, tetapi propaganda Israel sangat ingin menjual serangan itu sebagai sebuah keberhasilan besar. Pertunjukan yang menyedihkan ini adalah cara mereka mencoba menyelamatkan muka setelah mengalami kehancuran di Lebanon minggu ini.”
                
                    Baca Juga
                    
                        
                    
                        
                    
                        
                            Iran Bantah Adanya Serangan Israel di 20 Lokasi
                        
                    
                 3. Pangkalan Militer AS di Timur Tengah Akan Jadi Ajang Balas DendamPeneliti dan sarjana Helyeh Doutaghi mengeluarkan sebuah posting singkat yang membahas tindakan agresi Israel terhadap Republik Islam. Dia menggambarkan pangkalan Israel dan AS di wilayah tersebut sebagai “target yang sah.”“AS dan Israel baru saja melakukan tindakan perang terhadap Iran. Setiap pangkalan AS dan Israel di wilayah tersebut adalah target yang sah.”4. Serangan Israel Hanya Tipu MuslihatRobert Inlakesh, seorang pembuat film dan jurnalis yang tinggal di Palestina, menyoroti kehebohan media seputar upaya untuk membesar-besarkan skala agresi Israel terhadap Iran.“Serangan Israel terhadap Iran sejauh ini sangat lemah, sampai-sampai membuat malu media. Entah mereka akan melancarkan serangan lagi dan ini tipuan, atau ini adalah upaya untuk menyelamatkan muka, oleh karena itu Israel membagikan video/foto dari tahun lalu. Sulit dipahami.”
            
                Lihat Juga: Netanyahu Klaim Serangan Israel Melumpuhkan Produksi Rudal Iran
            (ahm)","Sabtu, 26 Oktober 2024 - 19:13 WIB",internasional
Putin Harap NATO Mendengar Peringatannya soal Risiko Serangan Rudal Jarak Jauh Ukraina,"MOSKOW - Presiden  Vladimir Putin  berharap bahwa  NATO  mendengar peringatannya tentang konsekuensi dari membiarkan  Ukraina  menggunakan rudal jarak jauh yang dipasok Barat untuk menyerang jauh di dalam  Rusia. Ketika ditanya jurnalis televisi Rossiya-1, Pavel Zarubin, apakah sekutu NATO pendukung Kyiv telah mendengarkan peringatannya, Putin mengatakan: ""Mereka tidak memberi tahu saya apa pun tentang itu, tetapi saya harap mereka mendengarnya."" Putin menekankan bahwa militer Ukraina tidak dapat secara independen menggunakan senjata berpresisi tinggi. ""Hanya spesialis dari negara-negara NATO yang dapat melakukan ini, karena ini memerlukan intelijen ruang angkasa, yang secara alami tidak dimiliki Ukraina,"" paparnya.
                
                    Baca Juga
                    
                        
                    
                        
                    
                        
                            Jika NATO Bantu Ukraina Serang Wilayah Rusia, Presiden Putin Siapkan Kejutan Khusus
                        
                    
                 ""Apa yang terjadi sekarang semuanya dilakukan oleh tangan para perwira NATO,"" imbuh pemimpin Kremlin tersebut.""Satu-satunya pertanyaan adalah apakah mereka akan membiarkan diri mereka menyerang jauh ke wilayah Rusia atau tidak,"" tegasnya, seperti dikutip dari Russia Today, Senin (28/10/2024).Putin berjanji bahwa Moskow akan menggunakan berbagai respons jika Ukraina menyerang Rusia dengan rudal jarak jauh pasokan Amerika Serikat dan sekutu NATO-nya.""(Kementerian Pertahanan Rusia) sedang memikirkan cara untuk merespons kemungkinan serangan jarak jauh di wilayah Rusia, mereka akan menawarkan berbagai respons,"" kata Putin.""Bagaimana merespons, kapan, dan di mana secara spesifik—masih terlalu dini untuk membicarakannya sekarang. Namun, jelas, departemen militer kami sedang memikirkan hal ini dan akan menawarkan berbagai opsi,"" imbuh Putin.Kyiv selama berbulan-bulan telah mendesak AS dan sekutu NATO-nya untuk mencabut larangan serangan jauh ke dalam wilayah Rusia dengan rudal jarak jauh yang dipasok Barat, menyalahkan kemundurannya di medan perang atas keengganan mereka.Presiden Ukraina Volodymyr Zelensky telah memasukkan permintaan untuk menggunakan senjata dari negara-negara NATO untuk melakukan serangan semacam itu dalam apa yang disebutnya sebagai ""rencana kemenangan"". Daftar keinginan yang baru-baru ini diungkapkan untuk mengakhiri peran yang sedang berlangsung sejauh ini telah didekati dengan hati-hati oleh banyak pemimpin Barat.
            
                Lihat Juga: Hadapi Musuh Bersama, NATO dan UE Bentuk Gugus Tugas Baru
            (mas)","Senin, 28 Oktober 2024 - 09:59 WIB",internasional
Iran Bantah Adanya Serangan Israel di 20 Lokasi,"TEHERAN - Sebuah sumber yang memiliki informasi membantah klaim rezim Israel bahwa mereka telah menyerang 20 lokasi di seluruh Iran.Sumber yang memiliki informasi tersebut mengatakan kepada Tasnim pada hari Sabtu bahwa klaim tentara Israel bahwa mereka telah menargetkan 20 lokasi di seluruh Iran tidak benar, dengan mencatat bahwa jumlah lokasi yang menjadi target musuh jauh lebih rendah dari itu.Sumber tersebut menambahkan bahwa tindakan oleh Zionis telah dilakukan dari luar perbatasan Iran dan telah menyebabkan kerusakan yang terbatas.Sumber tersebut juga mengonfirmasi laporan sebelumnya dari Tasnim bahwa tidak ada satu pun pusat militer Korps Garda Revolusi Islam di Teheran yang menjadi target.“Laporan yang menuduh bahwa 100 pesawat militer Israel berperan dalam serangan itu juga merupakan kebohongan besar, karena Israel berusaha membesar-besarkan serangannya yang lemah,” tambah sumber itu.
                
                    Baca Juga
                    
                        
                    
                        
                    
                        
                            Kehidupan Rakyat Iran Tetap Normal Meski Diserang Israel, Mengapa?
                        
                    
                 Sebelumnya, Pangkalan Pertahanan Udara Iran mengatakan pertahanan udara negara itu telah berhasil menghadapi tindakan agresi Israel. Pangkalan Pertahanan Udara mengeluarkan pernyataan pada hari Sabtu, yang mengatakan bahwa rezim Israel yang kriminal, tidak sah, dan palsu dalam upaya untuk meningkatkan ketegangan melancarkan serangan terhadap beberapa lokasi militer di provinsi Teheran, Khuzestan, dan Ilam pada dini hari tadi.Pertahanan udara Iran mencegat dan berhasil menghadapi tindakan agresi tersebut, katanya, seraya menambahkan bahwa beberapa kerusakan terbatas terjadi di beberapa area, yang dimensinya sedang diselidiki.Pernyataan tersebut mendesak masyarakat untuk menjaga persatuan dan ketenangan serta mengabaikan rumor yang disebarkan oleh media musuh.Suara keras terdengar oleh beberapa orang di sekitar Teheran pada dini hari Sabtu, yang menurut sumber keamanan Iran disebabkan oleh aktivasi sistem pertahanan udara.Menurut laporan, pertahanan udara Iran berhasil menembak jatuh target musuh di wilayah udara sekitar provinsi Teheran.Rekaman yang dibagikan secara daring menangkap apa yang tampak sebagai intersepsi di atas ibu kota Iran.
            
                Lihat Juga: Netanyahu Klaim Serangan Israel Melumpuhkan Produksi Rudal Iran
            (ahm)","Sabtu, 26 Oktober 2024 - 18:11 WIB",internasional
"Bukan Sekadar Mengutuk, Hamas Minta Pemimpin Islam Ikut Bertanggung Jawab atas Genosida di Gaza","GAZA - Para pemimpin negara-negara Islam dalam setahun terakhir umumnya hanya berwacana dan berdialektika ketika berbicara tentang kekejaman Israel di Gaza. Mereka hanya mengutuk dan mengecam tindakan keji Israel. Tapi, mereka tak bertindak banyak.Bosan dengan kutukan dan kecaman negara-negara Islam tersebut, Hamas Hamas menyerukan para pemimpin Arab dan Islam untuk menegakkan tanggung jawab atas perang genosida di Gaza“Para pemimpin negara-negara Arab dan Islam untuk menegakkan tanggung jawab mereka dan tidak hanya menyetujui dengan pernyataan kutukan,"" demikian ungkap Hamas, dilansir Middle East Monitor. Gerakan ini mendesak mereka untuk: “Mengambil tindakan untuk menghentikan perang genosida dan pembersihan etnis yang dialami rakyat kami.”Gerakan ini menegaskan dalam pernyataan pers yang diterima oleh Quds Press bahwa, “Penyerbuan Rumah Sakit Martir Kamal Adwan di Proyek Beit Lahia oleh tentara pendudukan teroris… adalah kejahatan perang dan pelanggaran terang-terangan terhadap hukum internasional.”
                
                    Baca Juga
                    
                        
                    
                        
                    
                        
                            Serangan Israel ke Iran Dianggap Gagal, Berikut 4 Alasannya
                        
                    
                 “Pemerintah pendudukan Zionis terus melakukan perang genosida di Jalur Gaza utara, tanpa mempedulikan akibat apa pun, mengingat dukungan dan perlindungan penuh yang diberikan kepadanya oleh pemerintah AS,” tambahnya.Gerakan ini menekankan bahwa, pembantaian yang dilakukan di Jalur Gaza utara dan pemboman kriminal yang difokuskan pada rumah-rumah, dan pembongkaran blok-blok perumahan di atas penghuninya adalah desakan Zionis atas kampanye pembersihan etnis yang dilakukannya di Jalur Gaza utara.Hamas menyerukan kepada para pemimpin negara Arab dan Islam untuk meneguhkan tanggung jawab mereka dalam melindungi rakyat Palestina. Mereka juga meminta pemimpin Islam untuk tidak merasa puas dengan pernyataan kutukan dan bertindak untuk menghentikan perang genosida dan pembersihan etnis.Hamas mengakhiri dengan mengkritik: “Masyarakat internasional dan lembaga-lembaganya yang bungkam atas kejahatan-kejahatan ini memikul tanggung jawab politik dan moral atas kelanjutannya dan atas keruntuhan yang disaksikan dunia dalam sistem nilai-nilai dan hukum yang mengaturnya, karena pelanggaran-pelanggaran Zionis yang meluas terhadapnya.”
            
                Lihat Juga: Padang Mahsyar Dunia Berada di Palestina? Berikut Ini Dalilnya
            (ahm)","Minggu, 27 Oktober 2024 - 15:06 WIB",internasional
"Israel Serang Iran, Bagaimana Perbandingan Kekuatan Militer Kedua Negara yang Berperang?","TEHERAN - Israel menyerang beberapa lokasi di Iran pada Sabtu pagi, mengklaim telah menyerang fasilitas militer, menandai babak terbaru dalam spiral eskalasi antara kedua rival Timur Tengah tersebut.“Kami melakukan serangan yang terarah dan tepat terhadap target militer di Iran – dan menggagalkan ancaman langsung terhadap Negara Israel,” kata juru bicara militer Israel Daniel Hagari dalam sebuah posting di X, yang mengumumkan bahwa gelombang serangan telah berakhir, dilansir Al Jazeera. Sejumlah ledakan terdengar di sekitar Teheran. Al Jazeera, melaporkan dari ibu kota Iran, mengatakan pejabat Iran menganggap ledakan itu disebabkan oleh intersepsi rudal oleh sistem pertahanan udara Iran.Melansir Al Jazeera, pengeboman Israel terjadi kurang dari sebulan setelah Iran menyerang kota-kota besar Israel dengan sedikitnya 180 rudal balistik pada tanggal 2 Oktober. Korps Garda Revolusi Islam (IRGC) Iran mengatakan rudal-rudal itu ditembakkan sebagai respons Teheran terhadap pembunuhan warga sipil di Gaza dan baru-baru ini, di Lebanon, dalam serangan Israel – serta pembunuhan para pemimpin IRGC, Hamas, dan Hizbullah. IRGC mengatakan rudal tersebut secara khusus ditujukan ke tiga pangkalan militer di Tel Aviv.Perdana Menteri Israel Benjamin Netanyahu telah bersumpah untuk membalas setelah serangan 2 Oktober, dengan mengatakan bahwa Iran telah ""membuat kesalahan besar"" dan ""akan membayarnya"".Seiring Israel dan Iran — musuh lama yang, selama beberapa dekade, telah terlibat dalam pertempuran proksi — semakin mengarah ke konfrontasi langsung. Mereka memiliki kemampuan militer masing-masing, kemampuan mereka untuk saling menyerang, dan bagaimana mereka dapat mempertahankan wilayah mereka.Israel Serang Iran, Bagaimana Perbandingan Kekuatan Militer Kedua Negara yang Berperang?1. Jumlah TentaraMenurut The Military Balance 2023, yang diterbitkan oleh lembaga pemikir yang berbasis di Inggris, International Institute for Strategic Studies (IISS):Iran memiliki 610.000 personel aktif, termasuk 350.000 di angkatan darat, 190.000 di IRGC, 18.000 di angkatan laut, 37.000 di angkatan udara, dan 15.000 di pertahanan udara. Iran juga memiliki pasukan cadangan sebanyak 350.000. Wajib militer wajib bagi pria Iran yang berusia di atas 18 tahun, dengan beberapa pengecualian.Israel memiliki 169.500 personel aktif, termasuk 126.000 di angkatan darat, 9.500 di angkatan laut, dan 34.000 di angkatan udara. Israel memiliki pasukan cadangan sebanyak 465.000. Israel mengamanatkan wajib militer bagi sebagian besar pria dan wanita muda berusia di atas 18 tahun, dengan pengecualian tertentu.2. Anggaran MiliterMenurut lembar fakta yang diterbitkan oleh Stockholm International Peace Research Institute (SIPRI) pada bulan April 2024:Iran menghabiskan USD10,3 miliar pada tahun 2023, meningkat 0,6 persen dari tahun 2022.Israel menghabiskan USD27,5 miliar pada tahun 2023, meningkat 24 persen dari tahun 2022 — lonjakan yang sebagian didorong oleh perang di Gaza setelah 7 Oktober.3. Angkatan DaratMenurut The Military Balance 2023, Iran memiliki lebih dari 10.513 tank tempur, lebih dari 6.798 senjata artileri, dan lebih dari 640 pengangkut pribadi lapis baja. Angkatan Darat juga memiliki 50 helikopter sementara IRGC memiliki 5 helikopter.
            
                Lihat Juga: Ayatollah Khamenei Disebut Sakit Parah usai Serangan Israel, Faktanya Sehat Bugar","Sabtu, 26 Oktober 2024 - 20:10 WIB",internasional
"Arab Saudi Buka Sindalah, Pulau Mewah NEOM Impian Pangeran Mohammed bin Salman","RIYADH - Kota besar futuristik  Arab Saudi,  NEOM, mengumumkan pembukaan Sindalah pada hari Minggu. Sindalah adalah sebuah pulau mewah di Laut Merah yang dilengkapi restoran, hotel, dan tempat berlabuh kapal pesiar.NEOM, kota impian yang digagas Putra Mahkota Arab Saudi  Mohammed bin Salman,  menggambarkan Sindalah sebagai pameran fisik pertamanya.""Yang akan berfungsi sebagai pintu gerbang NEOM ke Laut Merah, menyediakan akses mudah bagi pemilik kapal pesiar Eropa, Saudi, dan GCC [Dewan Kerjasama Teluk],"" kata otoritas NEOM.
                
                    Baca Juga
                    
                        
                    
                        
                    
                        
                            Mohammed bin Salman Ungkap Pulau Mewah Pertama NEOM, Ini Rentetan Fasilitasnya
                        
                    
                 ""NEOM berkomitmen untuk mendukung era baru pariwisata mewah Kerajaan, dengan pembukaan Sindalah,"" imbuh CEO NEOM Nadhmi al-Nasr dalam sebuah pernyataan, sebagaimana dikutip dari Al Arabiya English, Senin (28/10/2024).“Destinasi perdana NEOM menawarkan kepada para pengunjung ‘pandangan pertama’ tentang masa depan portofolio destinasi dan pengembangan kami yang luas,"" paparnya.""Sindalah tersebar di lahan seluas 840.000 meter persegi (200 hektare) dan akan menerima hingga 2.400 tamu per hari pada tahun 2028,” imbuh pernyataan bos NEOM.Pertama kali diumumkan oleh Putra Mahkota Arab Saudi Mohammed bin Salman pada bulan Desember 2022, NEOM mengatakan bahwa pembukaan Sindalah menandai tonggak sejarah yang menarik dalam kemajuan NEOM.Gelombang pertama tamu undangan telah disambut di Sindalah untuk merasakan daya tarik pulau tersebut, menurut laporan Saudi Press Agency (SPA).NEOM menambahkan bahwa mengubah Sindalah dari ide menjadi kenyataan merupakan hasil dari upaya dan kerja keras selama dua tahun.“Hal ini menandai langkah penting dalam mewujudkan ambisi pariwisata Kerajaan di bawah Visi Saudi 2030 dan menegaskan kembali kemampuan NEOM untuk merancang dan menghadirkan destinasi baru dan menarik,"" imbuh pernyataan al-Nasr.
            
                Lihat Juga: WHO Kolaborasi dengan Arab Saudi dalam Inisiatif Kartu Kesehatan Haji
            (mas)","Senin, 28 Oktober 2024 - 09:21 WIB",internasional
1 Skuadron Drone Hizbullah Serang Pangkalan Udara Israel di Tel Aviv,"BEIRUT - Hizbullah mengumumkan peluncuran serangan udara di pangkalan udara Tel Nof di selatan Tel Aviv dengan satu skuadron pesawat nirawak serang, yang berhasil mencapai serangan langsung.Hizbullah secara teratur mengumumkan penargetan fasilitas militer Israel tetapi pernyataannya pada hari Sabtu bahwa mereka meluncurkan ""serangan udara dengan pesawat nirawak"" terhadap pangkalan Tel Nof adalah klaim pertama dari jenisnya dalam satu tahun.Hizbullah juga menembakkan rentetan roket ke pasukan Israel di dekat sebuah desa di Lebanon selatan, tempat tentara Israel telah melakukan serangan darat selama berminggu-minggu.Melansir Press TV, kelompok perlawanan itu mengatakan dalam sebuah pernyataan bahwa para pejuangnya meluncurkan ""serangan roket"" ke arah tentara Israel di pinggiran desa Aita al-Shaab, tempat bentrokan rutin antara Hizbullah dan pasukan Israel selama dua minggu terakhir.Sirene berbunyi di sisi utara wilayah Palestina yang diduduki karena ancaman penetrasi pesawat nirawak bermuatan bom yang diluncurkan oleh gerakan perlawanan Hizbullah Lebanon.Peringatan pesawat nirawak diaktifkan di kota-kota pesisir utara Nahariya dan Acre pada hari Sabtu.Sirene peringatan juga berbunyi di Mateh Asher, Ma'ale Yosef, pemukiman ilegal Klil serta moshav Ein Ya'akov di wilayah Galilea barat dan Galilea Atas.Selain itu, sirene berbunyi di kota Metula, pemukiman Kiryat Shmona, moshav Kfar Yuval dan pemukiman sekitarnya di distrik utara wilayah yang diduduki Israel karena kekhawatiran infiltrasi pesawat nirawak dari Lebanon selatan.Suara ledakan terdengar di sejumlah daerah di wilayah Galilea tengah setelah sirene pesawat nirawak diaktifkan.
                
                    Baca Juga
                    
                        
                    
                        
                    
                        
                            Kehidupan Rakyat Iran Tetap Normal Meski Diserang Israel, Mengapa?
                        
                    
                 
            
                Lihat Juga: Profil Mehdi Hasan, Jurnalis Muslim yang Diancam Dibunuh Ryan Girdusky saat Acara Live","Sabtu, 26 Oktober 2024 - 17:46 WIB",internasional
Bagaimana Cara Kerja Orang Yahudi di Israel Bekerja untuk Intelijen Iran?,"TEL AVIV - Tujuh penduduk Israel utara didakwa atas tuduhan membantu intelijen Iran. Mereka dituduh memata-matai atas nama Iran selama bertahun-tahun dengan imbalan ratusan ribu dolar.Lembar dakwaan, yang diajukan di Pengadilan Distrik Haifa, menuduh bahwa Azis Nisanov, 43 tahun, memimpin jaringan mata-mata terorganisasi yang secara sadar memberikan foto dan informasi lain kepada Iran tentang fasilitas-fasilitas sensitif, termasuk lokasi sipil, pangkalan militer, dan baterai pertahanan udara, dan juga memata-matai seorang peneliti Universitas Haifa, dalam apa yang disebut jaksa sebagai salah satu kasus spionase paling memberatkan dalam sejarah negara itu.Dugaan pengkhianatan tersebut, yang diungkap oleh otoritas Israel minggu lalu setelah penangkapan tujuh tersangka pada bulan September, adalah salah satu dari beberapa dugaan rencana Iran yang melibatkan warga negara Israel yang menurut polisi telah mereka ungkap dalam beberapa bulan terakhir, yang menyoroti upaya nyata Teheran untuk menyakiti Israel di tengah meluasnya perang Timur Tengah.Ketujuh orang tersebut dituduh membantu musuh selama masa perang, salah satu dari sedikit dakwaan di Israel yang berpotensi dijatuhi hukuman mati atau penjara seumur hidup, serta memberikan informasi kepada musuh. Dua tersangka juga didakwa dengan menghalangi keadilan.Bagaimana Cara Kerja Orang Yahudi di Israel Bekerja untuk Intelijen Iran?1. Merekrut Tentara yang Membelot“Ini adalah salah satu kasus pelanggaran keamanan paling parah yang pernah terungkap di Negara Israel, dan yang dilakukan oleh warga negara Israel yang tahu betul bahwa mereka bertindak melawan keamanan negara dan demi Iran, pada saat Israel terlibat dalam perang yang sulit di beberapa bidang,” kata juru bicara Kementerian Kehakiman dalam sebuah pernyataan.Para tersangka, yang semuanya penduduk Haifa dan wilayah utara yang beremigrasi dari Azerbaijan, termasuk seorang tentara yang membelot dari militer, serta dua anak di bawah umur berusia 16-17 tahun. Mereka melakukan sekitar 600 misi selama dua tahun, kata pihak berwenang.Menurut dakwaan setebal 20 halaman, Nisanov pertama kali dihubungi oleh agen intelijen Iran yang disebutkan dalam lembar dakwaan sebagai Alkhasan Agayev pada paruh kedua tahun 2022 melalui seorang kenalan bersama dan setuju untuk mengambil gambar situs-situs sensitif dengan imbalan uang, karena kesulitan keuangan yang sedang dialaminya.2. Bertugas Memotret Pangkalan Militer IsraelMeskipun kelompok itu sebagian besar ditangani oleh Agayev, mereka juga berhubungan dengan agen kedua, yang hanya disebutkan sebagai ""Orkhayan,"" kata jaksa penuntut, dilansir Times of Israel. ""Kedua agen itu terus-menerus berhubungan dengan para tersangka dan merekrut mereka untuk melakukan berbagai tugas dengan tujuan mengumpulkan intelijen untuk Iran, termasuk memotret dan mengumpulkan informasi tentang infrastruktur sipil, pangkalan militer, sistem pertahanan dan senjata IDF, dan juga membuntuti berbagai orang,"" kata pernyataan Kementerian Kehakiman.Jaksa mengatakan Nisanov awalnya merekrut Vyacheslav Gushchin, mantan karyawannya yang berusia 46 tahun, untuk membantu mengambil gambar dan mengumpulkan informasi. Pada tahun 2023, masalah kesehatan memaksa Sadykov untuk membatasi kegiatan mata-matanya, yang menyebabkan Nisanov membawa orang lain ke dalam sel, termasuk Alexander Sadykov, 58 tahun, yang menjadi wakilnya.Menurut jaksa, yang turut dibawa adalah putranya, Yigal Nisan, 20 tahun, yang saat itu bertugas sebagai prajurit di angkatan udara, Yevgeny Yoffe, 47 tahun, yang merupakan teman Sadykov, dan dua anak di bawah umur yang tidak disebutkan namanya. Dakwaan tersebut mencatat bahwa Nisan dinyatakan AWOL pada tanggal 4 Desember 2023.3. Berpura-pura Jadi Pemandu WisataMenurut lembar dakwaan, aktivitas mata-mata tersebut berlanjut setelah serangan Hamas pada tanggal 7 Oktober, meskipun pada bulan November kelompok tersebut menggunakan cerita sampul — berpura-pura menjadi pemandu wisata — untuk menghadapi peningkatan keamanan setelah pembantaian dan pecahnya perang di Gaza.Di antara lokasi yang difoto oleh jaringan tersebut adalah puluhan lokasi militer di seluruh negeri, termasuk pangkalan angkatan udara yang kemudian menjadi sasaran Iran selama serangan rudal balistik terhadap Israel pada bulan April dan tanggal 1 Oktober.
            
                Lihat Juga: Iran Incar Kapal Induk AS di Timur Tengah","Minggu, 27 Oktober 2024 - 16:15 WIB",internasional
Mengapa Menteri Keuangan Israel Sebut Qatar sebagai Musuh?,"TEL AVIV - Menteri Keuangan Israel Bezalel Smotrich menyerang Negara Qatar, dengan menyatakan bahwa partisipasinya yang berkelanjutan dalam negosiasi untuk pengembalian sandera adalah “kesalahan serius”. Dia menggambarkan Qatar sebagai “negara musuh”.Smotrich, yang dianggap berhaluan kanan ekstrem, menyampaikan penyesalannya yang mendalam atas perintah Perdana Menteri Benjamin Netanyahu untuk mengirim Kepala Mossad David Barnea ke Qatar guna berpartisipasi dalam negosiasi.Mengapa Menteri Keuangan Israel Sebut Qatar sebagai Musuh?1. Qatar Mendukung Hamas“Qatar adalah negara musuh yang mendukung Hamas dan mendukung posisinya dalam negosiasi dan tujuannya adalah untuk mencegah kita menghancurkannya. Qatar memiliki Al-Jazeera dan sangat merusak citra Israel di dunia dan upaya perang eksistensi kita,"" katanya, dilansir Middle East Monitor. 2. Perang Jadi Solusi bagi Israel, bukan NegosiasiSmotrich menyarankan bahwa satu-satunya cara untuk membawa kembali para sandera adalah: “Dengan penyerahan diri Hamas melalui kelanjutan tekanan militer seperti yang saat ini dilakukan oleh para pejuang heroik kita di utara Jalur Gaza.”Dari waktu ke waktu, Qatar diserang oleh kelompok sayap kanan ekstrem di Israel, yang dipimpin oleh Netanyahu dan Menteri Smotrich yang ekstremis, yang meminta Barat untuk menekan Qatar agar membebaskan para sandera pada Januari lalu.
                
                    Baca Juga
                    
                        
                    
                        
                    
                        
                            Israel Serang Iran, Bagaimana Perbandingan Kekuatan Militer Kedua Negara yang Berperang?
                        
                    
                 3. Politikus Sayap Kanan Israel Memang Memusuhu QatarPemerintah Qatar belum mengomentari pernyataan Smotrich, tetapi Doha sebelumnya mengecam pernyataan yang ditujukan kepadanya oleh kelompok sayap kanan yang dipimpin oleh Netanyahu.Pernyataan menteri keuangan Israel itu muncul sehari setelah pengumuman mengenai keberangkatan Barnea ke Qatar pada Minggu mendatang untuk membahas kemungkinan dimulainya kembali perundingan mengenai tawanan di Gaza.Qatar memainkan peran penting dalam upaya mediasi untuk menghentikan agresi Israel di Jalur Gaza dan meluncurkan perundingan tahanan. Pada November 2023, Qatar mencapai kesepakatan besar di mana ratusan tahanan dipertukarkan dari kedua belah pihak.
            
                Lihat Juga: Profil Mehdi Hasan, Jurnalis Muslim yang Diancam Dibunuh Ryan Girdusky saat Acara Live
            (ahm)","Minggu, 27 Oktober 2024 - 17:10 WIB",internasional
"Truk Tabrak Halte di Israel, Sopir Ditembaki Warga Yahudi","TEL AVIV - Sekitar 37 orang terluka baik kondisi kritis dan ringan setelah sebuah truk menabrak halte bus di dekat Glilot di Israel tengah pada Minggu (27/10/2024). Satu orang dalam kondisi kritis, menurut Sourasky Medical Center. Magen David Adom menambahkan bahwa paramedis merawat enam orang yang terluka parah dan lima orang yang terluka sedang.Sekitar 20 orang yang mengalami luka ringan dan empat orang yang menderita kecemasan sedang dirawat oleh para medis, MDA juga menyatakan, seraya menambahkan bahwa sebagian besar korban adalah orang dewasa.Melansir Times of Israel, MDA mengatakan bahwa mereka memindahkan para korban luka ke Sourasky Medical Center, Rabin Medical Center-Beilinson Campus, Meir Medical Center, Laniado Hospital, Shamir Medical Center, dan Sheba Medical Center.Polisi Israel menyatakan, warga sipil yang berada di tempat kejadian telah menembaki pengemudi truk. Polisi mencatat bahwa menurut pemeriksaan awal, sebuah bus telah berhenti di dekat halte bus di daerah tersebut, setelah itu truk menabrak bus dan orang-orang yang berdiri di halte bus.Menurut media Israel, polisi memperlakukan insiden itu sebagai serangan teror.Relawan paramedis United Hatzalah Aharon Yaakobson, yang berada di sekitar lokasi kejadian dan tiba pertama kali di lokasi kejadian, paramedis Yaron Schiff, Eliyah Tubul, dan Yair Porush melaporkan, ""Itu adalah lokasi kejadian yang sulit dengan truk, bus, dan pejalan kaki. Kami memberikan perawatan awal di lokasi kejadian kepada lebih dari 20 orang (pada tahap ini) yang mengalami berbagai tingkat cedera.""
                
                    Baca Juga
                    
                        
                    
                        
                    
                        
                            Citra Satelit Tunjukkan Fasilitas Senjata Nuklir Iran Jadi Target Serangan Israel
                        
                    
                 ""Beberapa dari mereka diselamatkan oleh petugas pemadam kebakaran dalam kondisi serius setelah terjebak di bawah truk. Anggota Unit Tanggap Krisis dan Psikotrauma United Hatzalah juga memberikan bantuan di lokasi kejadian kepada beberapa orang yang menderita syok emosional.Polisi menyatakan bahwa pasukan besar dikerahkan ke daerah tersebut dan meminta pengemudi mengalihkan rute mereka dari daerah tersebut.
            
                Lihat Juga: 3 Dosa Israel Terhadap Indonesia, Salah Satunya Lukai TNI
            (ahm)","Minggu, 27 Oktober 2024 - 17:35 WIB",internasional
"Terima Penghargaan, Angkie Yudistia: Kita Kawal Inklusivitas Demi Kesejahteraan Masyarakat","JAKARTA - Staf Khusus Presiden RI periode 2019-2024  Angkie Yudistia  menerima penghargaan Youth Humanitarian Award dengan kategori individu dari Human Initiative. Dalam sambutannya, Angkie menyampaikan terkait generasi muda saat ini yang perlu menggelorakan semangat untuk memiliki usaha.""Generasi muda mampu berkembang menjadi wirausaha sosial, agar dapat berdampak lebih luas terhadap masyarakat yang membutuhkan khususnya kelompok rentan,"" kata Angkie di Hotel Bidakara Jakarta, Selasa (29/10/2024). Usai menerima penghargaan, Bendahara Umum Partai Perindo itu mengucapkan terima kasih kepada seluruh teman-teman disabilitas. Ia juga menyampaikan motivasi luar biasa bagi seluruh penyandang disabilitas agar terus bersemangat dan bisa terus mengejar mimpi.
                
                    Baca Juga
                    
                        
                    
                        
                    
                        
                            Bendum Perindo Angkie Yudistia Terima Penghargaan Youth Humanitarian Award
                        
                    
                 ""Saya sangat berterima kasih mewakili seluruh penyandang disabilitas yang berjumlah 22,9 juta jiwa. Sebagai seorang perempuan kami membuktikan bahwa di balik keterbatasan, kita mampu membuktikan kelebihan-kelebihan yang kita miliki. Karena saya percaya, no one left behind - tidak boleh ada yang tertinggal di belakang,"" ujarnya.Ia juga memotivasi agar seluruh teman disabilitas tetap bersemangat dalam menjalani kehidupan sehari-hari. Ia juga berharap agar kedepan inklusifitas dapat terwujud sehingga tidak adalagi sekat-sekat dalam kehidupan sosial.""Untuk itu, sama-sama kita semua mengawal inklusifitas demi kesejahteraan seluruh lapisan masyarakat. Sesuai dengan bunyi sila ke-2 dalam Pancasila yaitu 'Kemanusiaan yang adil dan beradab'. Kita harus bisa mengedepankan hal itu. Serta bunyi sila kelima dalam Pancasila adalah 'Keadilan Sosial bagi Seluruh Rakyat Indonesia'. Sebagai masyarakat, semua layak mendapatkan keadilan, tanpa ada perbedaan apapun bagi mereka,"" ucapnya.Sebelumnya, di tahun ini Angkie juga telah mendapatkan penghargaan lainnya, yakni pada acara R.A Kartini Award 2024 Nominasi Turned Disability into Strength dalam RA Kartini Award 2024. Kemudian, Penghargaan Tanda Kehormatan Satyalancana Wira Karya pada Agustus 2024. Selanjutnya, Penghargaan Youth Humanitarian Award dengan kategori individu dari Human Initiative ini merupakan penghargaan ke-22 yang diterima oleh Angkie Yudistia.
            
                Lihat Juga: Bank Jatim Sabet Platinum Award-Best Issuer Bank (ATM) di Ajang Prima Awards 2024
            (rca)","Rabu, 30 Oktober 2024 - 06:49 WIB",nasional
"Mengenal Latihan Cakra Tradisi Kostrad, Penggemblengan 3 Bulan Tentara di Gunung, Hutan, dan Laut","JAKARTA - Komando Cadangan Strategis Angkatan Darat ( Kostrad ) merupakan salah satu pasukan elite yang dimiliki  TNI AD . Satuan ini mempunyai latihan khusus untuk mendapatkan prajurit berkemampuan istimewa, yakni latihan Cakra. Mengutip keterangan di situs resmi Kostrad, latihan Cakra merupakan latihan standardisasi bagi prajurit Kostrad yang bertujuan melatih, membentuk dan menanamkan kebanggaan serta kecintaan terhadap satuan Kostrad, jiwa korsa yang kuat serta mewujudkan kemampuan yang handal dalam melaksanakan tugas di medan operasi. Latihan ini diharapkan dapat melahirkan Prajurit Kostrad yang memiliki kemampuan teknik dasar tempur yang meliputi Survival, Intelpur, Patroli, Pertempuran Jarak Dekat (PJD) maupun Operasi Raid serta memiliki fisik yang prima dan jago dalam beladiri militer. Tidak semua prajurit TNI dapat mengikuti latihan Cakra Kostrad. Para peserta latihan adalah prajurit pilihan yang telah lolos seleksi dan memenuhi syarat. Mereka digembleng selama tiga bulan yang dibagi dalam tiga tahap, yakni Tahap Basis, Tahap Gunung Hutan, dan Tahap Rawa Laut. Bagi prajurit yang berhasi menyelesaikan latihan Cakra dengan baik, berhak menyandang Kualifiaksi Brevet Cakra yang merupakan kualifikasi khusus yang dimiliki oleh Prajurit Kostrad. Tahapan Latihan CakraLatihan Cakra Kostrad dilaksanakan dalam tiga tahap. Pertama adalah Tahap Basis yang digelar selama 7 pekan di Kompleks Madivif 1 Kostrad Cilodong, Depok.Setelah itu, latihan dilanjutkan tahap kedua yakni Tahap Gunung Hutan. Latihan tahap ini dilaksanakan di Rahlat Kostrad Sanggabuana, Karawang selama 3 pekan. Mengutip Komandan Latihan Cakra XIV Letkol Inf Roihan Hidayatullah dari situs resmi TNI AD, pelaksanaan Tahap Gunung Hutan sengaja dilaksanakan di Daerah Latihan Kostrad Gunung Sanggabuana, Karawang, Jawa Barat yang memiliki cuaca dingin dan berbukit. Pemilihan tempat ini berdasarkan pada karakteristik daerah penugasan saat ini yaitu Papua dan Poso yang memiliki kontur medan berbukit dan jurang terjal.Pelaksanaan materi Gunung Hutan diawali pergeseran pasukan dari Home Base di GOR Kartika Cilodong menuju ke Rahlat Sanggabuana, Karawang dengan menggunakan Truk dan diakhiri dengan materi Patroli Jarak Jauh (PJJ) menuju ke Titik Start Hanmars di Cikalong Kulon, Cianjur, Jawa Barat.""Tuntutan penugasan saat ini sangat kompleks dan dinamis, oleh karena itu prajurit harus mampu bergerak setiap saat dalam situasi dan medan apa pun. Materi Gunung Hutan bertujuan untuk mempertajam naluri tempur dan membiasakan prajurit dapat bertindak cepat dan tepat dalam cuaca ekstrem, sehingga diharapkan saat kembali ke satuan prajurit Pelaku Latihan Standardisasi Prajurit Kostrad Cakra XIV sudah siap untuk diberangkatkan dalam penugasan,"" kata Roihan yang dilansir situs resmi TNI AD pada 1 Maret 2023.
                
                    Baca Juga
                    
                        
                    
                        
                    
                        
                            6 Jenderal Baru di Angkatan Darat Setelah Mutasi TNI, Ini Nama-namanya
                        
                    
                 Pada bagian akhir, Tahap Rawa Laut dilaksanakan di Pantai Cileuteuh Palampang, Sukabumi, Jawa Barat selama 2 pekan. Latihan diakhiri dengan upacara penutupan di Pantai Palampang.Latihan Cakra Kostrad telah digelar sebanyak 14 kali sejak pertama kali dihelat pada 2016. Hingga saat ini ribuan prajurit TNI telah mengikuti latihan Cakra Kostrad. Mereka pun berhak mendapatkan Brevet Cakra berdasarkan petunjuk pelaksanaan Panglima Kostrad Nomor: Juklak/1/03/2016 tanggal 15 Maret 2016 tentang ketentuan pemberian dan penggunaan Brevet Cakra bagi personel militer Kostrad.
            
                Lihat Juga: Letkol Inf Devy Kristiono Jadi Ajudan Wapres Gibran
            (abd)","Senin, 28 Oktober 2024 - 20:52 WIB",nasional
Donald Trump: Nabi Berkata Dunia Akan Kiamat di Timur Tengah,"WASHINGTON - Donald Trump, mantan presiden yang juga calon presiden (capres) Amerika Serikat (AS) dari Partai Republik menyinggung konflik di Timur Tengah dan potensi kiamat dunia yang dimulai dari wilayah tersebut.Itu disampaikan selama wawancara tiga jam dengan podcaster Amerika; Joe Rogan, pada hari Jumat.Satu hari setelah diunggah di YouTube, penampilan Trump di podcast ""Joe Rogan Experience"" memperoleh lebih dari 22 juta penayangan di platform tersebut.Menjelang tiga jam, Trump mengkritik Presiden AS Joe Biden dan lawannya dalam pemilihan presiden 2024; Wakil Presiden Kamala Harris, karena mengatakan kepada Israel untuk tidak melakukan apa pun selama perangnya dengan Hamas.
                
                    Baca Juga
                    
                        
                    
                        
                    
                        
                            Jet Siluman F-35 Israel Dilaporkan Mengebom Iran, Serang 4 Sistem Rudal S-300, 4 Tentara Tewas
                        
                    
                 Lebih jauh, Trump memuji Israel karena tidak mendengarkan Biden selama perangnya.“Biden mengatakan kepada Israel untuk tidak melakukan sesuatu [selama perang],""kata Trump.""Saya pikir jika mereka [Israel] mendengarkan Biden, mereka akan menunggu bom jatuh di atas kepala mereka sekarang,"" ujarnya, seperti dikutip Jerusalem Post, Minggu (27/10/2024).""[Biden] telah salah tentang banyak hal. Saya kira Anda harus mengatakan bahwa dia [Harris] juga salah karena, Anda tahu, dia selalu mengatakan bahwa mereka membuat keputusan bersama.""""Israel tidak mengikuti nasihatnya,” ujar Trump mengulangi komentarnya.Kiamat Dunia Akan Terjadi di Timur TengahTrump kemudian membahas situasi di Timur Tengah secara keseluruhan, dengan mencatat apa yang menurutnya telah dikatakan para nabi tentang wilayah tersebut dan mengeklaim bahwa itu akan menjadi lokasi ""kiamat dunia”.
            
                Lihat Juga: Profil Mehdi Hasan, Jurnalis Muslim yang Diancam Dibunuh Ryan Girdusky saat Acara Live","Minggu, 27 Oktober 2024 - 14:24 WIB",internasional
"Hanya Perang Sandiwara, Israel Ternyata Peringatkan Iran Sebelum Melancarkan Serangan","TEHERAN - Israel menyampaikan peringatan kepada Iran melalui beberapa pihak ketiga sebelum serangan rudalnya terhadap Republik Islam pada Sabtu lalu. Itu berdasarkan laporan Axios yang mengutip tiga sumber anonim. Menurut media tersebut, Israel mengindikasikan jenis target yang akan diserangnya, sambil memperingatkan Teheran agar tidak membalas.Pada Sabtu pagi, juru bicara IDF Daniel Hagari melaporkan bahwa pasukan Israel sedang melakukan ""serangan tepat sasaran terhadap target militer"" di Iran. Operasi tersebut, yang dilaporkan diberi nama sandi 'Hari-hari Pertobatan,' diluncurkan ""sebagai tanggapan atas serangan terus-menerus selama berbulan-bulan dari rezim di Iran terhadap Negara Israel,"" jelasnya.""Israel telah menjelaskan kepada Iran sebelumnya apa yang akan mereka serang secara umum dan apa yang tidak akan mereka serang,"" lapor Axios. Media AS tersebut menegaskan bahwa hal ini mencerminkan ""upaya untuk membatasi pertukaran serangan yang sedang berlangsung antara Israel dan Iran dan mencegah eskalasi yang lebih luas."" 
                
                    Baca Juga
                    
                        
                    
                        
                    
                        
                            Citra Satelit Tunjukkan Fasilitas Senjata Nuklir Iran Jadi Target Serangan Israel
                        
                    
                 Menurut laporan tersebut, Israel juga memperingatkan Republik Islam tersebut agar tidak menanggapi serangannya, dengan mengancam serangan yang lebih dahsyat jika Teheran benar-benar membalas. Axios mengklaim bahwa Menteri Luar Negeri Belanda Caspar Veldkamp adalah salah satu saluran yang digunakan oleh Israel untuk menyampaikan pesannya kepada Iran. Dalam sebuah posting di X (sebelumnya Twitter) pada hari Jumat, diplomat tersebut mengonfirmasi bahwa ia telah berbicara ""dengan Menteri Luar Negeri Iran tentang perang dan meningkatnya ketegangan di kawasan tersebut."" Ia menambahkan bahwa ia telah mendesak Teheran untuk menahan diri. “Pesawat IAF menyerang fasilitas produksi rudal yang digunakan untuk memproduksi rudal yang ditembakkan Iran ke Negara Israel selama setahun terakhir,” menurut pernyataan IDF. Selain itu, Negara Yahudi tersebut mengklaim telah menyerang kemampuan rudal permukaan-ke-udara Republik Islam tersebut.Iran membuka kembali wilayah udaranya pada pukul 9 pagi waktu setempat, dengan Markas Besar Pertahanan Udara Nasional negara tersebut melaporkan bahwa serangan “provokatif” Israel telah mengakibatkan “kerusakan terbatas… di area tertentu,” dan bahwa penilaian yang lebih rinci masih berlangsung.“Sistem pertahanan udara terpadu negara tersebut berhasil mencegat dan menangkal tindakan agresif ini,” tegas pejabat di Teheran.Pada tanggal 1 Oktober, Iran menembakkan hampir 200 rudal balistik ke Israel sebagai tanggapan atas terbunuhnya para pemimpin Hamas dan Hizbullah serta seorang jenderal Korps Garda Revolusi Islam (IRGC).
            
                Lihat Juga: Ada Rusia di Balik Iran Sukses Ladeni Serangan Israel
            (ahm)","Minggu, 27 Oktober 2024 - 18:43 WIB",internasional
Pasukan Penjaga Perdamaian PBB Terluka dalam Serangan Roket di Lebanon Selatan,"BEIRUT - Pasukan penjaga perdamaian PBB terluka dalam serangan roket di Lebanon selatan pada Selasa (29/10/2024). Menurut misi penjaga perdamaian PBB (UNIFIL) satu roket menghantam markas besarnya di Naqoura, membakar bengkel kendaraan. ""Beberapa pasukan penjaga perdamaian menderita luka ringan. Untungnya, tidak ada yang terluka parah,"" ungkap UNIFIL, seraya menambahkan penyelidikan telah diluncurkan atas insiden tersebut.Kewarganegaraan pasukan penjaga perdamaian yang terluka tidak disebutkan.UNIFIL mengatakan roket itu kemungkinan ditembakkan oleh ""Hizbullah"" atau kelompok afiliasinya.""Kami mengingatkan Hizbullah dan semua aktor tentang kewajiban mereka untuk memastikan keselamatan dan keamanan personel dan properti PBB. Setiap serangan yang disengaja terhadap mereka merupakan pelanggaran berat terhadap hukum humaniter internasional dan Resolusi 1701,"" ungkap UNIFIL.Tidak ada komentar langsung dari Hizbullah tentang laporan tersebut.UNIFIL beroperasi antara Sungai Litani di Lebanon selatan dan Garis Biru, yang berfungsi sebagai perbatasan dengan Israel, sebagai bagian dari mandatnya berdasarkan Resolusi Dewan Keamanan PBB 1701 untuk menjaga keamanan di wilayah tersebut.Israel telah melancarkan kampanye udara besar-besaran di Lebanon sejak bulan lalu terhadap apa yang diklaimnya sebagai target Hizbullah dalam eskalasi dari perang lintas batas selama setahun antara Israel dan kelompok itu sejak dimulainya serangan brutal Israel di Gaza.Lebih dari 2.700 orang telah tewas dan hampir 12.500 orang terluka dalam serangan Israel sejak Oktober tahun lalu, menurut otoritas kesehatan Lebanon.Israel memperluas konflik pada 1 Oktober tahun ini dengan melancarkan serangan ke Lebanon selatan.
                
                    Baca Juga
                    
                        
                    
                        
                    
                        
                            Perang Melawan Israel Memanas, Iran akan Naikkan Anggaran Militer hingga 200%
                        
                    
                 
            
                Lihat Juga: 5 Fakta Menarik tentang Hashem Safieddine, Calon Pemimpin Hizbullah yang Dibunuh sebelum Menjabat
            (sya)","Rabu, 30 Oktober 2024 - 10:45 WIB",internasional
"Partai Penguasa Jepang Kalah pada Pemilu Sela, Kenapa Jadi Sejarah Paling Memalukan?","TOKYO - Koalisi penguasa Jepang telah kehilangan mayoritas parlementernya dalam kekalahan signifikan pada pemilihan nasional. Itu meningkatkan ketidakpastian tentang susunan pemerintahan berikutnya dan prospek ekonomi terbesar keempat di dunia.Dengan hanya 20 dari 465 kursi yang diperebutkan, Partai Demokrat Liberal (LDP) Perdana Menteri Shigeru Ishiba, yang telah memerintah Jepang hampir sepanjang sejarah pascaperangnya, dan mitra koalisi junior Komeito memperoleh 209 kursi di majelis rendah parlemen. Itu turun dari 279 kursi yang mereka miliki sebelumnya, menandai hasil pemilihan umum terburuk koalisi sejak kehilangan kekuasaan sebentar pada tahun 2009.Partai Penguasa Jepang Kalah pada Pemilu Sela, Kenapa Jadi Sejarah Paling Memalukan?1. Pemilu yang Sangat Sulit""Pemilihan umum ini sangat sulit bagi kami,"" kata Ishiba yang tampak muram kepada TV Tokyo.Keiichi Ishii, yang menjadi pemimpin baru Komeito - mitra koalisi jangka panjang LDP - kalah di distriknya bulan lalu.Pemenang terbesar malam itu, oposisi utama Partai Demokrat Konstitusional Jepang (CDPJ), sejauh ini memperoleh 143 kursi, naik dari 98 kursi sebelumnya, karena pemilih menghukum partai Ishiba atas skandal pendanaan dan inflasi.
                
                    Baca Juga
                    
                        
                    
                        
                    
                        
                            Jenderal Tertinggi Zionis Sesumbar Israel Hanya Gunakan Secuil Kemampuan saat Serang Iran
                        
                    
                 2. Membangun Kesepakatan untuk Berbagai KekuasaanHasilnya dapat memaksa partai-partai untuk membuat kesepakatan pembagian kekuasaan yang tidak jelas untuk berkuasa, yang berpotensi menyebabkan ketidakstabilan politik karena negara tersebut menghadapi tantangan ekonomi dan situasi keamanan yang menegangkan di Asia Timur.""Ini bukan akhir, tetapi awal,"" kata pemimpin CDPJ Yoshihiko Noda dalam konferensi pers, dilansir Al Jazeera. Dia menambahkan bahwa partainya akan bekerja sama dengan partai-partai oposisi lainnya untuk mengupayakan perubahan pemerintahan.Perdana Menteri Ishiba mengatakan ia akan menunggu hingga hasil akhir, yang diharapkan pada dini hari Senin, sebelum mempertimbangkan kemungkinan koalisi atau kesepakatan pembagian kekuasaan lainnya.Bulan lalu, Ishiba mengalahkan delapan kandidat lainnya untuk menjadi ketua LDP konservatif, yang telah memerintah Jepang hampir tanpa gangguan selama tujuh dekade, meskipun dengan seringnya terjadi pergantian pemimpin.Ia memangku jabatan beberapa hari kemudian, menggantikan Fumio Kishida, yang menghadapi ketidakpuasan atas kenaikan harga, skandal dana gelap, dan hubungan LDP dengan gerakan Kristen setelah pembunuhan mantan Perdana Menteri Shinzo Abe pada tahun 2022.3. Kesalahan Prediksi yang Paling BurukIshiba menyerukan pemilihan umum dadakan segera setelah terpilih, dengan harapan memenangkan mandat publik untuk jabatan perdana menterinya.
            
                Lihat Juga: Eks Menhan Shigeru Ishiba Terpilih jadi Perdana Menteri Baru Jepang","Senin, 28 Oktober 2024 - 14:10 WIB",internasional
KMHDI Sebut IKN Simbol Pemerataan Ekonomi Indonesia yang Harus Dilanjutkan,"JAKARTA - Pembangunan Ibu Kota Nusantara ( IKN ) di Kalimantan Timur yang dimulai sejak era Presiden Joko Widodo (Jokowi) menjadi tonggak sejarah bagi bangsa Indonesia. Pembangunan ini menjadi simbol pemerataan ekonomi . Ketua PP Kesatuan Mahasiswa Hindu Dharma Indonesia (KMHDI) I Wayan Darmawan mengatakan, pembangunan IKN dapat mengakselerasi pemerataan pertumbuhan ekonomi Indonesia. ”Pembangunan IKN yang dimulai dari era kepemimpinan Jokowi harus tetap dilanjutkan oleh pemerintah baru Prabowo-Gibran,"" kata Darmawan dalam keterangan tertulis, Senin (28/10/2024). 
                
                    Baca Juga
                    
                        
                    
                        
                    
                        
                            Prabowo Akan Pelajari Keppres IKN, Mensesneg: Kalau Ready, Tinggal Teken
                        
                    
                 Menurutnya, selama ini pembangunan banyak berputar di Pulau Jawa dan Indonesia bagian barat. Pembangunan yang berpusat di bagian barat tersebut akhirnya menimbulkan ketimpangan antara barat dan timur. Salah satu bukti ketimpangan adalah indeks pembangunan manusia di kawasan timur Indonesia terbilang lebih rendah dibandingkan kawasan Indonesia bagian barat. Di samping itu sebaran perguruan tinggi pun lebih banyak di barat ketimbang di Indonesia bagian timur. Untuk itu, Darmawan melihat pembangunan IKN ini dapat menjadi pintu masuk untuk membangun dan pemerataan pertumbuhan ekonomi hingga kawasan timur Indonesia. Menurutnya kawasan timur Indonesia memiliki potensi besar. Diharapkan dari pembangunan IKN ini potensi tersebut dapat tergarap. 
                
                    Baca Juga
                    
                        
                    
                        
                    
                        
                            Puluhan Bandara-Pelabuhan Dibangun di Era Presiden Jokowi Demi Pemerataan Ekonomi
                        
                    
                 ""IKN adalah mimpi yang besar bagi rakyat Indonesia. Mimpi yang akan mengantarkan rakyat Indonesia menuju era keemasannya,"" sambungnya.
            
                Lihat Juga: Pembangunan IKN Jadi Pembangkit Realisasi Investasi di Kalimantan Timur
            (poe)","Senin, 28 Oktober 2024 - 20:54 WIB",nasional
Dua Minggu Indonesia Dipimpin Gibran saat Prabowo ke Luar Negeri,"JAKARTA - Indonesia akan dipimpin Wakil Presiden  Gibran Rakabuming Raka  selama sekitar dua minggu saat Presiden Prabowo Subianto ke luar negeri mulai pekan depan. Putra sulung Presiden ke-7 RI Joko Widodo (Jokowi) itu akan menjadi Pelaksana tugas (Plt) Presiden selama Prabowo di luar negeri.Menteri Sekretaris Negara (Mensesneg) Prasetyo Hadi mengonfirmasi bahwa Prabowo bakal memenuhi undangan untuk melakukan kunjungan ke luar negeri pada pekan depan. ""Minggu depan,"" ujar Prasetyo Hadi di Kompleks Istana Kepresidenan, Jakarta, Selasa (29/10/2024).Prasetyo menjelaskan beberapa agenda di luar negeri yang akan dihadiri Presiden Prabowo yakni KTT G20 Brazil hingga forum APEC. ""Ada G20, ada APEC. Sebagai kepala negara ya pasti beliau kan harus hadir,"" jelasnya.
                
                    Baca Juga
                    
                        
                    
                        
                    
                        
                            Gibran Panggil Meutya Hafid hingga Isyana Bagoes Oka, Ini yang Dibahas
                        
                    
                 Prasetyo mengungkapkan bahwa nantinya pemerintahan akan dipegang kendalinya Gibran Rakabuming Raka. ""Ya pasti dong, kan aturannya pasti begitu,"" kata Prasetyo.Sekadar informasi, Konferensi Tingkat Tinggi (KTT) Asia-Pacific Economic Cooperation (APEC) bakal digelar pada 13-16 November di Peru, sedangkan G20 di Brasil pada 18-19 November 2024.Diketahui, di era Presiden Joko Widodo (Jokowi), beberapa kali Wapres menjadi Plt Presiden selama Jokowi ke luar negeri. Jokowi pernah menerbitkan Keputusan Presiden (Keppres) Nomor 6 Tahun 2022 tentang penugasan Wakil Presiden melaksanakan tugas presiden. Tugas Presiden Jokowi digantikan sementara oleh KH Ma'ruf Amin. ""Menugaskan Wakil Presiden untuk melaksanakan tugas sehari-hari Presiden sesuai ketentuan peraturan perundang-undangan selama presiden melaksanakan kunjungan kerja dan atau kenegaraan ke Amerika Serikat pada tanggal 10 sampai dengan 16 Mei 2022 atau sampai dengan tanggal tiba kembali di Tanah Air,"" seperti dikutip Keppres tersebut, Rabu (11/5/2022).Hal tersebut dilakukan untuk menjaga lancarnya pelaksanaan pemerintahan dan tugas sehari-hari Presiden selama berlangsungnya kunjungan tersebut. ""Apabila dalam jangka waktu penugasan tersebut perlu segera ditetapkan suatu kebijakan baru Maka wakil presiden sebagai pelaksana tugas Presiden wajib terlebih dahulu berkonsultasi dan meminta persetujuan presiden,"" bunyi Keppres tersebut. Nantinya, setelah Presiden Jokowi kembali ke Tanah Air, maka penugasan berakhir dan wakil presiden segera melaporkan pelaksanaan tugas tersebut kepada presiden. Keputusan Presiden tersebut ditandatangani oleh Jokowi dan mulai berlaku pada 10 Mei 2002.
            
                Lihat Juga: Presiden Prabowo Arahkan Kabinet Pakai Mobil Buatan Lokal, Toyota Bilang Gini
            (rca)","Rabu, 30 Oktober 2024 - 14:04 WIB",nasional
"Budiman Sudjatmiko: Orang Kaya Baru Biasanya Norak, Orang Miskin Baru Biasanya Galau","JAKARTA - Kepala Badan Percepatan Pengentasan Kemiskinan Budiman Sudjatmiko menegaskan bahwa pengentasan kemiskinan menjadi prioritas pemerintah lima tahun mendatang. Menurut Budiman, orang miskin rentan guncangan mental.""Kalau orang kaya baru biasanya norak, kalau orang miskin baru biasanya galau. Nah, kita harus mengatasi yang galau-galau ini,"" ujar Budiman di Kantor Kementerian Sosial, Jakarta, Rabu (30/10/2024).Mulanya, Budiman menegaskan bahwa Presiden Prabowo Subianto telah menekankan agar kemiskinan ditekan. ""Intinya apa? Pak Prabowo menginginkan agar kemiskinan ditekan. Tapi kita ingin mengetahui berapa sebenarnya bisa kita sepakati angka kemiskinan yang memang harus dientaskan,"" katanya.Budiman mengatakan, Presiden Prabowo dalam pidato pelantikan telah mengingatkan perlu adanya bantuan teknologi untuk membuat data kemiskinan yang terintegrasi melalui Data Terpadu Kesejahteraan Sosial (DTKS) lebih presisi, lebih akurat, lebih cepat, lebih tepat.
                
                    Baca Juga
                    
                        
                    
                        
                    
                        
                            Budiman Sudjatmiko Dilantik sebagai Kepala Badan Percepatan Pengentasan Kemiskinan
                        
                    
                 ""Jadi ini perjalanan tidak berhenti di sini, tidak siang ini saja. Nanti sore dilanjutkan dan nanti saya juga akan beraudiensi dengan kementerian-kementerian dan lembaga-lembaga yang lain,"" ujarnya.Bahkan, Budiman mengatakan Presiden Prabowo juga terus memanggil para menterinya untuk rapat terbatas kabinet salah satunya dalam rangka pengentasan kemiskinan.""Mudah-mudahan dari gambaran ini, ini bisa kita jadikan referensi, kementerian-kementerian nanti dalam rapat kabinet, saya dan juga nanti Kepala Bappenas, bagaimana pengentasan kemiskinan itu harus tepat subsidinya. Alih subsidi apa saja yang dibutuhkan, yang lebih produktif, menyasar pada kaum miskin, kaum miskin ekstrem, maupun yang rentan miskin,"" ujarnya.Kata Budiman, jumlah yang rentan miskin tidak sedikit. ""Bahkan sangat banyak yang rentan miskin. Kalau rentan miskin itu juga menimbulkan guncangan mental,"" pungkasnya.
            
                Lihat Juga: Prabowo: Tak Pantas Negara Anggota G20 tapi Rakyatnya Hidup di Bawah Garis Kemiskinan
            (zik)","Rabu, 30 Oktober 2024 - 14:07 WIB",nasional
IRGC: Iran Bersiap Balas Serangan Israel dengan 1.000 Rudal,"TEHERAN - Iran diperkirakan akan membalas serangan Israel ke wilayahnya yang dianggap sebagai pelanggaran kedaulatan. Apalagi, Korps Garda Revolusi Islam (IRGC) Iran pun berjanji akan meluncurkan serangan besar-besar dengan 1.000 rudal ke wilayah Israel. Pejabat Iran mengungkapkan bahwa Pemimpin Tertinggi Iran Ali Khamenei telah memerintahkan Korps Garda Revolusi Islam (IRGC) untuk mengembangkan beberapa rencana militer guna menanggapi setiap kemungkinan serangan Israel.Pejabat tersebut mengatakan kepada media AS bahwa besarnya respons Iran akan sebanding dengan tingkat kerusakan yang mungkin ditimbulkan Israel.Sputnik melaporkan, dua pejabat dari IRGC mengungkapkan bahwa rencana yang sedang dipertimbangkan termasuk meluncurkan hingga 1.000 rudal balistik ke Israel jika serangan Israel menyebabkan kerusakan parah atau kerugian manusia yang signifikan. Pejabat tersebut menjelaskan bahwa jika serangan Israel terbatas pada beberapa pangkalan militer atau depot senjata, Iran mungkin tidak akan menanggapi dengan keras.Mereka menekankan bahwa jika Israel menargetkan infrastruktur minyak, fasilitas energi atau situs nuklir, atau jika mereka membunuh para pemimpin Iran, hal itu pasti akan menyebabkan pembalasan yang keras.Pejabat tersebut menambahkan bahwa pilihan untuk menanggapi termasuk meningkatkan operasi oleh kelompok-kelompok pro-Iran di wilayah tersebut dan mengganggu pasokan dan pengiriman energi global.Mereka juga menekankan bahwa pasukan Iran berada dalam siaga tinggi, dengan pertahanan udara di sekitar lokasi militer dan nuklir diperkuat selama beberapa minggu terakhir untuk mengantisipasi tindakan Israel.
                
                    Baca Juga
                    
                        
                    
                        
                    
                        
                            Apa yang Jadi Target Serangan Israel di Iran?
                        
                    
                 Sementara itu, juru bicara parlemen Iran mengatakan serangan Israel terhadap negaranya merupakan kegagalan jika dibandingkan dengan serangan rudal Iran pada 1 Oktober dan berjanji bahwa Teheran akan membalas.
            
                Lihat Juga: Ada Rusia di Balik Iran Sukses Ladeni Serangan Israel","Minggu, 27 Oktober 2024 - 14:02 WIB",internasional
Israel Ancam Serang Iran Lebih Dahsyat Jika Nekat Membalas,"TEL AVIV -  Israel  telah menyampaikan peringatan kepada  Iran  melalui beberapa pihak ketiga sebelum serangan rudalnya terhadap negara Islam tersebut pada hari Sabtu. Rezim Zionis juga mengancam akan menyerang lebih dahsyat jika Teheran balas menyerang.Itu diungkap Axios, mengutip tiga sumber. Menurut media tersebut, rezim Zionis mengindikasikan jenis target yang akan diserangnya, sambil memperingatkan Teheran agar tidak membalas.Pada Sabtu pagi, juru bicara Pasukan Pertahanan Israel (IDF) Daniel Hagari mengatakan bahwa pasukan IDF sedang melakukan serangan presisi atau tepat sasaran terhadap target militer di Iran. “Operasi ini, yang diberi nama sandi “Hari-hari Pertobatan” diluncurkan sebagai tanggapan atas serangan terus-menerus selama berbulan-bulan dari rezim di Iran terhadap Negara Israel,"" katanya.
                
                    Baca Juga
                    
                        
                    
                        
                    
                        
                            Militer Israel Ungkap Serangan ke Iran Berakhir setelah 3 Gelombang Gempuran
                        
                    
                 ""Israel telah menjelaskan kepada Iran sebelumnya apa yang akan mereka serang secara umum dan apa yang tidak akan mereka serang,"" tulis Axios dalam laporannya, Minggu (27/10/2024). Media Amerika Serikat tersebut menegaskan bahwa hal itu mencerminkan upaya untuk membatasi pertukaran serangan yang sedang berlangsung antara Israel dan Iran dan mencegah eskalasi yang lebih luas. Menurut laporan tersebut, Israel juga memperingatkan Republik Islam tersebut agar tidak menanggapi serangannya, dengan mengancam serangan yang lebih dahsyat jika Teheran benar-benar membalas. Laporan Axios mengeklaim bahwa Menteri Luar Negeri Belanda Caspar Veldkamp adalah salah satu saluran yang digunakan oleh Israel untuk menyampaikan pesannya kepada Iran. Dalam sebuah posting di X pada hari Jumat, diplomat tersebut mengonfirmasi bahwa dia telah berbicara dengan Menteri Luar Negeri Iran Abbas Araghchi tentang perang dan meningkatnya ketegangan di kawasan tersebut. Veldkamp menambahkan bahwa dia telah mendesak Teheran untuk menahan diri. 
            
                Lihat Juga: Afsel Sodorkan Dokumen 750 Halaman Bukti Genosida Israel di Gaza","Minggu, 27 Oktober 2024 - 05:46 WIB",internasional
"Jika NATO Bantu Ukraina Serang Wilayah Rusia, Presiden Putin Siapkan Kejutan Khusus","MOSKOW - Presiden Vladimir Putin mengatakan pada bahwa kementerian pertahanan Rusia sedang mengupayakan berbagai cara untuk menanggapi jika Amerika Serikat dan sekutu NATO-nya membantu Ukraina menyerang jauh ke Rusia dengan rudal jarak jauh Barat.Perang Ukraina yang telah berlangsung selama 2,5 tahun telah memicu konfrontasi terbesar antara Rusia dan Barat sejak Perang Dingin, dan pejabat Rusia mengatakan perang tersebut kini memasuki fase paling berbahaya.Rusia telah memberi isyarat kepada Amerika Serikat dan sekutunya selama berminggu-minggu bahwa jika mereka memberi izin kepada Ukraina untuk menyerang jauh ke wilayah Rusia dengan rudal yang dipasok Barat, maka Moskow akan menganggapnya sebagai eskalasi besar.Putin mengatakan pada 12 September bahwa persetujuan Barat untuk langkah tersebut akan berarti ""keterlibatan langsung negara-negara NATO, Amerika Serikat, dan negara-negara Eropa dalam perang di Ukraina"" karena infrastruktur dan personel militer NATO harus dilibatkan dalam penargetan dan penembakan rudal.
                
                    Baca Juga
                    
                        
                    
                        
                    
                        
                            Bukan Sekadar Mengutuk, Hamas Minta Pemimpin Islam Ikut Bertanggung Jawab atas Genosida di Gaza
                        
                    
                 Putin mengatakan bahwa masih terlalu dini untuk mengatakan dengan tepat bagaimana Rusia akan bereaksi terhadap langkah tersebut, tetapi Moskow harus menanggapinya dengan tepat dan berbagai opsi sedang dipertimbangkan.""(Kementerian Pertahanan Rusia) sedang memikirkan cara menanggapi kemungkinan serangan jarak jauh di wilayah Rusia, mereka akan menawarkan berbagai tanggapan,"" kata Putin kepada reporter utama Kremlin di TV pemerintah Rusia, Pavel Zarubin.Dengan kemajuan Rusia yang tercepat di Ukraina timur sejak bulan-bulan pertama invasi, Presiden Ukraina Volodymyr Zelenskyy telah memohon kepada Barat untuk mengizinkan Kyiv menembak jauh ke Rusia dengan rudal Barat.Amerika Serikat belum mengatakan secara terbuka apakah akan mengizinkan Ukraina menyerang Rusia, tetapi beberapa pejabat AS sangat skeptis bahwa hal itu akan membuat perbedaan yang signifikan dalam perang.Pasukan Ukraina telah menyerang jauh ke Rusia secara teratur dengan pesawat nirawak jarak jauh.
            
                Lihat Juga: Hadapi Musuh Bersama, NATO dan UE Bentuk Gugus Tugas Baru","Minggu, 27 Oktober 2024 - 19:03 WIB",internasional
Mentan Amran Paparkan Konsep Swasembada Pangan di Retreat Kabinet Merah Putih,"JAKARTA - Menteri Pertanian (Mentan) Andi Amran Sulaiman menegaskan bahwa swasembada pangan adalah gagasan besar dari Presiden Prabowo yang akan dijalankan secara intensif untuk mewujudkan kemandirian pangan di Indonesia. Dalam menghadapi krisis pangan global dan mencapai swasembada pangan, Kementerian Pertanian (Kementan) telah menyusun langkah strategis yang tertuang dalam blueprint swasembada pangan. Hal ini disampaikan Mentan Amran saat memberikan materi program swasembada pangan bagi para menteri Kabinet Merah Putih, Sabtu (26/10/2024).Mentan Amran menjelaskan, pada 2024 Kementan telah melakukan refocusing anggaran untuk mencapai target produksi beras sebagai bagian dari upaya percepatan produksi pangan. Pemerintah melakukan refocusing anggaran sebesar Rp1,7 triliun. Optimalisasi ini memberikan dampak surplus produksi 1,13 juta ton beras dengan nilai total mencapai Rp13,57 triliun. Kebijakan yang tepat ini berhasil meningkatkan produksi beras pada Agustus-Oktober 2024 yang tercatat BPS.Selain itu, strategi intensifikasi dan ekstensifikasi pertanian untuk memastikan keberhasilan swasembada pangan, Kementan mengimplementasikan strategi intensifikasi dan ekstensifikasi lahan pertanian. Intensifikasi dilakukan dengan pemanfaatan benih unggul, distribusi pupuk yang memadai, dan program pompanisasi di beberapa daerah sentra pangan, seperti sekitar aliran Sungai Bengawan Solo, Cimanuk, dan Brantas. Kemudian, upaya optimalisasi lahan rawa seluas 360.000 hektare juga menjadi fokus utama.Di sisi lain, ekstensifikasi atau perluasan lahan pertanian ditargetkan pada cetak sawah baru seluas 3 juta hektare yang tersebar di beberapa daerah, antara lain Merauke dengan target 1 juta hektare, Kalimantan Tengah 500.000 hektare, Kalimantan Selatan 300.000 hektare, Sumatera Selatan 200.000 hektare, serta daerah lainnya seperti Kalimantan Barat, Kalimantan Timur, Aceh, dan Sumatera Utara.Revitalisasi Infrastruktur dan Transformasi Pertanian ModernKementerian Pertanian juga akan melakukan revitalisasi terhadap bendungan baru untuk mendukung pengairan yang efektif dan efisien. Di sisi lain, petani milenial dan generasi Z dilibatkan secara aktif dalam transformasi pertanian, dengan memanfaatkan potensi geografis dan topografi serta menyesuaikan dengan iklim dan budaya lokal. Beralihnya ke pertanian modern, diharapkan biaya produksi dapat ditekan hingga 50 persen dan produksi meningkat hingga 100 persen.Mentan Amran pada kesempatan ini juga memaparkan dukungan kebijakan dan program pangan bergizi. Menteri Pertanian 3 periode ini mengusulkan dukungan kebijakan tambahan untuk memperkuat swasembada pangan. Program lainnya termasuk inisiatif seperti Program Makan Siang Bergizi dan Pekarangan Pangan Bergizi yang bertujuan untuk meningkatkan kualitas pangan masyarakat.Selanjutnya, Program Mandiri Energi untuk pertanian berkelanjutan sektor pertanian, Kementan turut mengembangkan Program Mandiri Energi dengan penggunaan bahan bakar nabati B-50 menuju B-100. Langkah ini diharapkan dapat mendorong kemandirian energi serta berkontribusi pada pengurangan emisi karbon.Melalui strategi komprehensif ini, Kementan berkomitmen penuh untuk merealisasikan swasembada pangan sebagai pondasi ketahanan nasional, guna mewujudkan Indonesia yang lebih mandiri dalam memenuhi kebutuhan pangannya dan meningkatkan kesejahteraan petani.
            
                Lihat Juga: Ji Da Bin, Pemain Timnas Indonesia U20 Resmi Jadi Brand Ambassador KBstar
            (skr)","Minggu, 27 Oktober 2024 - 15:35 WIB",nasional
"Peringati HUT ke-6, GIO Apresiasi Retreat Kabinet Merah Putih oleh Presiden Prabowo","JAKARTA - Gerakan Indonesia Optimis (GIO) mengapresiasi retreat Kabinet Merah Putih di Akademi Militer (Akmil) Magelang oleh Presiden Prabowo Subianto. Kegiatan tersebut dinilai sebagai upaya menyatukan langkah, hati, dan pikiran para menteri sebelum bekerja. “Saat itu, narasi Indonesia akan bubar pada 2030. Kami merasa narasi itu akan memperburuk psikologi masyarakat. Karenanya, perlu ada wacana penyeimbang. Lalu kita kembangkan Gerakan Indonesia Optimis,” kata Pelopor GIO Ngasiman Djoyonegoro, Minggu (27/10/2024). Ngasiman Djoyonegoro yang akrab disapa Simon merupakan seorang cendekiawan muda di bidang intelijen, pertahanan, dan keamanan. Pembentukan GIO telah menciptakan momentum untuk membalikkan narasi pesimisme yang muncul menjelang Pilpres 2019. Sumber Daya Manusia (SDM) unggul dan Sumber Daya Alam Indonesia melimpah. Kinerja pemerintah dalam mengembangkan fondasi pembangunan tak kalah serius. “Modalitas inilah yang perlu dijadikan pijakan untuk memperkuat narasi optimisme di antara kehidupan masyarakat,” kata Simon. 
                
                    Baca Juga
                    
                        
                    
                        
                    
                        
                            Retreat Kabinet Merah Putih di Akmil, AHY: Pak Prabowo Ingin Pemerintahannya Solid
                        
                    
                 Upaya membangun optimisme itu salah satu dengan menginventarisasi modalitas yang didokumentasikan dalam buku Indonesia Optimis.“Syukurlah saat ini situasi telah banyak berubah. Presiden Prabowo dengan Kabinet Merah Putih, saya kira memberikan perspektif optimisme dalam menjalankan pemerintahan selama lima tahun ke depan. Merah Putih menggambarkan karakter nasionalisme, patriotik, dan pengabdian kepada bangsa dan negara,” kata Simon. 
                
                    Baca Juga
                    
                        
                    
                        
                    
                        
                            Prabowo Gembleng Menteri di Akmil, Luhut: Ingin Pembantunya Tanggap, Tanggon, Trengginas
                        
                    
                 Kegiatan HUT Gerakan Indonesia Optimis ke-6 bertepatan dengan hari terakhir Retreat Magelang yang diikuti oleh seluruh jajaran kabinet baru Presiden Prabowo. Kegiatan ini dinilai sejumlah pihak sangat penting sebagai upaya untuk menyatukan langkah, hati dan pikiran jajaran Kabinet Merah Putih sebelum bekerja. Simon mengapresiasi kegiatan Retreat Magelang oleh Presiden Prabowo tersebut. Karena optimisme dapat diraih dengan semangat kebersamaan, dedikasi, dan kesetiaan mutlak kepada bangsa dan negara, sebagaimana tujuan yang hendak dicapai dalam kegiatan tersebut.
            
                Lihat Juga: Dua Minggu Indonesia Dipimpin Gibran saat Prabowo ke Luar Negeri","Minggu, 27 Oktober 2024 - 16:23 WIB",nasional
Kenapa Banyak Pihak Menolak Hasil Pemilu Georgia? Ada Dugaan Campur Tangan Rusia,"MOSKOW - Hasil Pemilu Georgia 2024 mendapat penolakan dari sejumlah pihak. Menyikapi hasil yang diduga penuh kecurangan itu, ribuan orang berunjuk rasa di luar gedung parlemen Georgia di Tbilisi pada Senin, (28/10/2024).Aksi protes tersebut berlangsung setelah partai yang berkuasa di negara itu, Georgian Dream, keluar sebagai pemenang pemilihan umum. Sementara itu, partai oposisi yang didukung negara-negara Barat menyerukan penyelidikan menyeluruh terhadap hasil pemilihan umum yang dituding menyimpan kecurangan.Reuters melaporkan Georgian Dream memperoleh hampir 54% suara. Namun, sejumlah pihak dari kalangan partai oposisi memprotes hasil tersebut karena ada laporan pelanggaran yang signifikan.Kenapa Banyak Pihak Menolak Hasil Pemilu Georgia?Salah satu penolakan hasil Pemilu Georgia 2024 datang dari Presiden Georgia yang pro-Barat, Salome Zourabichvili. Ia telah mengumumkan tidak akan mengakui hasil pemilihan parlemen baru-baru ini karena menuding adanya campur tangan Rusia yang bertujuan mengonsolidasikan pengaruhnya di Georgia.Berbicara dari Istana Kepresidenan, Zourabichvili mengutuk proses pemilu tersebut. Ia juga menggambarkannya sebagai ""perang hibrida"" dan menyebutnya sebagai bagian dari strategi Rusia dalam memperluas jangkauannya ke dalam politik Georgia.Zourabichvili bahkan menyerukan kepada warga Georgia untuk turun ke jalan dan berunjuk rasa di pusat ibu kota, Tbilisi. Ia ingin agar masyarakat mendukung penuh keputusannya dan mengumumkan kepada dunia bahwa Georgia tidak mengakui pemilu ini.Sebelum hasil pemilu keluar, banyak warga Georgia memandang pemungutan suara tersebut berstatus referendum yang akan menentukan jalan bagi hubungan negaranya di masa depan, baik menuju Rusia atau Uni Eropa. 
            
                Lihat Juga: Putin Harap NATO Mendengar Peringatannya soal Risiko Serangan Rudal Jarak Jauh Ukraina","Rabu, 30 Oktober 2024 - 11:49 WIB",internasional
"3 Provinsi Iran yang Diserang Israel, Salah Satunya Bekas Situs Senjata Nuklir","JAKARTA - Militer  Iran  mengakui ada beberapa titik di tiga provinsi yang diserang  Israel  pada Sabtu pekan lalu. Citra satelit juga mengonfirmasi titik-titik target yang digempur jet-jet tempur Zionis.Serangan udara Zionis melibatkan 100 pesawat, termasuk jet tempur siluman F-35.Staf Umum Angkatan Bersenjata Iran mengatakan pesawat-pesawat Israel menyerang melalui wilayah udara Irak yang dikendalikan Amerika Serikat, dan tidak memasuki wilayah udara Iran.Namun, laporan Iran International menyebutkan bahwa jet-jet tempur siluman F-35 Adir Israel untuk pertama kalinya memasuki wilayah udara Iran dan mengebom target di sekitar Teheran.
                
                    Baca Juga
                    
                        
                    
                        
                    
                        
                            CNN Sebut Jet Tempur Israel Terobos Langit Iran, Beda dengan Klaim Teheran
                        
                    
                 Laporan CNN juga menyatakan beberapa pesawat Zionis memasuki wilayah udara Iran, tapi tidak merinci jenis pesawat tersebut.Staf Umum Angkatan Bersenjata Iran meremehkan dampak serangan Israel dengan mengeklaim gempuran udara tersebut hanya menimbulkan dampak kerusakan kecil, yakni merusak beberapa radar sistem pertahanan udara. Namun, militer Iran mengakui empat tentaranya tewas.3 Provinsi Iran yang Diserang Israel1. Provinsi Teheran-Pangkalan militer Parchin, yang sebelumnya disebut menjadi tempat pengembangan senjata nuklir bagian dari proyek yang dikenal sebagai Rencana Ahmad. Iran membantah mengembangkan senjata semacam itu. Ada tiga bangunan di lokasi ini yang diserang, termasuk fasilitas propelan padat untuk rudal.-Situs Khojir, yang menurut citra satelit yang dianalisis para pakar, merupakan lokasi produksi rudal.-Kompleks militer Modares, tempat produksi rudal.2. Provinsi Khuzestan-Situs Hujir, tempat bangunan yang digunakan untuk mencampur bahan bakar untuk rudal balistik.-Kompleks petrokimia Bandar Imam Khomeini, situs yang berdekatan dengan kilang minyak Abadan. Yang diserang Israel adalah sistem pertahanan udara pelindung situs energi tersebut.3. Provinsi Ilam-Situs Tange Bijar, tempat sistem pertahanan udara pelindung kilang untuk ladang gas diserang.
            
                Lihat Juga: Iran Incar Kapal Induk AS di Timur Tengah
            (mas)","Senin, 28 Oktober 2024 - 15:01 WIB",internasional
3 Alasan PM Netanyahu Lebih Pilih Donald Trump untuk Menang Pemilu,"GAZA - Perdana Menteri (PM) Israel Benjamin Netanyahu diprediksi akan mendukung Donald Trump pada pemilu presiden Amerika Serikat, dibandingkan Kamala Harris. Itu tidak lain karena hubungan personal Netanyahu dengan Trump yang sangat dekat.3 Alasan PM Netanyahu Lebih Pilih Donald Trump untuk Menang Pemilu1. Trump Memiliki Pendekatan yang Lebih Lunak kepada IsraelAviv Bushinsky, seorang komentator politik dan mantan kepala staf Netanyahu, mengatakan kepada kantor berita AFP bahwa ""pengalaman Netanyahu dengan Partai Republik sangat bagus... tidak seperti dengan Partai Demokrat yang jauh lebih keras padanya"".Komentar Bushinsky muncul setelah Trump berbicara tentang hubungan pribadinya yang dekat dengan perdana menteri Israel tersebut pada sebuah rapat umum di Georgia pada hari Rabu.""Kami memiliki hubungan yang sangat baik,"" kata Trump, yang bertemu dengan Netanyahu di kediamannya di Florida pada bulan Juli. ""Kami akan bekerja sama dengan mereka dengan sangat erat.""Hal-hal positif tersebut akan lebih besar daripada kekhawatiran apa pun, kata Bushinsky.""Saya pikir Netanyahu akan bersedia mengambil risiko ketidakpastian Trump,"" katanya.
                
                    Baca Juga
                    
                        
                    
                        
                    
                        
                            IRGC: Iran Bersiap Balas Serangan Israel dengan 1.000 Rudal
                        
                    
                 2. Trump Lebih Populer di Kalangan Warga IsraelNadav Tamir, mantan diplomat Israel untuk AS, setuju, dengan mencatat bahwa Trump juga jauh lebih populer di kalangan orang Israel daripada saingannya Kamala Harris.""Di Israel, lebih dari demokrasi liberal lainnya di luar Amerika Serikat, Trump lebih populer daripada Harris,"" kata Tamir kepada AFP.3. Dekat dengan Banyak Politikus Partai RepublikBenjamin Netanyahu bersekolah di Cheltenham High School di luar Philadelphia, meraih gelar MBA di MIT, dan bekerja di Boston Consulting Group, tempat ia berteman dengan Mitt Romney. Pemuda Israel yang ambisius itu dikatakan telah mempertimbangkan untuk tetap tinggal di Amerika, memperoleh kewarganegaraan, dan mengubah namanya menjadi Ben Natan.Ia malah kembali ke Israel untuk memimpin kelompok antiterorisme dan terjun ke dunia politik.Jika ia tetap tinggal di Amerika Serikat, kemungkinan besar ia akan mengikuti jalur politik juga dan mencalonkan diri untuk jabatan, tetapi bukan presiden karena ia tidak lahir di Israel. Itu tidak menghentikannya dari berkecimpung dalam politik presidensial selama bertahun-tahun, terutama dari Partai Republik. Hal itu paling menonjol pada tahun 2012 ketika ia mendukung kolega lamanya, Romney, yang dimotivasi oleh persahabatan sekaligus permusuhan terhadap Barack Obama.""Dalam tiga pemilihan presiden sejak saat itu, Netanyahu telah mendukung Donald Trump. Mereka mungkin tidak memiliki kolegialitas seperti Bibi dan Mitt, tetapi didorong oleh kekejaman, ambisi, dan ego,"" kata Douglas Bloomfield, pengamat Israel, dilansir The Jerusalem Post.
            
                Lihat Juga: 3 Dosa Israel Terhadap Indonesia, Salah Satunya Lukai TNI
            (ahm)","Senin, 28 Oktober 2024 - 15:15 WIB",internasional
Perampasan Aset Tindak Pidana dan Pembuktian Terbalik,"Romli AtmasasmitaSETELAH Undang-Undang (UU) Tindak Pidana Korupsi (Tipikor) (1999/2001) dan UU Tindak Pidana Pencucian Uang (TPPU) (2010) diundangkan telah terbukti bahwa upaya penegakan hukum dalam pemberantasan korupsi masih mengalami hambatan, terutama dalam hal pengembalian kerugian negara dan pemulihan aset tindak pidana secara maksimal. Hal ini disebabkan di dalam Kitab Undang-Undang Hukum Acara Pidana (KUHAP) maupun di dalam UU Tipikor dan UU TPPU aquo tidak diatur secara rinci dan jelas baik mengenai hukum materiil maupun hukum formil mengenai bagaimana norma dan prosedur perampasan aset tipikor dapat dioptimalkan. Di dalam pertimbangan RUU Perampasan Aset Tindak Pidana antara lain dikemukakan bahwa, (b) perkembangan tindak pidana yang bertujuan untuk mendapatkan keuntungan ekonomis berpotensi merusak tatanan perekonomian nasional sekaligus mengurangi kemampuan Pemerintah Indonesia dalam mewujudkan kesejahteraan umum sehingga diperlukan pengaturan mengenai perampasan aset terkait dengan tindak pidana. Akan tetapi, RUU Perampasan Aset Tindak Pidana ini tidak bertujuan untuk menghukum pelaku/pemilik aset yang diduga berasal dari tindak pidana sebagaimana dikemukakan dalam Pasal 1 angka 3: Perampasan Aset Tindak Pidana yang selanjutnya disebut Perampasan Aset adalah upaya paksa yang dilakukan oleh negara untuk mengambil alih penguasaan dan/atau kepemilikan aset tindak pidana berdasarkan putusan pengadilan yang telah memperoleh kekuatan hukum tetapi tanpa didasarkan pada penghukuman terhadap pelakunya. 
                
                    Baca Juga
                    
                        
                    
                        
                    
                        
                            Perampasan Aset Tindak Pidana
                        
                    
                 Pola perampasan aset tindak pidana sebagaimana diatur di dalam RUU Perampasan Aset Tindak Pidana ini menganut perampasan aset tindak pidana, dikenal In Rem Forfeiutre, dan tidak menganut In Personam Forefeiture atau perampasan aset tindak pidana berdasarkan putusan pengadilan yang berkekuatan hukum tetap yang menjatuhkan hukuman terhadap pelaku tindak pidana/pemilik aset tindak pidana yang tidak dapat dibuktikan asal-usul perolehannya yang sah. RUU Perampasan Aset Tindak Pidana menganut pendekatan in-rem forefeiture, dalam arti yang dijadikan target adalah hanya perampasan aset tindak pidana, bukan pelaku tindak pidana yang menguasai aset tindak pidana. Perampasan aset in-rem forfeiture tidak bertujuan menghukum pelaku tindak pidananya. Pola pendekatan relatif baru di dalam RUU Perampasan Aset Tindak Pidana ini merupakan perubahan mendasar dalam strategi pemberantasan tindak pidana khususnya dalam tindak pidana korupsi yang telah berhasil dipraktikkan di negara anggota Uni Eropa dan Amerika Serikat. Perubahan tersebut juga mengakibatkan perubahan dalam hukum pidana formil, hukum acara perampasan aset tindak pidana, yaitu perampasan dilakukan berdasarkan prosedur gugatan keperdataan yang dilaksanakan oleh jaksa perdatun dan tata usaha negara (jadatun). Di dalam RUU Perampasan Aset Tindak Pidana ini, prosedur hukum acara perampasan dilakukan melalui 4 (empat) tahap yaitu: a) penelusuran, (b) penghentian transaksi, (c) pemblokiran, dan (d) penyitaan. Akan tetapi, perampasan aset tidak pidana hanya dapat dilakukan berdasarkan putusan pengadilan yang telah berkekuatan hukum tetap saja, tanpa didasarkan pada penghukuman terhadap pelakunya. Jaksa pengacara negara wajib menyampaikan dalil-dalil yang menjadi dasar permohonan dan wajib membuktikan bahwa aset yang dimohonkan untuk dirampas merupakan aset tindak pidana (Pasal 37) dan jika terdapat pihak yang berkeberatan atas pemohonan jaksa pengacara negara, diwajibkan pihak tersebut mengajukan upaya hukum perlawanan. Dalam hal alat bukti yang diatur dalam RUU Perampasan Aset Tindak Pidana, diatur ketentuan mengenai alat bukti (baru) yaitu penyataan (affidavit) dari penyedia layanan dalam hal aset yang dimohonkan berupa akun atau benda tidak berwujud seperti saham. Merujuk ketentuan Pasal 37 di atas, jelas bahwa permohonan perampasan aset tindak pidana tidak menghapuskan kewenangan penuntutan (Pasal 3) sehingga jika dalam penuntutan tindak pidana ternyata objek aset tindak pidana sama dengan aset tindak pidana yang dimohonkan untuk dirampas, maka permohonan perampasan aset tindak pidana melalui proses gugatan ditunda sampai ada putusan pengadilan yang berkekuatan hukum tetap terhadap pelakunya. 
            
                Lihat Juga: Kausa Kejahatan dan Viktimisasi","Rabu, 30 Oktober 2024 - 07:27 WIB",nasional
"6 Pati TNI Angkatan Udara Pensiun, 2 di Antaranya Marsekal Muda","JAKARTA - Sebanyak enam Perwira Tinggi (Pati) TNI Angkatan Udara (AU) pensiun pada Agustus 2024. Dua orang di antaranya berpangkat Marsekal Muda (Marsda) atau bintang 2.Sedangkan empat orang lainnya berpangkat Marsekal Pertama (Marsma) atau bintang satu. Purnatugas enam orang tersebut diumumkan di Instagram  TNI AU .“Terima Kasih atas Pengabdiannya kepada TNI Angkatan Udara,” bunyi postingan @militer.udara dikutip pada Rabu (30/10/2024).
                
                    Baca Juga
                    
                        
                    
                        
                    
                        
                            Deretan 8 Marsda yang Masuk Daftar Mutasi TNI 18 Oktober 2024
                        
                    
                 Foto enam Pati TNI AU tersebut dipajang dalam unggahan @militer.udara. “Selamat Melanjutkan Pengabdian pada bangsa dan negara di bidang lain. Semoga tetap sehat, tetap semangat dan sukses selalu. TNI Angkatan Udara - Jauh di Langit Dekat di Hati. DISPENAU@2024,” tuturnya.Berikut nama-nama enam Pati TNI AU purnatugas pada Agustus 2024:1. Marsda TNI Muh. Arief Damopolii2. Marsda TNI Maman Suherman, M.A.P.3. Marsma TNI I Nyoman Sudarsana, S.I.P., M.H., M.Tr. (Han)4. Marsma TNI Achsanul Amaly5. Marsma TNI Bejo Suprapto, S.T., M.M.6. Marsma TNI Soni Bayu Putranto.
            
                Lihat Juga: 2 Perwira Kopassus Naik Pangkat Jadi Jenderal Bintang 3 usai Dimutasi Panglima TNI
            (rca)","Rabu, 30 Oktober 2024 - 07:29 WIB",nasional
"Prabowo Diminta Merangkul Orang-orang Optimistis, Bukan Pesimistis","JAKARTA - Ketua Umum Lingkar Nusantara Hendarsam Marantoko, mengatakan bahwa Presiden  Prabowo Subianto  diharuskan untuk merangkul orang-orang yang optimistis. Hal itu perlu dilakukan demi membangun Indonesia ke arah yang lebih baik.""Memang untuk membangun suatu pemerintahan itu membutuhkan orang-orang yang optimis. Prabowo harus merangkul orang-orang yang optimis, bukan pesimis,"" ujar Hendarsam dalam acara Rakyat Bersuara di iNews, Selasa (29/10/2024).""Oleh karena itu, terlepas dari latar belakang para menteri, wakil menteri, dan susunan kabinet lainnya, perlunya dilakukan acara di Magelang kemarin itu untuk menyatukan dan mempertegas bahwa ke depannya mereka adalah satu tim,"" tambahnya.
                
                    Baca Juga
                    
                        
                    
                        
                    
                        
                            Prabowo Minta Menaker Prioritaskan Isu Pengangguran dan Penciptaan Lapangan Kerja
                        
                    
                 Sebagaimana diketahui, beberapa waktu lalu Prabowo mengundang mereka yang tergabung di Kabinet Merah Putih ke Magelang untuk berkumpul dan melakukan kegiatan ala militer. Para menteri, wakil menteri, kepala badan, dan juga presiden dan wakil presiden berkumpul selama sekitar empat hari.""Kita harus juga melihat ke belakang, beliau (Prabowo) mempelajari bahwa di pemerintah sebelumnya terjadi reshuffle itu bukan hanya disebabkan oleh masalah kinerja saja, tetapi ada menteri-menteri yang tidak ikut imamnya,"" kata Hendarsam.Menurutnya, hal-hal seperti itu yang ingin diterapkan oleh Prabowo Subianto. Hendarsam melihat bahwa Prabowo ingin adanya satu visi dan misi baik dari dirinya dan juga dengan anggota Kabinet Merah Putih.
            
                Lihat Juga: Tekad Prabowo Berantas Korupsi sampai ke Akarnya Mendapat Dukungan
            (rca)","Rabu, 30 Oktober 2024 - 08:09 WIB",nasional
"Jet Siluman F-35 Israel Dilaporkan Mengebom Iran, Serang 4 Sistem Rudal S-300, 4 Tentara Tewas","TEHERAN -  Jet-jet tempur siluman F-35  Israel dilaporkan mengebom target di atas Teheran,  Iran, untuk pertama kalinya pada hari Sabtu. Empat baterai  sistem rudal S-300  pelindung situs nuklir diserang dan korban tewas bertambah menjadi empat tentara.Pengerahan jet tempur F-35 itu diungkap sumber  Israel  kepada Iran International, Minggu (27/10/2024). Sedangkan militer Zionis merilis video pengerahan jet tempur F-15 dan F-16 dalam serangan ke Iran.Namun, Staf Umum Angkatan Bersenjata Iran mengatakan pesawat-pesawat Israel menggunakan wilayah udara yang disediakan oleh militer AS di Irak untuk meluncurkan beberapa rudal jarak jauh yang diluncurkan dari udara ke beberapa radar perbatasan di provinsi Ilam, Khuzestan, dan sekitar provinsi Teheran.Israel melancarkan serangan udara pada Sabtu dini hari sebagai balasan atas serangan rudal Teheran pada 1 Oktober, yang disebut Iran sebagai respons atas pembunuhan Israel terhadap kepala Hamas Ismail Haniyeh di Teheran, kepala Hizbullah Hassan Nasrallah di Beirut, dan seorang jenderal Korps Garda Revolusi Islam (IRGC).Serangan udara Israel hanya menargetkan situs dan fasilitas militer Iran, menyusul upaya Amerika Serikat (AS) selama berminggu-minggu untuk mencegah Zionis menargetkan infrastruktur nuklir dan energi di Iran dalam upaya untuk menghindari eskalasi konflik lebih lanjut di wilayah yang bergejolak itu.
                
                    Baca Juga
                    
                        
                    
                        
                    
                        
                            Israel Ancam Serang Iran Lebih Dahsyat Jika Nekat Membalas
                        
                    
                 Presiden AS Joe Biden pada Sabtu mengatakan tampaknya Israel hanya menyerang target militer dalam serangannya terhadap Iran, dan bahwa dia berharap itu adalah ""akhir”.Tasnim News melaporkan korban tewas akibat serangan Israel bertamah menjadi empat tentara Iran. Itu termasuk dua perwira yang bekerja di unit rudal.""Empat baterai pertahanan udara S-300 yang berada di lokasi strategis dan melindungi Teheran serta fasilitas nuklir dan energi di Iran diserang,"" tulis Axios mengutip sumber Israel , mengonfirmasi laporan sebelumnya oleh The New York Times tentang penargetan Israel terhadap sistem pertahanan buatan Rusia tersebut.Laporan tersebut juga mengatakan bahwa 12 “planetary mixer” yang merupakan komponen penting dalam program rudal balistik Iran diserang dalam serangan udara Israel. ""Planetary mixer digunakan untuk memproduksi bahan bakar padat bagi rudal balistik jarak jauh, dan penghancurannya sangat merusak kemampuan Iran untuk memperbarui persediaan rudalnya,"" imbuh laporan Axios.
            
                Lihat Juga: Perbandingan Kekuatan Militer Iran vs Indonesia","Minggu, 27 Oktober 2024 - 06:35 WIB",internasional
Kasus Suap Mantan Pejabat MA Cermin Bobroknya Peradilan,"JAKARTA - Kasus suap perkara kasasi Gregorius Ronald Tannur yang menjerat mantan pejabat Mahkamah Agung (MA) Zarof Ricar (ZR) membuka tabir praktik mafia kasus (markus) yang masih gentayangan di peradilan Indonesia.Terlebih, dari rumah ZR yang merupakan mantan Kepala Balitbang Diklat Kumdil MA itu disita uang bernilai fantastis yakni Rp920 miliar dan 51 kg emas. Tersangka diduga menerima gratifikasi mulai 2012-2022.
                
                    Baca Juga
                    
                        
                    
                        
                    
                        
                            Profil Zarof Ricar, Eks Pejabat MA Tersangka Suap Ronald Tannur dengan Barang Bukti Rp950 Miliar dan 51 Kg Emas
                        
                    
                 Wakil Ketua Dewan Pembina DPP Kongres Advokat Indonesia (KAI) Henry Indraguna menilai dengan ditetapkannya Zarof Ricar sebagai tersangka perantara suap dalam kasus Ronald Tannur (31) mencerminkan bobroknya dunia peradilan di Indonesia. Menurut pemerhati hukum ini, dengan temuan uang yang diduga hasil pengurusan perkara menunjukkan bagaimana aparat memperjualbelikan vonis hukum dengan mengebiri rasa keadilan korban dan masyarakat. “Bahkan tidak menutup kemungkinan dalam pendalaman dan penyidikan kasus ini ke depan akan terkuak siapa lagi sebagai aktor praktik suap yang sering jual-beli penyelesaian suatu perkara,” ujar Henry Indraguna yang juga Anggota Dewan Pakar Partai Golkar, Senin (28/10/2024).Menurut dia, Indonesia sudah darurat korupsi sehingga dapat menimbulkan krisis kepercayaan di masyarakat. “Ini sudah pasti membuat dinamika krisis kepercayaan di masyarakat terhadap hukum di Indonesia yang semakin akut,” ujar Doktor Hukum dari UNS Surakarta dan Universitas Borobudur Jakarta ini.Henry berharap kepada pemerintahan Prabowo-Gibran harus segera melakukan penataan sistem dan mekanisme peradilan yang terkelola secara profesional dengan menggunakan prinsip transparansi sekaligus akuntabel.“Supaya kejadian serupa tidak terulang di kemudian hari, harus ada pola rewards dan punishment. Ini harus diberikan dan diberlakukan kepada setiap hakim dan panitera serta ASN di lingkungan MA,” ucapnya. 
            
                Lihat Juga: GPA Minta Kejagung Usut Tuntas Sumber Uang Rp920 Miliar dan 51 Kg Emas Eks Pejabat MA","Senin, 28 Oktober 2024 - 21:40 WIB",nasional
"Trump Sebut Kesalahan Terbesarnya, Apa Itu?","WASHINGTON - Mantan presiden Amerika Serikat (AS) dan calon presiden dari Partai Republik Donald Trump mengatakan kepada podcaster Joe Rogan bahwa ""kesalahan terbesarnya"" adalah membuat sejumlah keputusan personel yang salah selama masa jabatannya di Gedung Putih antara tahun 2017 dan 2021.Berbicara di podcast Joe Rogan Experience, Trump bersikeras bahwa masa jabatannya sebagai presiden adalah ""kepresidenan yang hebat"", tetapi menunjukkan bahwa masa jabatannya akan lebih baik jika ia dikelilingi oleh orang-orang yang berbeda.""Kesalahan terbesar yang saya buat adalah saya memilih... beberapa orang yang seharusnya tidak saya pilih,"" katanya, dilansir RT. Ketika ditanya oleh Rogan apakah ia berbicara tentang neokonservatif, mantan presiden itu berkata: ""Ya, neokonservatif, atau orang jahat, atau orang yang tidak setia."" ""Anda membaca sedikit tentang mereka hari ini. Seorang pria seperti Kelly, yang merupakan pengganggu, tetapi orang yang lemah,"" katanya. Mantan kepala staf Trump John Kelly baru-baru ini memberikan beberapa wawancara di mana ia mengklaim bahwa, selama masa jabatannya, panglima tertingginya yang berusia 78 tahun telah memuji Hitler secara pribadi dan mengatakan ""lebih dari sekali"" bahwa pemimpin Nazi Jerman yang terkenal itu ""melakukan beberapa hal baik."" 
                
                    Baca Juga
                    
                        
                    
                        
                    
                        
                            Citra Satelit Tunjukkan Fasilitas Senjata Nuklir Iran Jadi Target Serangan Israel
                        
                    
                 Sementara tim Trump telah membantah klaim tersebut secara langsung, calon dari Partai Demokrat Kamala Harris mengambil kesempatan untuk mencap saingannya dari Partai Republik sebagai seorang ""fasis"" dan calon diktator. Pilihannya yang dipertanyakan lainnya, Trump ingat di podcast, adalah menunjuk John Bolton yang sangat agresif sebagai Penasihat Keamanan Nasionalnya, Trump mengakui. ""Bolton memang idiot, tetapi dia hebat bagi saya,"" katanya.""Dia gila, dan setiap kali saya harus berurusan dengan suatu negara - ketika mereka melihat orang gila ini berdiri di belakang saya - mereka berkata: 'Wah, Trump akan berperang dengannya,"" kata mantan presiden itu.Bolton ""bersama [Presiden AS George HW] Bush ketika mereka dengan bodohnya masuk ke Timur Tengah [pada tahun 1990]. Mereka seharusnya tidak pernah melakukannya. Saya biasa mengatakannya sebagai warga sipil,"" tambahnya.Trump memecat Bolton pada bulan September 2019 setelah 18 bulan menjabat, dengan mengatakan bahwa dia ""sangat tidak setuju dengan banyak saran [penasihat itu]."" Berbicara tentang klaim mantan kepala staf Kelly dengan CNN awal minggu ini, Bolton memperingatkan bahwa kemenangan Trump dalam pemilihan bulan depan akan ""berbahaya"" bagi Amerika.Namun, ia menolak tuduhan bahwa mantan presiden itu adalah seorang ""fasis."" Menurut sang elang, untuk menjadi seorang fasis ""Anda harus memiliki filosofi. Trump tidak mampu melakukan itu.""
            
                Lihat Juga: Lawan Serangan Siber, Militer dan Intelijen AS Gunakan Kecerdasan Buatan
            (ahm)","Minggu, 27 Oktober 2024 - 19:45 WIB",internasional
Tekad Prabowo Berantas Korupsi sampai ke Akarnya Mendapat Dukungan,"JAKARTA - Tekad Presiden  Prabowo Subianto  memberantas korupsi sampai ke akar-akarnya mendapat dukungan dari Guru Besar Hukum Tata Negara John Pieris. Terlebih, Ketua Umum Partai Gerindra itu dianggap sebagai sosok nasionalis sejati.Hal itu dikatakan John Pieris dalam acara seminar nasional terkait uji materi Pasal 2 ayat 1 dan Pasal 3 UU Tipikor dengan tema 'Tak Ada Suap, Tak Ada Korupsi'. ""Pesan saya kepada Presiden Prabowo Subianto, beri kesempatan dia untuk membenahi, berantas korupsi sampai ke akar-akarnya saya setuju, bapak jalan terus kita di belakangnya, dia nasionalis sejati,” ujar John Pieris di Universitas Kristen Indonesia (UKI), Jakarta Pusat, Selasa (29/10/2024).
                
                    Baca Juga
                    
                        
                    
                        
                    
                        
                            Menengok Pos Pengamanan Gabungan Dekat Rumah Prabowo di Hambalang
                        
                    
                 Dia menilai hukum bisa berlaku efektif jika memenuhi kejelasan dan norma hukum. Menurutnya, tidak ada orang yang tidak bersalah justru dituduhkan sebagai korupsi. ""Norma hukum harus jelas misalnya soal suap, jangan mengada-ngada itu suap kasian anak bangsa yang tidak bersalah atau mungkin salahnya sedikit dituduh sebagai koruptor, kasian kan masa depannya terancam,"" tuturnya.""Tidak boleh ada peraturan yang saling bertentangan baik vertikal maupun horizontal,"" ujarnya. 
                
                    Baca Juga
                    
                        
                    
                        
                    
                        
                            Prabowo-Gibran Diharapkan Tegas Berantas Korupsi hingga ke Akarnya
                        
                    
                 Diketahui, Pasal 2 Ayat (1) dan Pasal 3 dalam Undang-Undang Nomor 31 Tahun 1999 tentang Pemberantasan Tindak Pidana Korupsi (UU Tipikor) menjadi sorotan berbagai pihak. Penasihat Hukum Senior Maqdir Ismail menilai korupsi tidak hanya menyangkut kerugian negara. 
            
                Lihat Juga: Prabowo Diminta Merangkul Orang-orang Optimistis, Bukan Pesimistis","Rabu, 30 Oktober 2024 - 08:47 WIB",nasional
Militer Iran: Jet-jet Tempur Israel Menyerang dari Wilayah Udara Irak,"TEHERAN - Jet-jet tempur  Israel  menyerang  Iran  dengan menggunakan wilayah udara Irak yang dikontrol Amerika Serikat (AS) pada Sabtu. Demikian pernyataan militer Iran. Staf Umum Angkatan Bersenjata Republik Islam Iran mengatakan serangan militer Zionis kemarin terbatas dan menargetkan situs-situs militer.Pernyataan tersebut, yang dikeluarkan pada Sabtu malam, mengatakan jet-jet tempur Israel yang ditempatkan dalam jarak 100 kilometer dari perbatasan Iran di wilayah udara Irak yang dikontrol oleh AS telah menembakkan sejumlah rudal yang diluncurkan dari udara ke sasaran-sasaran Iran pada Sabtu dini hari.
                
                    Baca Juga
                    
                        
                    
                        
                    
                        
                            Jet Siluman F-35 Israel Dilaporkan Mengebom Iran, Serang 4 Sistem Rudal S-300, 4 Tentara Tewas
                        
                    
                 Disebutkan bahwa unit radar Iran di provinsi perbatasan Ilam dan Khuzestan dan dekat ibu kota Teheran mengalami kerusakan ""kecil dan tidak efektif"" sebagai akibat dari agresi Israel. Semua unit radar telah diperbaiki atau sedang diservis ulang.“Selama tindakan ilegal dan tidak sah ini, sejumlah besar rudal berhasil dilacak dan dideteksi dan pesawat musuh diblokir untuk memasuki wilayah udara negara ini,” kata Staf Umum Angkatan Bersenjata Iran, sepert dikutip IRNA, Minggu (27/10/2024).Staf Umum tersebut mengatakan bahwa Iran berhak untuk menanggapi agresi Zionis pada waktu yang tepat, seraya menambahkan bahwa negara itu menegaskan kembali perlunya mencapai gencatan senjata yang berkelanjutan di Gaza dan Lebanon untuk mencegah terbunuhnya orang-orang tak berdosa di wilayah tersebut.Militer Iran juga memperingatkan “pemerintah AS yang kriminal dan pembiak teroris” untuk menahan Israel atau menghadapi masalah lebih lanjut karena perang rezim Zionis tersebut di wilayah tersebut.Iran tidak merinci jenis jet tempur Israel yang dikerahkan dalam serangan kemarin. Namun, sumber Israel mengatakan kepada Iran International bahwa jet-jet tempur siluman F-35 digunakan dalam misi pengeboman di Iran.Meski demikian, militer Zionis merilis video yang menunjukkan jet-jet tempur F-15 dan F-16 dikerahkan dalam serangan terhadap Iran. Video itu menunjukkan seorang pilot tempur perempuan terlibat dalam serangan.Laporan terbaru dari Tasnim News menyebutkan korban tewas akibat serangan Israel bertambah menjadi empat tentara Iran. Itu termasuk dua perwira yang bekerja di unit rudal.
            
                Lihat Juga: Kapal Transformers Bisa Berubah Vertikal Menjadi Laboratorium Canggih","Minggu, 27 Oktober 2024 - 07:11 WIB",internasional
"Dorong Dialog Pemerintah-Generasi Muda, Angela Tanoesoedibjo: Agar Kebijakan Berpihak","JAKARTA   - Ketua Umum Partai Perindo  Angela Tanoesoedibjo  menilai perlu adanya forum-forum dialog antara pemerintah dengan generasi muda. Hal itu untuk memastikan bahwa setiap kebijakan yang diambil berpihak kepada generasi muda. Angela menyebut forum-forum dialog secara langsung sangat perlu dilakukan agar para pemangku kebijakan selain mendengar juga bertukar pikiran dengan generasi muda. ""Tidak hanya mendengarkan aspirasi generasi muda tapi kita bertukar pikiran dengan generasi muda,"" katanya di M Bloc Jakarta Selatan, Senin (29/10/2024). 
                
                    Baca Juga
                    
                        
                    
                        
                    
                        
                            Angela Tanoesoedibjo Diyakini Bisa Beri Inspirasi Kaum Perempuan Terjun ke Politik
                        
                    
                 Angela menilai jika dialog antara pemerintah dan generasi muda terjadi dan mengetahui inti permasalahan generasi muda maka arah kebijakan yang diambil pemerintah juga akan berpihak kepada kaum muda. ""Sehingga ke depannya kebijakan-kebijakan yang insyaallah akan diambil oleh pemerintah daerah di masa depan Itu bisa berpihak kepada generasi muda kita,"" jelasnya.
                
                    Baca Juga
                    
                        
                    
                        
                    
                        
                            Satu Dekade Partai Perindo, Angela Tanoesoedibjo Ajak Kader Merefleksikan Tujuan Berpolitik
                        
                    
                 Dia menilai pemerintah harus berperan aktif melibatkan pemuda dalam berbagai hal. Langkah itu diperlukan agar kepemimpinan masa depan dimiliki generasi mendatang benar benar dirasakan.""Kita sering sekali mendengar bahwa generasi muda adalah masa depan bangsa. Ini betul-betul harus kita selami bukan hanya sekadar bicara-bicara saja,"" pungkasnya.
            
                Lihat Juga: Volunteering Keberlanjutan Sumpah Pemuda di Pantai Teleng Ria Pacitan
            (cip)","Selasa, 29 Oktober 2024 - 06:03 WIB",nasional
"Setelah Diserang Israel, Khamanei Justru Luncurkan Akun Media Sosial Berbahasa Ibrani","TEHERAN - Pemimpin Tertinggi Iran , Ayatollah Khamenei, membuka akun berbahasa Ibrani X/Twitter setelah Israel meluncurkan serangan ke Teheran. .Satu-satunya unggahan akun berbahasa Ibrani Khameini.ir sejauh ini berbunyi ""Dengan menyebut nama Allah, Yang Maha Pengasih."" Khamenei memposting ulang postingan berbahasa Ibrani di akun resmi berbahasa Inggris miliknya, Khamenei.ir, yang terverifikasi dan memiliki lebih dari satu juta pengikut. Akun resmi ZAKA membalas unggahan tersebut dengan sebaris doa Kaddish Yahudi untuk orang mati, yang dapat diartikan sebagai petunjuk halus bahwa akhir Khamenei mungkin sudah dekat.
                
                    Baca Juga
                    
                        
                    
                        
                    
                        
                            IRGC: Iran Bersiap Balas Serangan Israel dengan 1.000 Rudal
                        
                    
                 Ini terjadi setelah Israel melakukan serangan terarah ke sejumlah lokasi militer Iran dalam operasi yang kemudian diberi nama ""Hari-hari Pertobatan"" pada Sabtu pagi.Serangan itu terjadi dalam tiga gelombang besar, kata pejabat AS dan Israel, dan merusak parah lokasi produksi rudal dan pesawat nirawak Iran, menghantam lebih dari 20 target, menurut Axios dan New York Times.Serangan itu sebagian sebagai respons terhadap serangan Iran terhadap Israel pada 1 Oktober, di mana Teheran mengirim 180 rudal balistik, yang menyebabkan 1.800 sirene roket berbunyi di seluruh negeri.Selain itu, New York Times melaporkan pada hari Sabtu bahwa pertempuran telah dimulai untuk menemukan pengganti Ayatollah Khamenei, 85, yang diyakini sakit parah.
            
                Lihat Juga: Ayatollah Khamenei Disebut Sakit Parah usai Serangan Israel, Faktanya Sehat Bugar
            (ahm)","Minggu, 27 Oktober 2024 - 20:10 WIB",internasional
Kadiv Humas: Kapolri Sudah Kantongi Nama Pengganti Agus Andrianto sebagai Wakapolri,"JAKARTA - Kadiv Humas Mabes Polri Irjen Pol Sandi Nugroho menyebut Kapolri Jenderal Polisi  Listyo Sigit Prabowo  telah mengantongi nama calon Wakapolri pengganti Agus Andrianto yang kini menjadi Menteri Imigrasi dan Permasyarakatan di pemerintahan Presiden Prabowo Subianto.Sandi mengatakan, nama yang sudah ada itu pun juga untuk mengisi posisi Kepala Lemdiklat Polri yang ditinggalkan Purwadi Arianto yang diangkat menjadi Wamen PAN-RB.“Untuk namanya sudah ada, namanya sudah ada. Cuma nanti yang ditunjuk Pak Kapolri siapa yang belum tahu,” kata Sandi Nugroho di Gedung The Tribrata, Dharmawangsa, Jakarta Selatan, Rabu (30/10/2024).
                
                    Baca Juga
                    
                        
                    
                        
                    
                        
                            Komjen Pol Agus Andrianto Masuk Kabinet, Kapolri Segera Tunjuk Pengganti Wakapolri
                        
                    
                 Sandi menuturkan, tidak menutup kemungkinan perwira tinggi (Pati) bintang dua dan tiga bisa menjabat sebagai Wakapolri. Dia menambahkan, yang nantinya ditunjuk sebagai Wakapolri merupakan Pati terbaik. “Nama sudah ada, bintang dua, bintang tiga itu mempunyai kesempatan yang sama untuk menjadi Wakapolri atau pun pejabat di Kalemdiklat,” ujar dia.Dia menambahkan, saat ini Kapolri tengah melihat rekam jejak dari sejumlah pejabat yang nantinya akan menjadi Wakapolri. “Yang pasti proses sedang berjalan, Bapak Kapolri juga sedang melihat rekam jejak dari masing masing pejabat tersebut dan tentunya yang terpilih adalah pati terbaik polri untuk memegang jabatan tersebut,” jelas dia.
            
                Lihat Juga: Komjen Pol Agus Andrianto Masuk Kabinet, Kapolri Segera Tunjuk Pengganti Wakapolri
            (cip)","Rabu, 30 Oktober 2024 - 14:31 WIB",nasional
"Profil Letkol Laut Romi Habe Putra, Ajudan Presiden Prabowo Berpengalaman Pimpin Kapal Perang","JAKARTA - Profil Letkol Laut (P)  Romi Habe Putra  dapat diketahui dari artikel berikut ini. Abituren Akademi Angkatan Laut (AAL) 2002 itu salah satu perwira yang diajukan sebagai  ajudan Presiden Prabowo Subianto .Total ada empat perwira yang disodorkan menjadi Ajudan Presiden Prabowo Subianto. Selain, Romi Habe Putra dari TNI AL, ada pula Kolonel Inf Wahyo Yuniartoto dari TNI AD, Kolonel Pnb Anton Pallaguna dari TNI AU, dan Kombes Pol Ahrie Sonta dari Polri.""TNI AL telah menyeleksi sejumlah kandidat terbaiknya sejak September-Oktober dari tingkat Mabes TNI Angkatan Laut kemudian Setmilpres untuk ajudan Presiden, kemudian dari rangkaian proses seleksi itu, kandidat yang terpilih dari TNI AL Letkol Laut (P) Romi Habe Putra,"" kata Kepala Dinas Penerangan Angkatan Laut (Kadispenal) Laksamana Pertama TNI I Made Wira Hady, Selasa (22/10/2024).
                
                    Baca Juga
                    
                        
                    
                        
                    
                        
                            Profil Kolonel Pnb Anton Pallaguna, Calon Ajudan Presiden Prabowo Subianto
                        
                    
                 Profil Letkol Laut (P) Romi Habe PutraRomi Habe Putra telah menyiapkan diri masuk dunia militer sejak muda. Prajurit kelahiran 1981 itu bersekolah di SMA Taruna Nusantara di Magelang, Jawa Tengah yang dikenal sebagai sekolah calon taruna. Setelah tamat, Romi melanjutkan Pendidikan ke AAL dan lulus pada 2002.Selama berkarier di TNI AL, Romi banyak memimpin kapal perang. Ia pernah menjadi Komandan KRI Sura-802 saat berpangkat Mayor Laut (P), Komandan KRI Wiratno-379, dan Komandan KRI Sultan Hasanuddin-336. Jabatan terakhir belum lama diserah-terimakan kepada Letkol Laut (P) Agung Maulana pada September lalu.Atas kinerjanya memimpin kapal perang, Romi pernah diganjar penghargaan dari Kementerian Kelautan dan Perikanan (KKP) pada 2016 dalam pemberantasan illegal fishing. KRI Sura-802 menjadi terbanyak menangkap kapal ikan asing ilegal.Karier yang diraih Romi tak lepas dari semangatnya mengikuti beragam pendidikan pengembangan diri. Antara lain mengikuti pendidikan Spesialisasi Perwira Pelaut pada 2009, mengikuti pendidikan setingkat Diklapa di Internasional Maritime Officers Course USA pada 2013, mengikuti Dikmatra-2 pada 2015, dan Australian Command Staff College pada 2018. Romi juga mengikuti Dikmatra-3 TNI AL Angkatan 12 dengan predikat lulusan terbaik.
                
                    Baca Juga
                    
                        
                    
                        
                    
                        
                            5 Fakta Menarik Ajudan Prabowo yang Baru, Hanya yang Berprestasi yang Terpilih!
                        
                    
                 Romi juga banyak mengikuti pendidikan pengembangan spesialis, antara lain QPR & Maintenance Nav Equipt, Operator/On Board Level Maintenance dan Operator Interrogator Trans. CRS, Prancis pada 2007. Setahun kemudian ia mengikuti Basic Training, STCW Table, Helicopter Landing Officer & Firefighting Course, Tacticos on Board Refresher Training, Tetral Officer & Operators Training, dan Exocet MM40 ITL 70A B2 Shipofficer di Belanda.Pada 2011, Romi mengikuti kursus perwira peperangan PWO dengan predikat lulusan terbaik. Lima tahun setelah itu, Romi juga mengikuti Maritime Operations Law Course di Australia.Penugasan yang diemban Romi tidak hanya di dalam negeri, tapi juga luar negeri. Prajurit Angkatan Laut kelahiran Bengkinang, Riau itu pernah ditugaskan di Belanda, Jerman, dan Prancis pada 2007 untuk tugas factory training Korvet Sigma. Ia juga pernah bertugas di Teluk Aden Somalia pada 2011 sebagai Liaison Officer CTF 151.Pada 2014, Romi bertugas di Inggris sebagai Cawak Kapal MRLF. Empat tahun setelahnya, Romi tugas belajar Sesko Angkatan sekaligus S-2 di ANU, Australia pada 2018.
            
                Lihat Juga: Jadi Korban Mafia Tanah, Guru Besar IPB Kirim Surat Keadilan ke Presiden Prabowo
            (abd)","Minggu, 27 Oktober 2024 - 16:28 WIB",nasional
Perbandingan Kekuatan Militer Iran vs Indonesia,"TEHERAN - Perbandingan kekuatan militer antara Iran dan Indonesia adalah topik yang menarik dan kompleks. Kedua negara memiliki sejarah, geografi, dan tantangan yang berbeda, yang mempengaruhi struktur dan kemampuan militer mereka. Berikut adalah analisis mendalam tentang kekuatan militer kedua negara:1. Kekuatan Militer IranPersonel MiliterIran memiliki sekitar 610.000 personel militer, dengan sekitar 350.000 di antaranya adalah anggota aktif. Tentara reguler terdiri dari sekitar 230.000 personel, sementara Korps Garda Revolusi Islam (IRGC) membentuk sisanya.Angkatan UdaraAngkatan udara Iran memiliki beberapa puluh pesawat serang yang berfungsi, termasuk jet Rusia dan model-model tua Amerika yang diperoleh sebelum Revolusi Islam pada tahun 1979. Iran juga memiliki satu skuadron yang terdiri dari sembilan jet tempur F-4 dan F-5, satu skuadron jet Sukhoi-24 buatan Rusia, dan beberapa pesawat MiG-29, F7, dan F14.Persenjataan RudalIran memiliki persenjataan rudal balistik yang luas yang mampu menjangkau berbagai wilayah, termasuk Israel. Meskipun teknologinya tidak secanggih persenjataan negara-negara Barat, kemampuan rudal Iran memberikan jangkauan dan ancaman yang signifikan. Iran memiliki lebih dari 3.500 rudal permukaan-ke-permukaan, beberapa di antaranya membawa hulu ledak setengah ton.
            
                Lihat Juga: 3 Dosa Israel Terhadap Indonesia, Salah Satunya Melukai Prajurit TNI di UNIFIL","Rabu, 30 Oktober 2024 - 14:00 WIB",internasional
Para Bos Teknologi Berbondong-bondong Hadiri Acara Mohammed bin Salman di Arab Saudi,"RIYADH -  Arab Saudi  akan menjadi tuan rumah bagi nama-nama besar di bidang keuangan dan teknologi dunia pada pekan depan. Acara ini menjadi tes bagi minat investor terhadap ambisi kerajaan untuk mengubah dirinya menjadi pusat global di tengah meluasnya konflik Timur Tengah.Para eksekutif internasional harus bersaing dengan kawasan yang diguncang ketegangan geopolitik, dengan ancaman konfrontasi militer lebih lanjut antara Israel dan Iran pada tingkat tertinggi dalam beberapa dekade. Mereka akan mendarat di negara yang semakin menghadapi kenyataan bahwa kekayaan minyaknya yang melimpah pun memiliki keterbatasan.
                
                    Baca Juga
                    
                        
                    
                        
                    
                        
                            Arab Saudi Buka Sindalah, Pulau Mewah NEOM Impian Pangeran Mohammed bin Salman
                        
                    
                 Namun, mereka yang akan tiba di Future Investment Initiative (FII)—yang sering dijuluki Davos di padang pasir—tampaknya tidak gentar, merasakan peluang untuk ikut serta dalam pembangunan kembali ekonomi Visi 2030 senilai triliun dolar milik Putra Mahkota Mohammed bin Salman. David Solomon dari Goldman Sachs Group Inc, Jane Fraser dari Citigroup Inc, dan Larry Fink dari BlackRock Inc telah menjadi pengunjung tetap di pertemuan puncak Riyadh dan akan kembali tahun ini.Mencerminkan fokus Arab Saudi pada teknologi dan kecerdasan buatan, mereka akan bergabung dengan nama-nama terkemuka di industri tersebut. Presiden Alphabet Inc Ruth Porat dan Kepala Eksekutif TikTok Inc Shou Chew akan berbicara di pertemuan puncak tersebut untuk pertama kalinya. Benjamin Horowitz, pengusaha teknologi dan salah satu pendiri raksasa modal ventura Andreessen Horowitz, juga akan hadir.
            
                Lihat Juga: Arab Saudi Bangun Gedung Pencakar Langit 20 Kali Lebih Tinggi dari Empire State","Senin, 28 Oktober 2024 - 15:59 WIB",internasional
Siapa yang Mengizinkan Israel Gunakan Wilayah Udara Irak untuk Menyerang Iran?,"BAGHDAD - Israel menggunakan wilayah udara Irak untuk melancarkan serangan udara ke Iran. Ternyata bukan pemerintah Irak yang mengizinkannya, tetapi militer Amerika Serikat (AS) yang membantu Israel menggunakan wilayah tersebut. Kelompok perlawanan antiteror Irak Kata'ib Hezbollah memperingatkan bahwa Amerika Serikat akan membayar harga karena membuka koridor luar angkasa bagi rezim Zionis untuk melakukan serangan udara terhadap beberapa instalasi militer di negara tetangga Iran.""AS harus bertanggung jawab atas kecerobohannya dalam mengendalikan wilayah udara di Irak. AS akan membayar harga untuk masalah ini,"" kata Kata'ib Hezbollah (Brigade Hezbollah), dilansir Press TV. ""Dengan pertolongan Tuhan, ini akan terjadi di tempat yang tepat dan pada waktu yang tepat. Zionis tidak terkecuali,” tambah pernyataan itu.Menurut Staf Umum Angkatan Bersenjata Iran, jet tempur Israel menggunakan wilayah udara yang dikontrol AS di atas Irak untuk meluncurkan rudal ke lokasi militer Iran.Menteri Luar Negeri Iran Abbas Araghchi menegaskan bahwa keterlibatan Amerika Serikat dalam tindakan agresi Israel terhadap negara itu “cukup jelas” karena telah menyediakan peralatan militer dan wilayah udara bagi rezim tersebut untuk melakukan serangan udara.Kata’ib Hezbollah mengecam serangan Israel terhadap Iran sebagai “preseden berbahaya,” menekankan bahwa “beberapa faktor yang genting harus ditangani.”“Tantangan yang paling menakutkan adalah penggunaan wilayah udara Irak untuk melancarkan serangan terhadap fasilitas Iran, yang terjadi berulang kali selama beberapa jam.“Setelah mereka (pasukan Israel) berani menyerang Iran, mereka pasti akan berani menyerang Irak jika mereka tidak membayar harga yang mahal untuk agresi mereka,” kata kelompok perlawanan Irak itu dalam pernyataannya.Kata’ib Hezbollah melanjutkan dengan mengatakan bahwa ada indikasi yang menunjukkan bahwa wilayah udara Arab Saudi dan Yordania digunakan dalam serangan Israel terhadap Iran.
            
                Lihat Juga: Ada Rusia di Balik Iran Sukses Ladeni Serangan Israel","Senin, 28 Oktober 2024 - 16:45 WIB",internasional
"7 Wakasad Era Presiden Jokowi Abituren Akmil 1980-an, Nomor 1 Pernah Jadi Ajudan SBY","JAKARTA - Sebanyak 7 Wakasad pernah bertugas di era kepemimpinan Presiden ke-7 RI Joko Widodo (Jokowi) abituren Akademi Militer (Akmil) 1980-an. Tujuh Wakasad itu mulai dari Letjen TNI (Purn) Muhammad Munir hingga Letjen TNI (Purn) Bakti Agus Fadjari.Wakasad merupakan jabatan nomor dua tertinggi di lingkungan TNI AD. Jabatan ini diemban seorang jenderal bintang 3 atau Letnan Jenderal/Letjen.
                
                    Baca Juga
                    
                        
                    
                        
                    
                        
                            Panglima TNI Mutasi 63 Perwira Tinggi AD, AL, dan AU, Ini Nama-namanya
                        
                    
                 Sepanjang riwayatnya, sudah banyak nama-nama jenderal TNI AD yang berkesempatan menyemat jabatan Wakasad. Sebagian di antaranya berada di era pemerintahan Jokowi. 7 Wakasad Era Presiden Jokowi1. Letjen TNI (Purn) Muhammad MunirLetjen TNI (Purn) Muhammad Munir merupakan purnawirawan perwira tinggi (Pati) TNI Angkatan Darat. Dia adalah abituren Akademi Militer (Akmil) 1983 dari kecabangan Infanteri.Pada catatan kariernya, Munir pernah menjabat Wakasad. Dia bertugas pada periode 2013-2015 setelah menggantikan Moeldoko.Sebelum itu, Munir pernah menyemat tugas penting lain. Salah satunya ketika ditunjuk menjadi Ajudan Presiden Susilo Bambang Yudhoyono (SBY) tahun 2004.Setelahnya, dia juga banyak menduduki posisi strategis lainnya di TNI yakni Pangdivif 2/Kostrad (2010), Pangdam III/Siliwangi (2011), hingga Pangkostrad (2012).2. Letjen TNI (Purn) M Erwin SyafitriSebelum pensiun, Erwin pernah menjabat Wakil Kepala Staf TNI Angkatan Darat (Wakasad). Posisi ini ditempati setelah menggantikan Muhammad Munir tepatnya periode 2015-2017.Pada riwayatnya, Erwin diketahui lulusan terbaik Akmil 1982. Predikat ini membuatnya berhak atas penghargaan Adhi Makayasa dan Tri Sakti Wiratama.Selain Wakasad, sejumlah posisi penting lain juga pernah diemban Erwin yakni Pangdam XVII/Cenderawasih (2012), Aspam KSAD (2012-2013), hingga Kabais TNI (2013-2015).3. Letjen TNI (Purn) Hinsa SiburianBerikutnya ada Letjen TNI (Purn) Hinsa Siburian. Dia menjadi Wakasad periode April-Oktober 2017.Melihat ke belakang, Hinsa juga diketahui menerima penghargaan Adhi Makayasa-Tri Sakti Wiratama. Predikat tersebut didapat setelah dia menjadi lulusan terbaik Akmil 1986.
            
                Lihat Juga: Rampai Nusantara Silaturahmi ke Rumah Jokowi, Apresiasi Kinerja 10 Tahun","Senin, 28 Oktober 2024 - 06:24 WIB",nasional
"Buntut Temuan Duit Zarof Ricar Hampir Rp1 Triliun, KPK Desak DPR Sahkan RUU Pembatasan Uang Kartal","JAKARTA - Komisi Pemberantasan Korupsi (KPK) mendorong DPR segera mengesahkan Rancangan Undang-Undang (RUU) Pembatasan Uang Kartal. Hal itu buntut dari penemuan uang tunai hampir Rp1 triliun yang diduga terkait suap di kediaman eks pejabat Mahkamah Agung (MA)  Zarof Ricar . Uang itu dibiarkan dalam bentuk tunai guna mengakali kewajiban penyelenggara negara dalam melaporkan harta kekayaan mereka. Akan hal itu, Juru Bicara KPK Tessa Mahardhika Sugiarto meminta DPR segera mengesahkan RUU Pembatasan Uang Kartal. ""Selain RUU Perampasan Aset, kita juga mendorong terkait Rancangan Undang-Undang Pembatasan Uang Kartal di DPR,"" kata Tessa yang dikutip Rabu (30/10/2024).
                
                    Baca Juga
                    
                        
                    
                        
                    
                        
                            Profil Zarof Ricar, Eks Pejabat MA Tersangka Suap Ronald Tannur dengan Barang Bukti Rp950 Miliar dan 51 Kg Emas
                        
                    
                 ""Informasi terakhir bahwa RUU tersebut belum menjadi prioritas oleh para wakil rakyat di Senayan,"" sambungnya. Tessa menjelaskan, dengan pengesahan RUU Uang Kartal bisa mencegah suap dengan penyerahan uang secara tunai. ""Bertujuan untuk bisa memitigasi risiko seperti yang sudah disampaikan tadi, ditemukannya suap dalam bentuk uang tunai baik itu rupiah maupun valuta asing,"" ujarnya. Diberitakan sebelumnya, Kejaksaan Agung (Kejagung) mengatakan Zarof Ricar (ZR) yang terseret dalam kasus suap vonis bebas Gregorius Ronald Tannur. Zarof Ricar juga diduga menerima gratifikasi dari pengurusan-pengurusan perkara lainnya selama dia menjabat sebagai Kapusdiklat MA.“Selain perkara permufakatan jahat, untuk melakukan suap (vonis bebas Ronald Tannur) tersebut, saudara ZR pada saat menjabat sebagai Kapusdiklat yang tadi saya katakan, menerima gratifikasi pengurusan perkara-perkara di Mahkamah Agung dalam bentuk uang, ada yang rupiah dan ada yang kaya uang asing,” kata Dirdik Jampidsus Kejagung Abdul Qohar saat konferensi pers, Jumat (25/10/2024).Dia mengatakan, pihaknya menyita barang bukti dari ZR berupa uang mencapai Rp920 miliar lebih, serta logam mulia yakni emas batangan seberat 51 kg. “Sebagaimana yang kita lihat di depan ini, yang seluruhnya jika dikonversi dalam bentuk rupiah sejumlah Rp920.912.303.714 dan emas batangan seberat 51 kilogram,” ujar dia.
            
                Lihat Juga: Mahfuf MD Bicara Zarof Ricar Bisa Jadi Pintu Masuk Bongkar Makelar Kasus Peradilan
            (rca)","Rabu, 30 Oktober 2024 - 08:56 WIB",nasional
"Tom Lembong Tersangka Kasus Impor Gula, Intip Harta Kekayaannya","JAKARTA - Mantan Menteri Perdagangan (Mendag) Thomas Trikasih Lembong alias TTL telah ditahan Kejaksaan Agung (Kejagung) usai menjadi tersangka kasus dugaan korupsi dalam kegiatan importasi gula di Kementerian Perdagangan Tahun 2015-2016. Pria yang akrab disapa  Tom Lembong  itu tercatat memiliki kekayaan mencapai Rp101.486.990.994.Jumlah tersebut tercatat pada Laporan Harta Kekayaan Penyelenggara Negara (LHKPN) yang ia laporkan pada 30 April 2020 saat menjabat Kepala Badan Koordinasi Penanaman Modal (BKPM).
                
                    Baca Juga
                    
                        
                    
                        
                    
                        
                            Profil Tom Lembong, Mantan Anak Buah Jokowi yang Jadi Tim Sukses Anies
                        
                    
                 Meski memiliki harta mencapai ratusan miliar, Thom Lembong tidak memiliki tanah dan bangunan serta alat transportasi dan mesin. Hal itu sebagaimana terekam dalam LHKPN-nya. 
                
                    Baca Juga
                    
                        
                    
                        
                    
                        
                            Pendidikan Tom Lembong, Lulusan Harvard yang Jadi Tersangka Kasus Impor Gula
                        
                    
                 Dalam catatan kekayaan penyelenggara tersebut, hartanya terdiri dari harta bergerak lainnya senilai Rp180.990.000, surat berharga Rp94.527.382.000, kas dan setara kas Rp2.099.016.322, dan harta lainnya sebesar Rp4.766.498.000.Dalam LHKPN yang dimaksud, Tom Lembong memiliki utang sebesar Rp86.895.328.
            
                Lihat Juga: Tom Lembong Tersangka Korupsi Impor Gula, Cak Imin: Saya Turut Sedih
            (rca)","Rabu, 30 Oktober 2024 - 09:12 WIB",nasional
Ini Penampakan Kerusakan Situs Rudal Iran yang Digempur Jet Tempur Israel,"TEHERAN - Citra satelit komersial menunjukkan serangan udara jet tempur  Israel pada Sabtu dini hari menghantam bangunan yang digunakan  Iran  untuk mencampur bahan bakar padat untuk rudal balistik.Citra-citra satelit itu telah dianalisis secara terpisah oleh dua peneliti Amerika Serikat (AS), sebagaimana dilansir Reuters, Minggu (27/10/2024).Dua peneliti tersebut adalah David Albright, mantan inspektur senjata PBB yang mengepalai kelompok penelitian Institut Sains dan Keamanan Internasional, dan Decker Eveleth, analis riset asosiasi di CNA, sebuah lembaga think tank di Washington.Mereka memberi tahu Reuters secara terpisah bahwa Israel menyerang Parchin, kompleks militer besar di dekat Teheran. Israel juga menyerang Khojir, menurut Eveleth, lokasi produksi rudal yang luas di dekat Teheran.
                
                    Baca Juga
                    
                        
                    
                        
                    
                        
                            Jet Siluman F-35 Israel Dilaporkan Mengebom Iran, Serang 4 Sistem Rudal S-300, 4 Tentara Tewas
                        
                    
                 Reuters melaporkan pada bulan Juli bahwa Khojir sedang mengalami perluasan besar-besaran.“Serangan Israel mungkin telah secara signifikan menghambat kemampuan Iran untuk memproduksi rudal secara massal,” kata Eveleth.Militer Israel mengatakan tiga gelombang jet Israel menyerang pabrik rudal dan lokasi lain di dekat Teheran dan di Iran barat pada Sabtu pagi sebagai balasan atas serangan Teheran pada 1 Oktober yang menembakkan hampir 200 rudal terhadap Israel.Militer Iran mengatakan pesawat tempur Israel menggunakan ""hulu ledak yang sangat ringan"" untuk menyerang sistem radar perbatasan di provinsi Ilam, Khuzestan, dan di sekitar Teheran.Eveleth mengatakan bahwa gambar dari Planet Labs, sebuah perusahaan satelit komersial, menunjukkan bahwa serangan Israel menghancurkan dua gedung di Khojir tempat bahan bakar padat untuk rudal balistik dicampur.Bangunan-bangunan itu dikelilingi oleh tanggul tanah yang tinggi, menurut gambar yang ditinjau oleh Reuters. 
            
                Lihat Juga: Netanyahu Ungkap Ingin Berdamai dengan Negara-negara Arab","Minggu, 27 Oktober 2024 - 07:54 WIB",internasional
Wamen Perlindungan PMI: Makan Siang Bergizi Upaya Siapkan Generasi Muda Berkualitas,"JAKARTA   - Program Makan Bergizi dinilai sebagai langkah nyata pemerintah untuk memastikan generasi penerus tumbuh menjadi individu yang sehat dan berkualitas. Sebab makanan yang bergizi bukan hanya sekadar memenuhi rasa lapar, tetapi juga berperan penting dalam perkembangan fisik dan mental generasi muda.Wakil Menteri Perlindungan Pekerja Migran Indonesia, Dzulfikar Ahmadi Tawalla mengatakan, dengan semakin meningkatnya tantangan global, penting bagi pemerintah untuk memastikan bahwa anak muda mendapatkan asupan nutrisi yang tepat agar dapat bersaing dan berkontribusi positif dalam masyarakat.“Pemerintah sudah berada di jalur yang benar dengan berbagai program yang mendorong keterlibatan pemuda, termasuk pemenuhan gizi yang baik dan pendidikan yang merata,” ujarnya dalam dialog Forum Merdeka Barat (FMB9) dengan tema 'Kaum Muda Menyongsong Indonesia Emas', Senin (28/10/2024). 
                
                    Baca Juga
                    
                        
                    
                        
                    
                        
                            Survei Indikator: 77,6% Masyarakat Dukung Program Makan Bergizi Gratis
                        
                    
                 Dzulfikar melanjutkan, Generasi Z, yang dikenal sebagai generasi digital native, sering menghadapi masalah kesehatan mental. Survei menunjukkan bahwa satu dari tiga remaja mengalami masalah kesehatan mental dalam 12 bulan terakhir.Hal ini menunjukkan bahwa lingkungan yang bersih dan pemenuhan gizi seimbang turut berperan penting dalam membangun mental yang tangguh. Nutrisi yang tepat dapat memengaruhi suasana hati, energi, dan kemampuan fokus, yang semuanya penting untuk prestasi akademik dan perkembangan pribadi. “Gizi yang baik tidak hanya berkontribusi pada kesehatan fisik, tetapi juga mendukung kesehatan mental dan perkembangan sosial mereka,” ujarnya.
                
                    Baca Juga
                    
                        
                    
                        
                    
                        
                            Ridwan Kamil Akan Perluas Program Makan Bergizi Gratis Prabowo di Jakarta
                        
                    
                 Menurutnya, dalam upaya menuju Indonesia Emas 2045, dibutuhkan generasi yang memiliki kompetensi, kreativitas, dan inovasi tinggi. Upaya ini dapat terpenuhi oleh generasi yang memiliki akses kepada gizi baik dan pendidikan yang merata.Selain itu, penting untuk memperhatikan bahwa Gen Z sebagai generasi paling muda dalam angkatan kerja memiliki karakteristik unik. Mereka dikenal sebagai generasi yang spontan, reaktif, dan memiliki keterbukaan pikiran yang luar biasa.Dengan demikian, memberikan kesempatan para generasi muda, termasuk Gen Z, untuk berpartisipasi aktif dalam berbagai program pemerintah dan masyarakat akan menjadi modal sangat berharga dalam menyongsong masa depan. “Ada peluang besar bagi anak muda untuk berkontribusi, termasuk dalam pemerintahan,” ujarnya.Sebagai bangsa yang berdaulat, pemerintah harus percaya dan memberikan ruang bagi Gen Z untuk berinovasi dan berkontribusi. Pemerintah juga berkomitmen untuk melibatkan anak-anak muda dalam pengambilan keputusan, termasuk dalam kebijakan yang berhubungan dengan pendidikan dan kesehatan.
            
                Lihat Juga: 5 Pekerjaan Rumah Presiden Prabowo Jaga Kedaulatan Bangsa
            (cip)","Selasa, 29 Oktober 2024 - 06:13 WIB",nasional
Rusia Janji Hancurkan Pabrik Senjata Jerman di Ukraina,"MOSKOW - Mantan Presiden Rusia Dmitry Medvedev menyindir bahwa ia mengantisipasi ""pertunjukan kembang api"" di fasilitas manufaktur senjata Rheinmetall di Ukraina. Perusahaan tersebut mengumumkan pada hari Sabtu bahwa salah satu pabrik produksi yang dibangunnya di negara tersebut untuk mendukung upaya perang Kiev sudah beroperasi.Pembuat senjata terbesar di Jerman menyelesaikan rencana untuk mendirikan usaha patungan dengan grup pertahanan milik negara Ukroboronprom awal tahun ini, untuk memproduksi amunisi artileri, kendaraan lapis baja, dan sistem pertahanan udara. Sebagai bagian dari perjanjian kemitraan, Rheinmetall, yang memproduksi berbagai macam senjata termasuk tank Leopard, menyatakan akan membangun empat pabrik di tanah Ukraina.Moskow menanggapi pengumuman tersebut dengan peringatan bahwa fasilitas tersebut dianggap sebagai ""target sah"" untuk serangan Rusia.Pada hari Sabtu, direktur Rheinmetall, Armin Papperger, mengonfirmasi bahwa ""segalanya berjalan lancar"" di Ukraina dan ""pabrik pertama sudah siap.""
                
                    Baca Juga
                    
                        
                    
                        
                    
                        
                            Citra Satelit Tunjukkan Fasilitas Senjata Nuklir Iran Jadi Target Serangan Israel
                        
                    
                 ""Kami punya banyak rencana bagus. Pabrik pertama sudah beroperasi,"" katanya saat diwawancarai saluran berita Ukraina TSN. “Industri pertahanan Ukraina adalah mitra kami.""“Saat ini, kami memiliki fasilitas produksi dan fasilitas pemeliharaan. Pada akhir tahun, kami akan memiliki kendaraan tempur infanteri Lynx tercanggih pertama di Ukraina. Saat ini, kami sedang melakukan perawatan kendaraan tempur infanteri serta tank tempur utama,” tambahnya, seraya mencatat bahwa usaha patungan tersebut telah terbukti produktif.Medvedev, yang saat ini menjabat sebagai wakil kepala Dewan Keamanan Rusia, mengomentari perkembangan tersebut, yang menyiratkan bahwa pabrik yang baru dibangun tersebut akan menjadi sasaran militer Rusia.“Perusahaan Jerman Rheinmetall telah meluncurkan pabrik militer pertama dari empat pabrik di Ukraina. Seperti yang dijanjikan sebelumnya, kami sangat menantikan 'pertunjukan kembang api' Rusia yang meriah tepat di lokasi produksi,” katanya dalam sebuah posting di X dan saluran Telegramnya, yang menyertai pesan tersebut dengan video singkat ledakan.Rheinmetall sebelumnya menyatakan bahwa konflik Ukraina telah “meningkatkan kinerja bisnis secara signifikan” dan hampir menggandakan laba operasi perusahaan pada paruh pertama tahun 2024. Perusahaan berharap untuk menerima pesanan yang melebihi €60 miliar (USD64,8 miliar) pada akhir tahun ini.Moskow telah berulang kali mengecam keterlibatan Barat dalam konflik tersebut, dengan alasan bahwa upaya untuk mendukung Kiev hanya menguntungkan kompleks industri militer dengan mengorbankan pembayar pajak UE dan AS. Rusia menegaskan bahwa tidak ada jumlah bantuan militer ke Ukraina yang akan mengubah hasil konflik dan hanya akan memperpanjang pertempuran.
            
                Lihat Juga: Putin Pegang Uang Kertas Simbolis BRICS, Menarik Perhatian Dunia
            (ahm)","Minggu, 27 Oktober 2024 - 20:53 WIB",internasional
"Survei Indikator: 77,6% Masyarakat Dukung Program Makan Bergizi Gratis","JAKARTA - Lembaga Indikator Politik Indonesia merilis survei yang menyebutkan sebanyak 77,6% masyarakat mendukung  makan siang bergizi gratis  sebagai Program unggulan Presiden Prabowo Subianto dan Wapres Gibran Rakabuming Raka.Angka ini berdasarkan survei Indikator Politik kepada 1.200 orang di Seluruh Indonesia pada 10-15 Oktober 2024 atau lima hari sebelum Prabowo dan Gibran dilantik menjadi Presiden dan Wakil Presiden periode 2024-2029. Survei nasional ini dilakukan terhadap 38 provinsi yang ada di Indonesia ini dilakukan dengan multistage random sampling dan memiliki margin of error sekitar 2,9% pada tingkat kepercayaan 95%.“Survei Indikator Politik Indonesia memperlihatkan bahwa mayoritas responden mendukung program makan bergizi gratis yang menjadi program unggulan pemerintahan Prabowo Subianto dan Gibran Rakabuming Raka,” kata Direktur Eksekutif Indikator Politik Indonesia Burhanuddin Muhtadi saat memaparkan hasil survei secara virtual, Minggu (27/10/2024).
                
                    Baca Juga
                    
                        
                    
                        
                    
                        
                            Tim Dapur Uji Coba Makan Bergizi Prabowo: Saya Membayangkan Memasak untuk Anak dan Cucu
                        
                    
                 Bahkan, sebanyak 86,5% dari responden mengatakan tahu tentang program makan bergizi gratis ini. “Tingkat awareness tinggi sekali, 86,5% orang tahu tentang program ini. Jangan lupa, ini menjadi program primadonanya Pak Prabowo kan dalam kampanye kemarin,” ucapnya. Selanjutnya, Burhanuddin mengatakan mayoritas dari para responden juga setuju terhadap program makan bergizi gratis ini. Bahkan, angkanya mencapai 77,6%. “Nah, kalau ditanya setuju atau tidak setuju terhadap program ini, memang tinggi sekali ya 77,6%,” katanya. 
                
                    Baca Juga
                    
                        
                    
                        
                    
                        
                            Prabowo: Yang Tak Dukung Program Makan Bergizi Silakan Keluar dari Pemerintahan Saya
                        
                    
                 Meski begitu, Burhanuddin mewanti-wanti jika program makan bergizi gratis ini tidak dijalankan dengan serius maka akan cepat bisa menurunkan elektoral Presiden Prabowo. “Menurut saya kalau Program MBG ini, makan bergizi gratis ini kurang meyakinkan publik itu akan cepat dampak secara elektoral keyakinan publik terhadap pak Prabowo karena tingginya awareness terhadap program ini dan yang kedua terlalu kuatnya sosialisasi program dengan Pak Prabowo.”“Tapi kalau Pak Prabowo mampu menunjukkan kepada publik bahwa pemerintah bisa melaksanakan program makan bergizi gratis secara meyakinkan, meskipun tidak bersamaan karena dananya terbatas, ya mungkin public confidence atau approval publik Pak Prabowo masih bisa bertahan,” pungkasnya.
            
                Lihat Juga: Wamentan Sudaryono Dorong Sumber Protein Alternatif untuk Makan Bergizi Gratis
            (cip)","Minggu, 27 Oktober 2024 - 16:57 WIB",nasional
Iran Incar Kapal Induk AS di Timur Tengah,"TEHERAN - Beberapa kelompok garis keras Iran telah memperingatkan bahwa kepentingan AS dapat menjadi sasaran pasukan Republik Islam jika Israel melanjutkan serangannya terhadap Iran. Mereka menegaskan bahwa Iran harus melihat ""kepentingan, sumber daya, dan personel militer"" sebagai target yang sah.Melansir Iran International, Foad Izadi, seorang komentator garis keras yang sering tampil di TV pemerintah Iran sebagai pakar Amerika Serikat, menyatakan dalam sebuah wawancara dengan situs web konservatif Nameh News: ""Serangan tidak akan berhenti kecuali Amerika Serikat menyadari bahwa serangan terhadap Iran dapat merugikan.""Izadi menambahkan, ""Terserah kita untuk memutuskan bagaimana kita ingin menghadapi [Israel dan Amerika Serikat]."" Ia melanjutkan, “Amerika, sebagai musuh bebuyutan Iran, beroperasi tanpa batasan etika. Namun, jika mereka merasa bahwa serangan Israel terhadap Iran akan merugikan AS, serangan ini akan dihentikan.”Berbicara sehari setelah serangan Israel terhadap target militer di seluruh Iran—dari ibu kota Teheran hingga Shiraz di selatan, Ahvaz, Mahshahr, dan Ilam di barat daya, serta Shahroud di timur laut, di antara lokasi lainnya—Izadi mengatakan, “Apa pun yang dilakukan, Israel dan Amerika Serikat melakukannya bersama-sama, meskipun Amerika Serikat menolak bertanggung jawab atas serangan tersebut.”Ia berpendapat bahwa jika Amerika Serikat tidak menginginkan eskalasi, mereka dapat menahan diri untuk tidak mengirim senjata dan peralatan ke Israel. Ia berkata, ""tidak seorang pun boleh mempercayai klaim Washington tentang upaya menghentikan perang di kawasan tersebut."" Sementara itu, Hossein Shariatmadari, editor harian garis keras ""Kayhan"", yang terkait erat dengan kantor Pemimpin Tertinggi Ali Khamenei, menulis komentar tajam setelah serangan Israel, memperingatkan, ""Kami melihat bagaimana Anda menghujani kami dengan [rudal]. Sekarang bersiaplah untuk banjir kami.""Shariatmadari menggarisbawahi apa yang disebutnya sebagai ""bukti tak terbantahkan"" yang membuktikan bahwa, pada kenyataannya, Amerika Serikat berdiri sebagai musuh sejati Iran. Ia mengeluarkan peringatan keras kepada ""Israel dan para pendukungnya di Amerika, Eropa, dan regional,"" dengan menjanjikan bahwa tanggapan Iran akan ""jauh lebih berat dan lebih keras daripada yang dapat mereka bayangkan.""Dalam komentarnya, Shariatmadari melabeli Israel sebagai ""sekadar kedok bagi Amerika Serikat"" dan menggambarkannya sebagai ""pasukan AS di kawasan tersebut."" Lebih jauh, ia melibatkan Washington, ""Apakah Anda benar-benar berpikir jet tempur yang meluncurkan serangan rudal ke Iran Sabtu pagi bukan buatan Amerika? Atau pilot mereka bukan orang Amerika?""Shariatmadari menyimpulkan dengan menegaskan bahwa dalam tanggapan apa pun terhadap Israel, Iran akan memperlakukan kepentingan, aset, dan personel militer AS sebagai target yang sah.Dalam perkembangan terpisah, Ketua Majelis Mohammad Bagher Ghalibaf bersumpah bahwa ""Iran pasti akan menanggapi agresi rezim Zionis."" Sementara itu, penasihat politik senior Khamenei, Ali Akbar Velayati, menolak serangan Israel sebagai ""keributan yang tidak berarti,"" menegaskan bahwa Iran tidak pernah memulai perang, adalah kekuatan internasional yang diakui, dan bahwa Israel terlalu tidak penting untuk menantangnya.
            
                Lihat Juga: Perang Melawan Israel Memanas, Iran akan Naikkan Anggaran Militer hingga 200%","Rabu, 30 Oktober 2024 - 14:20 WIB",internasional
"Apakah Israel ingin Menginvasi Iran? Bisa Jadi, Tapi Sangat Berisiko","TEL AVIV - Israel belum lama ini melancarkan serangan udara ke Iran sebagai balasan dari serangan yang dilakukan Teheran pada awal Oktober 2024. Menurut The Conversation, ini menjadi kejadian rutin dalam persaingan selama puluhan tahun antara kedua negara.Pasukan Pertahanan Israel (IDF) mengatakan pihaknya menargetkan lokasi militer di beberapa wilayah, yang salah satunya menyasar lokasi produksi rudal Iran. Serangan tersebut lantas membuat seorang warga sipil dan empat tentara tewas, menurut militer Iran.Dilansir dari BBC, serangan IDF yang terjadi dalam beberapa gelombang selama periode tiga jam, melibatkan sejumlah pesawat, termasuk jet dan drone.Gedung Putih menggambarkan serangan itu sebagai ""latihan membela diri"". Mereka juga mengatakan serangan itu tidak merusak infrastruktur minyak atau fasilitas nuklir IranSementara BBC Verify telah mengidentifikasi kerusakan di pangkalan kementerian pertahanan di sebelah timur Teheran, dan di pangkalan pertahanan udara di sebelah selatan.Kemungkinan Israel Menginvasi IranSampai saat ini Israel masih membagi dua pasukannya untuk berjaga di Gaza dan melakukan invasi ke Lebanon. Kekuatan IDF yang tengah terbagi ini tentulah tidak memungkinkan mereka melakukan invasi dalam waktu dekat.Terlebih Iran memiliki pasukan militer yang lebih mumpuni ketimbang poros mereka yang berada di Palestina, Suriah, dan Lebanon. Hal tersebut akan membuat Benjamin Netanyahu berpikir dua kali untuk melakukan invasi.Meskipun Israel kemungkinan besar akan disokong oleh Amerika Serikat, melakukan invasi ke Iran merupakan hal yang sangat berisiko bagi Israel.Jarak yang cukup jauh dengan Iran menjadi penyebab mengapa Israel hingga saat ini enggan melancarkan invasinya ke Teheran. Sebab, jika banyak pasukan militer yang ditarik menuju ke Iran, bisa jadi pasukan kelompok pejuang yang dekat dengan Tel Aviv justru akan melakukan serangan besar-besaran.
            
                Lihat Juga: Iron Dome Israel Sudah Jebol, Padahal Hizbullah Belum Gunakan Kemampuan Rudal secara Penuh","Rabu, 30 Oktober 2024 - 14:45 WIB",internasional
"Cawapres Partai Republik Tegaskan AS Seharusnya Tidak Berperang dengan Rusia, Ini Alasannya","WASHINGTON - AS tidak berperang dengan Rusia dan tidak seharusnya mencari perang. Demikian diungkapkan calon wakil presiden dari Partai Republik J.D. Vance, ketika ditanya apakah ia akan mencap Presiden Vladimir Putin sebagai ""musuh"" Amerika.Senator dari Ohio itu ditanya selama penampilannya di acara Meet the Press di NBC pada hari Minggu apakah ia melihat pemimpin Rusia itu ""sebagai sekutu atau musuh."" Putin ""jelas musuh, ia pesaing,"" tetapi Washington perlu ""cerdas dalam diplomasi juga,"" jawab Vance.""Hanya karena kita tidak menyukai seseorang bukan berarti kita tidak bisa sesekali terlibat dalam percakapan dengan mereka,"" sarannya, dilansir RT.Pembawa acara Kristen Welker mendesaknya lebih jauh mengenai apakah ia akan secara langsung menyebut Putin sebagai musuh.""Kami tidak berperang dengannya. Dan saya tidak ingin berperang dengan Rusia pimpinan Vladimir Putin,"" kata senator tersebut. ""Saya pikir kita harus mencoba mencari jalan damai.""
                
                    Baca Juga
                    
                        
                    
                        
                    
                        
                            Siapa yang Mengizinkan Israel Gunakan Wilayah Udara Irak untuk Menyerang Iran?
                        
                    
                 Logika yang sama berlaku untuk Tiongkok, kata Vance, seraya menambahkan bahwa ia menganggapnya sebagai ancaman yang lebih besar bagi kepentingan Amerika daripada Rusia. AS mungkin tidak suka harus berbicara dengan para pesaingnya, tetapi dalam kasus konflik Ukraina, penyelesaiannya akan memerlukan negosiasi, kata senator tersebut.Ketika ditanya apakah mantan Presiden Donald Trump akan mengeluarkan AS dari NATO, Vance meyakinkan bahwa ia tidak akan melakukannya. Jika calon wakil presidennya kembali menjabat, negara tersebut akan menghormati komitmennya terhadap organisasi tersebut, tetapi blok tersebut ""bukan hanya klien kesejahteraan, tetapi harus menjadi aliansi yang nyata,"" katanya. Vance merujuk pada kritik Trump atas kurangnya anggaran pertahanan oleh negara-negara anggotanya di Eropa.Moskow telah mengidentifikasi perluasan NATO di Eropa sebagai ancaman terhadap keamanan nasionalnya dan alasan utama memburuknya hubungan dengan Barat. 
            
                Lihat Juga: Ada Rusia di Balik Iran Sukses Ladeni Serangan Israel","Senin, 28 Oktober 2024 - 17:07 WIB",internasional
"Kabinet Besar, Efisiensi Wajib?","Candra Fajri Ananda Staf Khusus Menteri Keuangan RIPRESIDEN dan Wakil Presiden terpilih Indonesia untuk periode 2024 – 2029 telah resmi dilantik. Berbagai asa masyarakat dalam pembaruan kebijakan untuk menjawab tantangan domestik dan internasional pun semakin meningkat, mengharapkan pemerintahan baru mampu mengimplementasikan perubahan yang nyata, relevan, dan berkelanjutan. Tak lama pasca pelantikan, pengumuman susunan Kabinet Merah Putih pun disampaikan. Kabinet ini melibatkan lebih dari 100 pejabat penting, termasuk 53 menteri dan kepala badan, serta 56 wakil menteri. Komposisi yang luas ini diambil dari latar belakang partai koalisi, profesional, dan akademisi, mencerminkan komitmen untuk mewujudkan pemerintahan yang inklusif dan sinergis. Komposisi ini menunjukkan upaya kolaborasi antara partai politik dan pihak independen untuk mengatasi tantangan nasional yang kompleks. Pembentukan kabinet yang melibatkan berbagai latar belakang ini menjadi simbol pemerintahan yang kolaboratif dan berorientasi pada hasil. Kabinet Merah Putih – yang disebut-sebut sebagai salah satu kabinet terbesar dalam sejarah Indonesia – diharapkan dapat bekerja secara efektif untuk mencapai target-target strategis pemerintah. Pembentukan kabinet yang besar ini diharapkan dapat mendorong efisiensi pemerintahan melalui pendekatan yang lebih terintegrasi. Berangkat dari berbagai latar belakang profesional dan akademis, Kabinet Merah Putih diharapkan mampu merespons tantangan ekonomi global dan menciptakan stabilitas di dalam negeri. Pelibatan banyak profesional juga diharapkan menjadi cerminan komitmen pemerintah untuk merangkul berbagai keahlian demi memperkuat fondasi kebijakan yang berbasis bukti dan hasil yang terukur. Di tengah situasi global yang dinamis, Kabinet Merah Putih diharapkan mampu membawa perubahan positif yang signifikan bagi kesejahteraan rakyat Indonesia, mewujudkan pemerintahan yang proaktif, dan menciptakan terobosan dalam upaya memajukan Indonesia di kancah internasional.Efisiensi Anggaran Dalam Struktur Pemerintahan BaruDinamika tantang internasional dan nasional yang semakin kompleks, menuntut pemerintah Indonesia untuk beradaptasi secara cepat dan responsif. Ketidakpastian global – mulai dari perubahan geopolitik hingga perkembangan teknologi yang pesat – tampaknya memicu pemerintah untuk membentuk kementerian dan lembaga baru. Tujuannya adalah untuk memperkuat fokus pada tantangan tertentu, seperti transisi energi, digitalisasi, kemandirian pangan, dan perlindungan masyarakat rentan. Misalnya, kementerian yang berfokus pada keamanan digital dan energi baru diharapkan mampu mendukung kestabilan Indonesia di tengah ketidakpastian yang meningkat. Pun secara nasional, kebutuhan terhadap pengelolaan isu-isu strategis menuntut pembagian tugas yang lebih spesifik. Seperti pemisahan beberapa kementerian di bidang pembangunan wilayah dan transportasi memungkinkan alokasi sumber daya yang lebih tepat sasaran. Berdasarkan teori manajemen pemerintahan, struktur organisasi yang efektif harus fleksibel dan mampu menyesuaikan diri dengan dinamika lingkungan eksternal. Oleh sebab itu, penambahan lembaga yang spesifik ini diharapkan dapat mempercepat pengambilan kebijakan, memastikan bahwa setiap bidang mendapatkan perhatian sesuai prioritas dan urgensinya.Perlu menjadi perhatian pemerintah bahwa tatkala jumlah kementerian dan lembaga pemerintah bertambah, peningkatan kebutuhan pun menjadi lebih banyak. Pada kondisi tersebut, prinsip dasar pengelolaan anggaran perlu menjadi perhatian utama. 
            
                Lihat Juga: Dua Minggu Indonesia Dipimpin Gibran saat Prabowo ke Luar Negeri","Senin, 28 Oktober 2024 - 07:53 WIB",nasional
"Penjelasan Taktik Israel saat Serang Iran, Sukses atau Gagal?","TEHERAN - Taktik Israel saat serang Iran menjadi ulasan menarik untuk diketahui. Disebut sebagai balasan Tel Aviv atas serangan rudal Teheran beberapa waktu lalu, tentara Zionis melakukan penyerbuan dengan melibatkan sejumlah jet tempur dan pesawat nirawak.Serangan Israel ke wilayah Iran berlangsung pada Sabtu (26/10) dini hari. Sementara media Iran melaporkan adanya ledakan di sekitar ibu kota, Teheran, Pasukan Pertahanan Israel (IDF), tak lama berselang mengonfirmasi bahwa pihaknya bertanggung jawab atas serangan tersebut. Serangan di Teheran terjadi dalam beberapa gelombang selama periode tiga jam. Gedung Putih menggambarkan aksi itu sebagai ""latihan Israel membela diri"" dari musuh-musuhnya. Lebih jauh, taktik apa yang dipakai Israel saat menyerang Iran? Berikut penjelasannya.
                
                    Baca Juga
                    
                        
                    
                        
                    
                        
                            Siapa yang Mengizinkan Israel Gunakan Wilayah Udara Irak untuk Menyerang Iran?
                        
                    
                 Taktik Israel saat Serang IranIsrael meluncurkan serangan udara ke Iran dengan tajuk ‘Days of Repentance’ atau ‘Hari-Hari Pertobatan’. Tel Aviv dalam aksinya ini mengerahkan puluhan jet tempur dan pesawat nirawak.Pada serangan udara itu, Israel tampak memakai rute yang terlihat mudah, tetapi melibatkan perencanaan rumit. Hal ini termasuk perhitungan mengenai target serangan hingga koordinasi pesawat yang dipakai untuk melewati Yordania, Suriah, dan Irak. Strategi Israel adalah menyerang Iran dalam tiga gelombang besar. Mengutip laman Times of Israel, gelombang pertama mencari target dari udara ke permukaan seperti instalasi radar dan markas pertahanan udara Iran di Teheran, Ilam, serta Khuzestan. Target itu ditujukan guna menangguhkan kemampuan pertahanan udara Iran, baik untuk memastikan kebebasan operasi IDF hingga persiapan serangan lanjutan apabila Teheran melakukan balasan.Lanjut, gelombang kedua difokuskan pada penghancuran lokasi pembuatan drone dan rudal balistik. Tujuannya jelas untuk menghancurkan tempat atau fasilitas yang digunakan Iran untuk membuat persenjataan militer terkait.Sementara untuk gelombang ketiga, Israel menargetkan industri manufaktur militer. Sumber Israel menyebut informasi intelijen yang sangat akurat memungkinkan tentara IDF menyerang ""pabrik yang tak tergantikan"" di balik pembuatan rudal permukaan-ke-permukaan milik Iran.
            
                Lihat Juga: Iron Dome Israel Sudah Jebol, Padahal Hizbullah Belum Gunakan Kemampuan Rudal secara Penuh","Senin, 28 Oktober 2024 - 18:09 WIB",internasional
Mahfuf MD Bicara Zarof Ricar Bisa Jadi Pintu Masuk Bongkar Makelar Kasus Peradilan,"JAKARTA - Mantan Menteri Koordinator Bidang Politik, Hukum, dan Keamanan (Menko Polhukam) Mahfud MD menilai kasus dugaan korupsi yang melibatkan mantan pejabat Mahkamah Agung (MA)  Zarof Ricar  bisa jadi pintu masuk bongkar makelar kasus di sistem peradilan. Mahfud menilai, terbongkarnya kasus Zarof Ricar sangat strategis untuk mengusut kasus dugaan korupsi lain di MA. Hal itu diungkapkan Mahfud dalam podcast Terus Terang bertajuk Bongkar Makelar 1 Triliun, Stop Mafia Hukum di YouTube pribadinya yang dikutip, Rabu (30/10/2024). ""Sangat strategis, sangat strategis (kasus Zarof Ricar jadi pintu masuk bongkar makelar kasus) untuk bidang peradilan,"" tutur Mahfud.Apalagi, kata Mahfud, peradilan itu di luar dari eksekutif pemerintahan. Untuk itu, ia menuturkan, pemerintah melalui lembaga penegak hukum sulit untuk mengusut kasus korupsi sebelum terbongkar lebih dulu.
                
                    Baca Juga
                    
                        
                    
                        
                    
                        
                            Buntut Temuan Duit Zarof Ricar Hampir Rp1 Triliun, KPK Desak DPR Sahkan RUU Pembatasan Uang Kartal
                        
                    
                 ""Ketika dulu banyak korupsi di peradilan, lalu menyalahkan presiden, salahkan Menkumham, salahkan Jaksa Agung, nggak bisa, itu pengadilan sendiri kok,"" katanya.Dengan adanya kasus Zarof, ia menilai, pemerintah bisa membongkar makelar kasus di peradilan Tanah Air. Ia pun menilai Presiden Prabowo akan mudah untuk mewujudkan tekadnya yakni memberantas korupsi di Indonesia. ""Nah kalau sudah jadi kasus seperti ini, pemerintah bisa masuk melalui Kejagung. Inilah menurut saya pintu masuk kalau memang mau betul memberantas korupsi,"" kata Mahfud.""Ini untuk pengadilan sudah ada nih, mulai dari situ sekarang lacak semua yang sudah ada itu, kalau perlu perkaranya buka lagi. Bagi yang bebas, ya sudah bebas, tetapi hakim yang memutus bebas itu diadili lagi. Kalau Pak Prabowo mau ya, saya kira sudah tahu itu, Pak Prabowo bisa melakukan itu kalau mau,"" tandasnya.Sekadar informasi, Kejaksaan Agung (Kejagung) resmi menetapkan mantan pejabat Mahkamah Agung (MA) Zarof Ricar (ZR) sebagai tersangka kasus suap dan gratifikasi yang memvonis bebas Gregorius Ronald Tannur. Kejagung menyita uang tunai Rp920 miliar dan emas Antam 51 Kg dari rumah mantan Kepala Badan Diklat Hukum dan Peradilan Mahkamah Agung (MA) tersebut. Sebelumnya, tiga hakim PN Surabaya Erintuah Damanik, Heru Hanindyo, dan Mangapul juga dijadikan tersangka.“Uang 74.494.427 dollar Singapura, 1.897.362 dollar Amerika Serikat, 71.200 Euro, 483.320 dollar Hong Kong, dan Rp5.725.075.000 seperti yang disita Kejagung harus di telusuri dari mana sumbernya,” ujar Ketua Umum Pimpinan Pusat Gerakan Pemuda Al Washliyah (PP GPA), Aminullah Siagian, Sabtu (26/10/2024).
            
                Lihat Juga: Riwayat Pendidikan Haikal Hassan vs Mahfud MD, Siapa Lebih Mentereng?
            (rca)","Rabu, 30 Oktober 2024 - 09:53 WIB",nasional
"Teka-teki Iran Tak Luluh Lantak Diserang 100 Pesawat Israel, Termasuk Jet Siluman F-35","TEHERAN -  Israel  telah melancarkan gelombang serangan udara terhadap  Iran  pada Sabtu dini hari. Namun, negara Islam itu tak luluh lantak sebagaimana serangan besar Zionis di Gaza dan Lebanon.Menurut laporan The New Arab, Minggu (27/10/2024), serangan tersebut menargetkan sekitar ibu kota Iran; Teheran, serta provinsi barat daya Khuzestan dan Ilam. Laporan yang mengutip media Israel itu juga menyebutkan serangan berlangsung beberapa jam dan melibatkan lebih dari 100 jet tempur Israel, termasuk pesawat siluman F-35, serta F-16, dan F-15.Israel menggunakan rudal supersonik jarak jauh Rampage dan rudal udara-ke-permukaan jarak jauh generasi berikutnya; Rocks.Gelombang serangan pertama ditujukan pada fasilitas radar dan pertahanan udara Iran, dengan fasilitas militer, rudal, dan pesawat nirawak menjadi sasaran pada gelombang kedua dan ketiga.
                
                    Baca Juga
                    
                        
                    
                        
                    
                        
                            Jet Siluman F-35 Israel Dilaporkan Mengebom Iran, Serang 4 Sistem Rudal S-300, 4 Tentara Tewas
                        
                    
                 Jet tempur melakukan serangan dalam kelompok yang terdiri dari 25-30 unit, dalam apa yang dijuluki sebagai Operasi Hari Pertobatan. Pertahanan udara Israel dan Amerika Serikat (AS) dalam keadaan siaga tinggi, sementara 10 jet melakukan serangan terkoordinasi dan yang lainnya memberikan perlindungan.Militer Iran awalnya mengumumkan bahwa dua tentara tewas dalam serangan tersebut. Namun, Tasnim News memperbarui jumlah korban tewas menjadi empat tentara.Seorang pejabat senior AS mengatakan bahwa AS tidak ambil bagian dalam serangan luas dan presisi tersebut, namun mereka bekerja sama dengan pemerintah Israel untuk mendorong serangan berisiko rendah tanpa menimbulkan korban sipil.""Dampaknya adalah respons pembelaan diri yang proporsional. Dampaknya adalah untuk mencegah serangan di masa mendatang dan menurunkan kemampuan Iran untuk melancarkan serangan di masa mendatang,"" kata pejabat itu.Milier Israel mengatakan serangan telah ditunda beberapa kali karena kondisi cuaca, dan menyatakan mereka perlu memiliki kondisi iklim yang tepat untuk melakukan serangan terhadap Iran.“Serangan ini menyerang baterai rudal permukaan ke udara, sistem udara, dan fasilitas pembuatan rudal,” bunyi pernyataan militer Israel.
            
                Lihat Juga: Perbandingan Kekuatan Militer Iran vs Indonesia","Minggu, 27 Oktober 2024 - 08:40 WIB",internasional
"Koleksi Brevet dan Tanda Jasa Kolonel Inf. Wahyo Yuniartoto, Calon Ajudan Prabowo","JAKARTA   - Kolonel Inf. Wahyo Yuniartoto, calon ajudan Presiden Prabowo Subianto memiliki koleksi brevet dan tanda jasa bergengsi. Penghargaan tersebut diperolehnya selama mengabdi di militer. Kolonel Inf. Wahyo Yuniartoto merupakan perwira Korps Baret Merah kelahiran Purbalingga, Jawa Tengah. Dia memulai pendidikan formalnya di SD Negeri 1 Bokol, Kemangkon, Purbalingga pada 1991. Kemudian melanjutkan pendidikannya ke SMP Negeri 1 pada 1994, selanjutnya ke SMA Negeri 1 di Bukateja pada 1997.Lulus dari SMA, dia melanjutkan pendidikannya ke Akademi Militer (Akmil). Wahyo juga melanjutkan pendidikan S1, pada 2013 dari Fakultas Ekonomi di Universitas Terbuka kemudian S2 dengan mengambil Prodi Strategi Pertahanan Darat di Universitas Pertahanan (Unhan) dan lulus pada 2017. 
                
                    Baca Juga
                    
                        
                    
                        
                    
                        
                            Profil dan Biodata Kolonel Inf Wahyo Yuniartoto, Ajudan Baru Prabowo Pengganti Mayor Teddy
                        
                    
                 Abituren Akmil 2001 dari kesatuan Infanteri Kopassus ini memiliki karier yang cukup cemerlang. Berbagai jabatan strategis di militer pernah diembannya baik di pasukan elite Kopassus maupun di institusi TNI. Memulai karier militernya sebagai Perwira Pertama Pussenif, Komandan Peleton 2/Kalajengking 3 Batalyon 11 Grup 1 Kopassus, Komandan Peleton 1/Kalajengking 3 Batalyon 11 Grup 1 Kopassus. Dia kemudian dipercaya menjadi Perwira Seksi Operasi Batalyon 11 Grup 1 Kopassus, Komandan Kompi 3 Batalyon 11 Grup 1 Kopassus, Komandan Kompi 1 Batalyon 11 Grup 1 Kopassus, Perwira Seksi Intelijen Grup 1 Kopassus.
                
                    Baca Juga
                    
                        
                    
                        
                    
                        
                            Inilah 4 Ajudan Presiden Prabowo dari TNI-Polri, Berikut Nama-nama Kandidatnya
                        
                    
                 Karier militernya terus menongkat, dia kemudian diangkat menjadi Wakil Komandan Batalyon 21 Grup 2 Kopassus, selanjutnya Dandenma Grup 2 Kopassus. Pada 2015, dia diangkat menjadi Ketua Tim Pelatih Sekolah Raider dan tahun 2017 sebagai Ketua Tim Gumil/Tih di Pusdiklatpassus Kopassus.Pada 2017, dia diangkat menjadi Komandan Batalyon 14 Grup 1 Kopassus, kemudiaan Komandan Kodim 0703/Cilacap Korem 071/Wijayakusuma Kodam IV/Diponegoro dan Ketua Tim Pelatih Rindam XVIII/Kasuari. Dia kemudian mendapat kepercayaan menjadi Asisten Operasi Kopassus. Tidak lama kemudian dia diangkat sebagai Komandan Grup 2 Kopassus, Kandang Menjangan, Kartasura. Koleksi Brevet dan Tanda JasaKarena keahlian dan kemampuan milternya, Kolonel Inf. Wahyo Yuniartoto memiliki beberapa brevet militer antara lain, Brevet Kualifikasi Komando Kopassus, Brevet Free Fall, Brevet Pandu Udara, Pin Alumni Seskoad, Brevet Jungle Warfare, Brevet Para Dasar.Selain itu karena jasa dan bakti untuk bangsa dan negara mendapat tanda jasa berupa, Satya Lencana Ksatria Yudha, Satya Lencana Dharma Nusa, Satya Lencana Wira Dharma, Satya Lencana Kesetiaan VIII Tahun, Satya Lencana Kesetiaan XVI Tahun, Satya Lencana Kebaktian Sosial.Sedangkan sebagai motivator atlet nasional dan Manajer Timnas Pencak Silat mendapat Piagam Penghargaan Koni Pusat sebagai Motivator Tim Sea Games ke 28 dan Piagam Penghargaan Panglima TNI dan Kasad sebagai Manajer Tim Pencak Silat Indonesia Sea Games ke 32.
            
                Lihat Juga: Baleg DPR Usul Prolegnas Disesuaikan dengan Asta Cita Prabowo
            (cip)","Selasa, 29 Oktober 2024 - 06:19 WIB",nasional
"Indonesia Gabung BRICS Bukan Memihak Salah Satu Blok, Ini Penjelasan Menlu Sugiono","JAKARTA -  Indonesia  telah bergabung dengan  BRICS  dengan status sebagai negara mitra, belum anggota penuh. Menteri Luar Negeri (Menlu) Sugiono mengatakan masuknya Indonesia dalam kelompok ekonomi itu bukan langkah untuk memihak salah satu blok yang berseteru di dunia.""Bergabungnya Indonesia ke BRICS merupakan pengejawantahan politik luar negeri bebas aktif,"" katanya dalam sebuah pernyataan yang disampaikan Kementerian Luar Negeri Indonesia, Minggu (27/10/2024).“Bukan berarti kita ikut kubu tertentu, melainkan kita berpartisipasi aktif di semua forum,” imbuh diplomat top Indonesia yang pernah menjadi tentara pasukan khusus tersebut.
                
                    Baca Juga
                    
                        
                    
                        
                    
                        
                            Indonesia Gabung Jadi Mitra BRICS, Susul 3 Negara ASEAN Lainnya
                        
                    
                 BRICS telah mengumumkan bahwa 13 negara telah ditambahkan ke dalam aliansinya sebagai negara mitra. Ke-13 negara tersebut adalah Indonesia, Malaysia, Vietnam, Thailand, Aljazair, Belarusia, Bolivia, Kuba, Kazakhstan, Nigeria, Turki, Uganda, dan Uzbekistan. BRICS pada awalnya didirikan pada 2006 oleh Brasil, Rusia, India, dan China. Afrika Selatan bergabung pada tahun 2010, sementara Mesir, Ethiopia, Iran, dan Uni Emirat Arab (UEA ) menjadi anggota BRICS tahun ini. Aliansi ekonomi ini dipandang banyak pihak sebagai pesaing blok G7 atau negara kelompok tujuh yang didominasi Amerika Serikat dan sekutunya.Ekonomi anggota BRICS mewakili lebih dari USD28,5 triliun atau sekitar 28% dari ekonomi global. Konferensi Tingkat Tinggi (KTT) BRICS 2024 telah diadakan di Kazan, Rusia, dari 22 hingga 24 Oktober.“Kita juga melihat prioritas BRICS selaras dengan program kerja Kabinet Merah Putih, antara lain terkait ketahanan pangan dan energi, pemberantasan kemiskinan ataupun pemajuan sumber daya manusia,” imbuh Menlu Sugiono.Melalui BRICS, katanya, Indonesia ingin mengangkat kepentingan bersama negara-negara berkembang atau Global South. ""Kita lihat BRICS dapat menjadi kendaraan yang tepat untuk membahas dan memajukan kepentingan bersama Global South,"" paparnya. ""Namun kita juga melanjutkan keterlibatan atau engagement kita di forum-forum lain, sekaligus juga terus melanjutkan diskusi dengan negara maju,” imbuh dia.
            
                Lihat Juga: Kenapa Banyak Pihak Menolak Hasil Pemilu Georgia? Ada Dugaan Campur Tangan Rusia
            (mas)","Minggu, 27 Oktober 2024 - 09:17 WIB",internasional
Truk Tabrak Halte Bukti Keamanan di Israel Sangat Rapuh,"TEL AVIV - Setelah Israel menunjukkan kekuatannya dengan menyerang Iran, ternyata keamanan di negara Zionis itu sangatlah rapuh. Itu terbukti dengan adanya serangan truk tabrak halte yang mengakibatkan 50 orang Israel terluka. Ori Goldberg, komentator politik Israel, mengatakan otoritas Israel telah menyebut tabrak truk ke halte bus sebagai serangan ""teroris"", seraya menambahkan bahwa jumlah korban luka kini mencapai 50 orang.""Insiden seperti ini tidak boleh dianggap sebagai insiden yang berdiri sendiri,"" kata Goldberg. Dia menambahkan bahwa insiden itu terjadi saat empat tentara tewas di Lebanon dan saat Israel merayakan serangannya ke Iran.""Israel tidak terlalu bisa mengendalikan situasi di kedua sisi, saat menyerang Lebanon dan Gaza, dan tentu saja, di dalam negeri,"" katanya. ""Jadi insiden ini, yang terlihat cukup serius, harus diapresiasi; insiden ini harus dipertimbangkan dalam konteks semua berita ini.
                
                    Baca Juga
                    
                        
                    
                        
                    
                        
                            Hanya Perang Sandiwara, Israel Ternyata Peringatkan Iran Sebelum Melancarkan Serangan
                        
                    
                 Goldberg mengungkapkan, serangan tersebut merupakan dilema dasar Israel saat ini: apakah negara itu bangun atas dasar apa dan menyadari bahwa orang Israel tidak memiliki keamanan. ""Pada kenyataannya, bahkan keamanan pribadi lebih buruk daripada sebelumnya?"" ungkap Goldberg. Sementara itu, Menteri Keamanan Nasional Israel Itamar Ben-Gvir telah mengunjungi lokasi serangan serudukan di Glilot, Israel bagian tengah, menurut rekaman yang dipublikasikan oleh seorang koresponden Radio Angkatan Darat dan diverifikasi oleh lembaga pemeriksa fakta Al Jazeera, Sanad.Dalam klip video tersebut, seorang warga Israel terlihat meminta Ben-Gvir untuk mengusir semua keluarga penyerang, dan sang menteri menjawab: ""Dengan kehendak Tuhan, kami akan mengusir mereka. Saya hanya berharap Likud dan Bibi [Benjamin Netanyahu] bersama kami.""
            
                Lihat Juga: Netanyahu Klaim Serangan Israel Melumpuhkan Produksi Rudal Iran
            (ahm)","Minggu, 27 Oktober 2024 - 21:12 WIB",internasional
Retreat Kabinet Merah Putih di Magelang Pakai Uang Pribadi Prabowo,"MAGELANG - Presiden Prabowo Subianto merogoh koceknya pribadi untuk membiayai Retreat Kabinet Merah Putih di Akademi Militer, Magelang, Jawa Tengah.""Ya betul. Pak Prabowo yang membiayainya sendiri,"" kata Menteri Pelindungan Pekerja Migran Indonesia/Kepala BP2MI Abdul Kadir Karding, Senin (28/10/2024).
                
                    Baca Juga
                    
                        
                    
                        
                    
                        
                            Kelakar Prabowo Usai Retreat Kabinet Merah Putih: Kita Bikin Tidak Nyaman Lagi
                        
                    
                 Retreat Kabinet Merah Putih berlangsung selama tiga hari mulai dari Jumat, 25 Oktober hingga Minggu, 27 Oktober 2024 di Akmil Magelang.Pada hari pertama Retreat, para jajaran kabinet diminta bangun pagi dan mengikuti olahraga pagi. Usai olahraga, jajaran kabinet melakukan latihan baris-berbaris.Usai latihan baris-berbaris, jajaran kabinet mendapatkan arahan dari Prabowo. Beberapa menteri kabinet juga memberikan materi.Sore harinya, Prabowo, Wakil Presiden Gibran Rakabuming Raka, serta jajaran kabinet mengikuti upacara parade senja dan penurunan bendera di Akmil. Upacara berlangsung khidmat meski diguyur hujan.Malam harinya, Prabowo mengajak jajaran kabinet dan taruna yang menjadi petugas upacara untuk makan malam bersama.Hari kedua, agenda pagi masih sama seperti hari pertama. Jajaran kabinet melakukan olahraga dan latihan baris-berbaris.Setelahnya jajaran menteri mendapatkan materi dari beberapa narasumber yang di antaranya merupakan menteri Kabinet Merah Putih.Malam harinya, Prabowo mengajak jajaran kabinet menghadiri acara malam keakraban. Jajaran kabinet kompak mengenakan pakaian batik pada acara tersebut.Keesokan harinya, jajaran melakukan olahraga pagi kembali. Setelahnya Prabowo mengajak jajaran untuk sarapan bersama. Kemudian, Prabowo, Gibran, dan jajaran kabinet kembali ke Jakarta.
            
                Lihat Juga: Tiru Amerika Serikat, Istana: IG Presiden Bukan Akun Pribadi
            (jon)","Senin, 28 Oktober 2024 - 10:43 WIB",nasional
"Iran Tak Hanya Digempur Israel, 10 Polisinya Juga Tewas Disergap Kelompok Teroris","TEHERAN - Situs-situs militer  Iran  telah diserang banyak jet tempur  Israel  pada Sabtu dini hari. Pada hari yang sama, 10 petugas polisi negara Islam itu juga tewas disergap oleh apa yang digambarkan media pemerintah sebagai kelompok teroris.Kantor berita Mehr dan Tasnim melaporkan bahwa 10 petugas polisi tewas setelah kendaraan mereka disergap kelompok teroris di daerah Taftan, provinsi Sistan-Baluchistan.Tidak ada kelompok yang langsung mengaku bertanggung jawab atas serangan itu, yang terjadi sekitar 1.200 kilometer (745 mil) di tenggara Ibu Kota Iran; Teheran.
                
                    Baca Juga
                    
                        
                    
                        
                    
                        
                            Jet Siluman F-35 Israel Dilaporkan Mengebom Iran, Serang 4 Sistem Rudal S-300, 4 Tentara Tewas
                        
                    
                 Kantor berita IRNA, mengutip pernyataan polisi, juga melaporkan tewasnya 10 personel polisi dalam penyergapan kelompok teroris terhadap dua unit patroli.Sistan-Baluchistan berbatasan dengan Pakistan dan Afghanistan, dan merupakan salah satu provinsi termiskin di Republik Islam Iran.Provinsi ini merupakan rumah bagi sejumlah besar minoritas Baluch, kelompok etnis yang tersebar di Iran, Pakistan, dan Afghanistan yang mempraktikkan Islam Sunni, berbeda dengan mayoritas Iran yang mempraktikkan Islam Syiah.Provinsi ini telah mengalami bentrokan berulang antara pasukan keamanan Iran dan pemberontak dari minoritas Baluch, kelompok Sunni radikal, dan pengedar narkoba.Serangan hari Sabtu merupakan salah satu serangan paling mematikan di wilayah tersebut dalam beberapa bulan terakhir.Pada awal Oktober, sedikitnya enam orang, termasuk petugas polisi, tewas di provinsi tersebut dalam dua serangan terpisah.Kelompok ekstremis Sunni yang berbasis di Pakistan; Jaish al-Adl—Tentara Keadilan dalam bahasa Arab—mengeklaim bertanggung jawab atas dua serangan Oktober tersebut dalam sebuah pesan di Telegram.Dibentuk pada tahun 2012 oleh separatis Baluch, kelompok tersebut dianggap sebagai ""organisasi teroris"" oleh Iran dan Amerika Serikat (AS).Iran dan Pakistan sering saling menuduh mengizinkan kelompok pemberontak beroperasi dan melancarkan serangan dari wilayah masing-masing.
            
                Lihat Juga: Apakah Israel ingin Menginvasi Iran? Bisa Jadi, Tapi Sangat Berisiko
            (mas)","Minggu, 27 Oktober 2024 - 09:50 WIB",internasional
2 Perwira Kopassus Naik Pangkat Jadi Jenderal Bintang 3 usai Dimutasi Panglima TNI,"JAKARTA   - Panglima TNI Jenderal Agus Subiyanto memberikan promosi jabatan kepada dua perwira tinggi (Pati) TNI Angkatan Darat (AD). Promosi jabatan kedua Pati TNI AD tersebut merupakan bagian dari 63 perwira yang masuk dalam daftar mutasi pada Oktober 2024. Kedua perwira tinggi tersebut yakni, Mayjen TNI Rui F.G.P Duarte dan Mayjen TNI Mochammad Hasan. Menariknya, keduanya merupakan jebolan Korps Baret Merah Kopassus yang merupakan pasukan elite TNI AD. Dengan promosi jabatan tersebut, kedua perwira tersebut akan mendapat kenaikan pangkat satu tingkat lebih tinggi dari sebelumnya, menjadi Letnan Jenderal (Letjen) TNI. Keduanya masih menunggu prosesi serah terima jabatan (sertijab) sebelum resmi menyandang pangkat bintang tiga. 
                
                    Baca Juga
                    
                        
                    
                        
                    
                        
                            7 Perwira Tinggi Naik Pangkat Bintang 2 Usai Dimutasi Panglima TNI, Ini Nama-namanya
                        
                    
                 Promosi jabatan keduanya tertuang dalam dalam Surat Keputusan Panglima TNI Nomor Kep/1264/X/2024 tanggal 18 OKtober 2024 tentang Pemberhentian dari dan Pengangkatan Dalam Jabatan di Lingkungan Tentara Nasional Indonesia (TNI).“Telah resmi ditetapkan mutasi dan promosi jabatan 63 Pati (Perwira Tinggi) TNI terdiri dari: 35 Pati TNI AD, 15 Pati TNI AL, dan 13 Pati TNI AU,” ujar Kapuspen TNI Mayjen TNI Hariyanto di Jakarta, Selasa (28/10/2024).Berikut ini dua perwira Kopassus yang naik pangkat menjadi Letjen TNI.1. Mayjen TNI Mochammad HasanMayjen TNI Mochammad Hasan merupakan Jenderal Kopassus yang mendapat promosi jabatan dari Panglima TNI Jenderal Agus Subiyanto. Dalam mutasi terbaru, Panglima TNI menunjuk Mochammad Hasan menjadi Sesmenko Polhukam. Mochammad Hasan menggantikan posisi yang ditinggalkan Letjen TNI Teguh Pujo Rumekso karena dimutasi menjadi Staf Khusus KSAD Jenderal TNI Maruli Simanjuntak. Lulusan Akademi Militer (Akmil) 1989 dari kesatuan Infanteri Kopassus ini, Mochammad Hasan tercatat sebagai jenderal yang memiliki karier militer mentereng. Dia pernah menjabat sebagai Danyonif 611/Awang Long, kemudian Dandim 1013/Muara Teweh. Dia bahkan sempat bertugas di lingkaran Istana dengan menjabat Waasops Danpaspampres dan Asops Danpaspampres pada 2010 di era pemerintahan Presiden Susilo Bambang Yudhoyono (SBY). Lama bertugas di Istana, dia kemudian diangkat menjadi Danrindam IV/Diponegoro, kemudian Danrem 141/Toddopuli dan Paban 3 Tahwil Ster TNI. Kariernya terus meningkat, dia kemudian dipercaya menjadi Sekretaris Pusterad dan Kadisjasad hingga Irben Itjenad. 
            
                Lihat Juga: 3 Perwira Tinggi TNI AL Dimutasi Jadi Staf Khusus KSAL, Ini Nama-namanya","Selasa, 29 Oktober 2024 - 07:08 WIB",nasional
Ketum Partai Perindo Angela Tanoesoedibjo Ajak Generasi Muda Pandai Bersyukur,"JAKARTA   - Ketua Umum Partai Perindo Angela Tanoesoedibjo mengajak generasi muda untuk pandai bersyukur dan tidak membandingkan diri dengan orang lain. Hal paling tepat untuk perbandingan diri ialah dengan diri sendiri di masa lampau.""Bersyukur ialah modal terbesar bagi kita generasi muda,"" kata Angela menjawab pertanyaan audiens saat acara di M Blok Jakarta Selatan, Senin (29/10/2024).
                
                    Baca Juga
                    
                        
                    
                        
                    
                        
                            Dorong Dialog Pemerintah-Generasi Muda, Angela Tanoesoedibjo: Agar Kebijakan Berpihak
                        
                    
                 Selain itu, Angela menilai tidak akan ada rasa syukur dalam diri jika terus membandingkan diri dengan orang lain. ""Jangan bandingkan diri kita dengan orang lain,"" katanya. Angela memberikan saran kepada generasi muda untuk membandingkan diri dengan dirinya sendiri di masa lampau. ""Jika kita mau membandingkan diri kita, maka bandingkanlah kita dengan diri kita sendiri,"" pungkasnya.
            
                Lihat Juga: Dorong Dialog Pemerintah-Generasi Muda, Angela Tanoesoedibjo: Agar Kebijakan Berpihak
            (cip)","Selasa, 29 Oktober 2024 - 07:38 WIB",nasional
"Jika Pilot Israel Gagal saat Serang Iran, AS Sudah Siapkan Skenario Penyelamatan","GAZA - Amerika Serikat (AS) menempatkan armada jet tempur dalam keadaan siaga untuk menyelamatkan pilot Israel jika serangan Tel Aviv pada hari Sabtu terhadap Iran gagal. “Israel dan AS mengoordinasikan rencana untuk memastikan evakuasi pilot yang aman jika operasi tersebut tidak berhasil,” kata Radio Angkatan Darat Israel pada hari Minggu, dilansir Middle East Monitor. Laporan tersebut menekankan bahwa meskipun AS tidak ikut serta dalam serangan itu sendiri, armada dari Komando Pusat AS (AFCENT) siap untuk campur tangan jika diperlukan.“Kemampuan canggih Amerika di wilayah tersebut akan memungkinkan mereka untuk melakukan operasi penyelamatan,” kata laporan itu.Meskipun ada kesiapan untuk kemungkinan intervensi AS, Angkatan Udara Israel telah menyusun “rencana independen untuk penyelamatan pilot tanpa bergantung pada dukungan Amerika,” tambahnya.Israel pada hari Sabtu mengatakan telah melakukan serangan selama empat jam terhadap Iran, dengan Teheran menyatakan bahwa mereka telah berhasil menangkis “upaya entitas Zionis untuk menyerang beberapa titik di Teheran dan di seluruh negeri.”Menurut militer Iran, serangan Israel menewaskan empat tentara.Serangan ini menyusul peluncuran lebih dari 180 rudal Iran ke Israel pada 1 Oktober, yang digambarkan Teheran sebagai ""balasan"" atas pembunuhan para pemimpin tinggi kelompok Palestina Hamas dan Hizbullah Lebanon.Iran sebelumnya telah memperingatkan bahwa setiap serangan Israel akan ditanggapi dengan ""respons yang lebih keras.""Sebelumnya, ASmemainkan peran dalam serangan Israel hari Sabtu terhadap Iran.
            
                Lihat Juga: Kapal Transformers Bisa Berubah Vertikal Menjadi Laboratorium Canggih","Minggu, 27 Oktober 2024 - 22:45 WIB",internasional
4 Tentara Israel Tewas Dibantai Hizbullah saat Invasi Darat di Lebanon,"BEIRUT - Empat tentara Israel tewas dan 14 lainnya cedera di Lebanon selatan pada Minggu (27/10/2024). Itu menjadi hari terburuk sejak Israel melancarkan serangan ke Lebanon. Sebuah pernyataan militer Israel mengatakan bahwa korban tewas terjadi dalam pertempuran dengan pejuang Hizbullah di Lebanon selatan.""Lima dari tentara yang terluka berada dalam kritis,"" demikian ungkap militer Israel. Israel melancarkan serangan udara besar-besaran di Lebanon bulan lalu dalam eskalasi dari perang lintas perbatasan selama setahun antara Israel dan Hizbullah sejak dimulainya serangan brutal Israel di Jalur Gaza.
                
                    Baca Juga
                    
                        
                    
                        
                    
                        
                            Hanya Perang Sandiwara, Israel Ternyata Peringatkan Iran Sebelum Melancarkan Serangan
                        
                    
                 Lebih dari 2.650 orang telah tewas dan lebih dari 12.300 lainnya cedera dalam serangan Israel sejak tahun lalu, menurut otoritas kesehatan Lebanon.Israel memperluas konflik tahun ini dengan melancarkan serangan darat ke Lebanon selatan pada tanggal 1 Oktober.Sebelumnya, Hizbullah mengeluarkan perintah pada Sabtu malam untuk segera mengevakuasi 25 permukiman di Israel utara, memperingatkan penduduk bahwa daerah-daerah ini sekarang menjadi ""target militer yang sah.""Dalam pesan video yang diunggah di Telegram, Hizbullah berbicara langsung kepada penduduk, dengan menyatakan, ""Anda diminta untuk segera mengungsi. Permukiman Anda telah menjadi tempat penempatan dan stabilitas pasukan militer musuh yang menyerang Lebanon. Akibatnya, mereka telah menjadi target militer yang sah untuk kekuatan udara dan rudal perlawanan Islam."" Permukiman tersebut meliputi Kiryat Shmona, Yasod HaMa'ala, Ayelet HaShachar, Hatzor HaGalilit, Karmiel, Ma'alot Tarshiha, Even Menachem, Nahariya, Rosh Pina, Shamir, Sha'al, Miron, Kabri, Abirim, Dalton, Nefat Ziv, Qatzrin, Kfar Hananya, Manot, Beit HaAmik, Kfar Vradim, Harashim, Birya, Kfar Tzvi, dan Bar Yohai.
            
                Lihat Juga: Pasukan Penjaga Perdamaian PBB Terluka dalam Serangan Roket di Lebanon Selatan
            (ahm)","Minggu, 27 Oktober 2024 - 23:55 WIB",internasional
Projo Putuskan Jadi Partai Politik di Kongres ke-3 Pada Akhir Tahun 2024,"JAKARTA   - Keputusan organisasi Pro Jokowi (Projo) untuk bertransformasi menjadi partai politik akan ditentukan dalam kongres ketiga yang akan digelar pada Desember 2024. Forum itu akan membahas sejumlah kondisi dan tantangan terkini, termasuk transformasi Projo menjadi partai politik.""Jadi gini, mengenai isu transformasi Projo ke depan itu akan dibahas di kongres. Nah Kongres Projo ini, yang ke depan adalah kongres ketiga insyaallah dilaksanakan Desember 2024,"" kata Bendahara Umum Projo Panel Barus, Selasa (29/10/2024).Panel menjelaskan, kongres merupakan mekanisme organisasi yang rutin dilakukan 5 tahun sekali. Kongres, merupakan forum tertinggi pengambilan keputusan Projo. Dalam forum itu, kata dia, para pengurus Projo dari tingkat daerah hingga pusat akan membahas sejumlah isu strategis, terkhusus soal kondisi, tantangan terkini.
                
                    Baca Juga
                    
                        
                    
                        
                    
                        
                            Projo Muda Sebut Tangan Dingin Jokowi Masih Dibutuhkan Generasi Muda
                        
                    
                 ""Situasi, kondisi, tantangan, objektif itu kondisinya berbeda dengan 2019. Nah sehingga karena semuanya berubah, organisasi sebagai alat perjuangan harus adaptif, harus disesuaikan dengan kondisi dan tantangan yang berubah tadi,"" tuturnya.""Jadi tidak ada suatu hal yang diharamkan untuk membicarakan transformasi organisasi. Nah seperti apa-seperti apa transformasinya, dibahas di kongres. Kongres itu bisa membahas tentang perubahan AD-ART, kongres itu boleh bicara tentang perubahan bentuk organisasi, kongres juga akan mengangkat kepemimpinan kepengurusan baru, kongres membicarakan perubahan-perubahan strategi taktik organisasi,"" imbuhnya.
                
                    Baca Juga
                    
                        
                    
                        
                    
                        
                            41 Perwira Polisi Berpangkat Kompol Dimutasi Kapolda Metro Jaya, Ini Nama-namanya
                        
                    
                 Panel menambahkan, transformasi Projo menjadi partai politik juga merupakan kesepakatan seluruh anggota organisasi di seluruh Indonesia. Pihaknya mempertimbangkan aspirasi rakyat dalam mengubah Projo menjadi partai.""Mengenai Projo jadi partai atau tidak, itu bagaimana kehendak rakyat saja. Kenapa saya bilang kehendak rakyat? Karena pengurus-pengurus Projo di daerah, cara bertindak dan berpikirnya itu sangat dipengaruhi oleh kehendak rakyat di bawah,"" tuturnyaPanel mengatakan, Projo siap menjemput takdir. Bila rakyat menghendaki, sambungnya, Projo siap menjadi sebuah partai politik. ""Yang pasti komitmen Projo adalah mengawal, memastikan pemerintahan Prabowo Gibran solid sukses hingga akhir. Itu sudah menjadi garis kita hari ini, lalu memastikan dan membawa Indonesia kepada cita-cita Indonesia emas 2045,"" ucapnya.""Nah mengenai organisasinya, bentuknya, seperti apa, seperti apa, itu nanti didiskusikan Kongres Desember. Kongres III Desember bisa di Jakarta bisa di Solo,"" tandas Panel.
            
                Lihat Juga: Projo Deklarasi Dukung Ridwan Kamil-Suswono di Pilkada Jakarta
            (cip)","Selasa, 29 Oktober 2024 - 14:05 WIB",nasional
"Transisi Pemerintahan Baru, Momentum Merajut Perdamaian dan Persatuan Bangsa","JAKARTA - ari Santri Nasional 2024 dan pelantikan Presiden dan Wakil Presiden RI Periode 2024-2029 Prabowo Subianto-Gibran Rakabuming Raka menjadi momentum yang dapat dijadikan sebagai langkah awal mewujudkan rekonsiliasi di masyarakat. Hal ini sangat penting mengingat perbedaan pandangan politik selama proses Pemilu sebelumnya, berpotensi menimbulkan polarisasi di kalangan masyarakat. Periode awal kepemimpinan transisi ini menjadi momen krusial untuk membangun kembali persatuan antara berbagai elemen bangsa.Wakil Ketua Komisi Dakwah Majelis Ulama Indonesia (MUI), Habib Nabiel Almusawa mengungkapkan pentingnya menjaga persatuan dan kesatuan pascapelantikan Presiden RI beserta jajarannya. Menurutnya, menjaga persatuan dan kesatuan adalah wajib bagi kaum muslim, wa'tasimu bihablillahi jami'an wala tafarroqu, yang artinya 'dan berpeganglah kamu semuanya kepada tali (agama) Allah, dan janganlah kamu bercerai berai' (QS: Ali Imran 103).""Menjaga persatuan kesatuan itu kewajiban bagi orang-orang yang beriman kepada Allah Subhanahu wa Ta'ala,"" kata Habib Nabiel Almusawa di Jakarta, Minggu (27/10/2024).Habib Nabiel mengingatkan, Hari Santri Nasional yang jatuh pada 22 Oktober 2024 dengan tema Menyambung Juang Merengkuh masa Depan, harus dimaknai dengan semangat persatuan membangun bangsa. Mendorong para santri meneruskan perjuangan para pendahulu bangsa, untuk membangun peradaban yang lebih maju. Masyarakat, terutama santri, harus mengambil peran untuk membumikan nilai nilai keislaman yang dapat mempererat persatuan bangsa untuk meredam agitasi, provokasi dan hoaks di masa transisi ini.""Para santri, ustaz, ulama, dai, harus paling depan untuk memberantas hoaks, karena dia yang memahami dalil,"" kata Habib Nabiel Almusawa, yang juga menjadi Dewan Syuro Majelis Rasulullah SAW.Habib Nabiel menegaskan, para santri memiliki peran penting dalam sejarah Indonesia. Kemerdekaan Indonesia tidak akan pernah terjadi tanpa adanya perjuangan yang dimotori oleh para ulama dan para habaib. Contohnya Pangeran Diponegoro, Imam Bonjol, Teuku Umar, Sultan Hamid Al-Gadri, KH. Hasyim Asy’ari yang merupakan pejuang dari kalangan santri, habaib dan ulama.""Jadi, kalau dikatakan apa peran santri bagi Indonesia? Mashallah, peran yang luar biasa dari dulu membentuk karakter bangsa,” ucap pengurus pusat Rabithah Alawiyah, organisasi yang menaungi para keturunan Nabi Muhammad SAW di Indonesia. “Jadi jangan sampai santri Indonesia itu kalah dengan para scientist, para akademisi, dan lain-lain, karena antara santri dengan juga para ilmuwan, itu sama, jangan merasa minder, jadi santri harus terdepan,"" katanya.Mantan Anggota DPR periode 2009-2014 ini mengimbau masyarakat untuk mengawal dan mendoakan para pemimpin bangsa, daripada suudzon atau berprasangka buruk yang dapat memperkeruh suasana dan memecah belah anak bangsa. :Kalau doain sultan (pemimpin), semua dapat (kebaikan). Kalau sultannya bagus, baik, jujur adil, prorakyat, maka masyarakatnya, ulama, akademisinya, bisnisnya semua bakal dapat baik,"" kata Habib Nabiel.Habib Nabiel berharap apa yang direncanakan an yang diprogramkan untuk kesejahteraan masyarakat, dapat berjalan dengan baik.""Dengan dilantiknya pemimpin baru, semoga Indonesia menjadi negeri yang gemah ripah loh jinawi, atau Bahasa Arabnya, baldatun toyyibatun warobbun ghofur yang artinya negeri yang baik dengan Rabb Yang Maha Pengampun,"" katanya.Dengan momentum ini, Habib Nabiel berharap, santri tidak hanya fokus terhadap persoalan agama, melainkan mampu membangun karakter bangsa yang memiliki kesimbangan antar intelektulitas dan religiusitas, sehingga mampu menjawab berbagai tantangan zaman.
            
                Lihat Juga: Menag Nasaruddin Umar Minta Santri Kuasai Iptek dan Berani Berinovasi
            (abd)","Minggu, 27 Oktober 2024 - 18:26 WIB",nasional
Survei Indikator Sebut Kejagung Lembaga Penegak Hukum Paling Dipercaya Publik,"JAKARTA - Kejaksaan Agung ( Kejagung ) di bawah kepemimpinan Jaksa Agung ST Burhanuddin masih menjadi lembaga penegak hukum paling dipercaya publik. Hal tersebut terpotret dari survei yang dilakukan Indikator Politik Indonesia.Kejagung berada di urutan ketiga setelah institusi presiden dan TNI. Kepercayaan publik terhadap Kejagung mencapai 75%, paling tinggi dibanding lembaga penegak hukum lainnya.""Kalau kita cek, TNI masih paling tinggi yang dipercaya (96%), disusul institusi presiden sekitar 86%, kemudian Kejaksaan Agung 75%,"" ujar Direktur Eksekutif Indikator Politik Indonesia, Burhanuddin Muhtadi saat merilis hasil survei Keyakinan dan Ekspektasi Publik Terhadap Pemerintahan Prabowo-Gibran secara daring, Minggu (27/10/2024).
                
                    Baca Juga
                    
                        
                    
                        
                    
                        
                            3 Hakim yang Vonis Bebas Ronald Tannur Ditangkap Kejagung
                        
                    
                 Di bawah Kejagung, ada pengadilan dengan tingkat kepercayaan publik sekitar 73%, Polri 69%, Mahkamah Konstitus (MK) 68% dan Komisi Pemberantasan Korupsi (KPK) 65%.Sementara itu, Menteri Perumahan Maruarar Sirait mengapresiasi capaian Kejagung sebagai lembaga penegak hukum paling dipercaya publik. Maruarar menyebut Jaksa Agung ST Burhanuddin pernah menyatakan soal komitmennya dalam pemberantasan korupsi.
                
                    Baca Juga
                    
                        
                    
                        
                    
                        
                            Kejagung Sidik 405 Kasus Korupsi, Total Kerugian Rp39 Triliun
                        
                    
                 ""Jaksa Agung itu bagus, bilang kalau memberantas korupsi harus dari kepalanya. Orang nomor satunya. Saya pikir kalau seorang Jaksa Agung bisa ngomong begitu, kita para menteri juga harus bisa memberi contoh itu,"" kata politikus Partai Gerindra yang juga hadir dalam rilis survei.Survei Indikator Politik Indonesia dilakukan pada periode 10-15 Oktober 2024. Populasi survei seluruh warga negara Indonesia di Survei Nasional yang punya hak pilih dalam pemilihan umum, yakni mereka yang sudah berumur 17 tahun atau lebih, atau sudah menikah ketika survei dilakukan.Penarikan sampel menggunakan metode multistage random sampling dengan jumlah sampel 1.200 orang. Dengan asumsi metode simple random sampling, ukuran sampel 1.200 responden memiliki toleransi kesalahan (margin of error--MoE) sekitar ±2.9% pada tingkat kepercayaan 95 persen. Sampel berasal dari seluruh provinsi di Indonesia yang terdistribusi secara proporsional. Responden terpilih diwawancarai lewat tatap muka oleh pewawancara yang telah dilatih. Quality control terhadap hasil wawancara dilakukan secara random sebesar 20% dari total sampel oleh supervisor dengan kembali mendatangi responden terpilih (spot check). Dalam quality control tidak ditemukan kesalahan berarti.
            
                Lihat Juga: Tom Lembong Tersangka Korupsi Impor Gula, Cak Imin: Saya Turut Sedih
            (cip)","Minggu, 27 Oktober 2024 - 18:35 WIB",nasional
Kamala Harris Bisa Kalah Jika Tetap Ngotot Dukung Israel,"WASHINGTON - Sikap Kamala Harris terhadap Gaza dapat memengaruhi pencalonannya sebagai presiden.John Zogby, mitra senior di firma jajak pendapat John Zogby Strategies, mengatakan Wakil Presiden AS Kamala Harris telah ""membuat kesalahan"" terkait Gaza yang dapat merugikan pencalonannya sebagai presiden.""Ia membutuhkan dukungan dari orang kulit berwarna, ia membutuhkan dukungan dari pemilih muda, khususnya perempuan muda, dan mereka mengatakan Gaza adalah salah satu isu utama,"" kata Zogby kepada Al Jazeera.
                
                    Baca Juga
                    
                        
                    
                        
                    
                        
                            Iran Incar Kapal Induk AS di Timur Tengah
                        
                    
                 ""Mereka sebenarnya jauh lebih bersahabat dalam menahan bantuan, memanfaatkan bantuan untuk Israel untuk menuntut - bukan untuk mendukung - gencatan senjata segera dan ia menolak untuk melakukan itu dan itu dapat merugikannya,"" katanya.Selama kampanye kepresidenannya, Harris berupaya keras untuk mengatasi sebagian konstituen partainya yang menentang perang Israel di Gaza sambil menghindari mengasingkan pemilih umum yang bersimpati kepada Israel.Kandidat partai Demokrat itu telah berulang kali mengatakan bahwa dia mendukung gencatan senjata di Gaza, dan bahwa bersama dengan Presiden AS Joe Biden, dia telah bekerja ""sepanjang waktu setiap hari"" untuk menyelesaikan kesepakatan.Namun, pemerintahan Biden terus mengirim senjata ke Israel, yang telah membom Gaza sejak 7 Oktober 2023.
            
                Lihat Juga: Profil Ryan Girdusky, Panelis Konservatif Amerika yang Rasis ke Jurnalis Muslim soal Pager Lebanon
            (ahm)","Rabu, 30 Oktober 2024 - 15:54 WIB",internasional
3 Sekutu Zionis Ini Kutuk Langkah Israel Larang UNRWA,"GAZA - Pemungutan suara hari di Knesset (parlemen Israel ) menghasilkan 92 dari 120 anggota parlemen yang mendukung rencana undang-undang yang melarang UNRWA. Israel menuduh karyawan UNRWA terlibat dalam serangan lintas batas pada 7 Oktober 2023 oleh kelompok perlawanan Palestina, Hamas.Pada bulan April, sebuah laporan oleh kelompok peninjau independen yang dipimpin oleh mantan Menteri Luar Negeri Prancis Catherine Colonna mencatat tidak adanya bukti pendukung untuk tuduhan Israel terkait terorisme terhadap staf UNRWA.Tentara Israel terus melakukan serangan brutal terhadap Gaza sejak serangan Hamas tahun lalu, meskipun ada resolusi Dewan Keamanan PBB yang menuntut gencatan senjata segera.Lebih dari 43.000 orang telah tewas sejak saat itu, sebagian besar adalah wanita dan anak-anak, dan lebih dari 101.000 orang terluka, menurut otoritas kesehatan setempat. Israel dituduh melakukan genosida terhadap warga Palestina di Mahkamah Internasional.3 Sekutu Zionis Ini Kutuk Langkah Israel Larang UNRWA1. PrancisPrancis menyatakan keprihatinannya pada hari Selasa tentang larangan Israel terhadap badan PBB untuk pengungsi Palestina (UNRWA).Kementerian Luar Negeri mengatakan larangan tersebut akan memiliki ""konsekuensi yang parah"" terhadap situasi kemanusiaan yang sudah sangat buruk di Jalur Gaza dan di seluruh Wilayah Palestina yang Diduduki, yang akan merampas bantuan penting dari ratusan ribu warga sipil, termasuk tempat tinggal, perawatan kesehatan, pendidikan, dan makanan.Disebutkan bahwa selama lebih dari 70 tahun, UNRWA telah memainkan peran penting dan tak tergantikan dalam menyediakan barang dan layanan penting bagi pengungsi Palestina di Tepi Barat, Yerusalem Timur, dan Gaza.""Prancis menegaskan kembali dukungannya terhadap UNRWA dan akan terus memastikan penerapan reformasi yang diperlukan untuk menjamin kenetralannya, khususnya rekomendasi yang tercantum dalam Laporan Colonna,"" tambahnya, merujuk pada laporan independen mengenai tuduhan Israel terhadap badan PBB tersebut.Kementerian Luar Negeri juga menegaskan kembali dukungannya terhadap semua badan PBB yang bekerja di lapangan untuk membantu penduduk Palestina.2. InggrisPerdana Menteri Inggris mengatakan keputusan parlemen Israel untuk melarang Badan PBB untuk pengungsi Palestina (UNRWA) ""sangat memprihatinkan.""""RUU UNRWA yang disahkan oleh Knesset Israel sangat memprihatinkan. Ini berisiko membahayakan respons kemanusiaan internasional di Gaza,"" kata Keir Starmer di X.
            
                Lihat Juga: Netanyahu Ungkap Ingin Berdamai dengan Negara-negara Arab","Rabu, 30 Oktober 2024 - 16:13 WIB",internasional
"Siap Hadapi Perang Dunia III, Rusia Gelar Latihan Senjata Nuklir Darat, Laut dan Udara","MOSKOW - Presiden Rusia Vladimir Putin meluncurkan latihan kekuatan nuklir negaranya yang menampilkan peluncuran rudal dalam simulasi serangan balasan di tengah meningkatnya ketegangan dengan Barat atas Ukraina.“Mengingat meningkatnya ketegangan geopolitik dan munculnya ancaman dan risiko eksternal baru, penting untuk memiliki kekuatan strategis yang modern dan selalu siap digunakan,” kata Putin, dilansir Al Jazeera. Dalam komentar yang disiarkan di televisi, Menteri Pertahanan Andrei Belousov mengatakan kepada Putin bahwa tujuan latihan tersebut adalah untuk berlatih melancarkan ""serangan nuklir besar-besaran oleh pasukan ofensif strategis sebagai respons terhadap serangan nuklir oleh musuh"".Latihan tersebut melibatkan ""tiga serangkai"" nuklir Rusia yang terdiri dari rudal yang diluncurkan dari darat, laut, dan udara.
                
                    Baca Juga
                    
                        
                    
                        
                    
                        
                            3 Sekutu Zionis Ini Kutuk Langkah Israel Larang UNRWA
                        
                    
                 Sebuah rudal balistik antarbenua Yars diluncurkan dari Kosmodrom Plesetsk di Rusia barat laut ke Kamchatka, sebuah semenanjung di Timur Jauh. Rudal balistik Sineva dan Bulava ditembakkan dari kapal selam, dan rudal jelajah diluncurkan dari pesawat pembom strategis, kata kementerian pertahanan.Latihan rudal tersebut berlangsung pada saat kritis dalam perang Rusia-Ukraina, setelah berminggu-minggu Rusia memberi sinyal kepada Barat bahwa Moskow akan menanggapi jika Amerika Serikat dan sekutunya mengizinkan Kyiv menembakkan rudal jarak jauh ke dalam wilayah Rusia.Pada hari Senin, NATO mengatakan bahwa Korea Utara telah mengirim pasukan ke Rusia bagian barat, klaim yang tidak dibantah Moskow. Minggu lalu, Putin menyatakan bahwa penerapan perjanjian kemitraan dengan Pyongyang oleh Moskow adalah urusannya sendiri.Perang yang telah berlangsung selama dua setengah tahun ini juga memasuki apa yang menurut pejabat Rusia sebagai fase paling berbahaya karena Barat mempertimbangkan cara untuk memperkuat Ukraina sementara pasukan Rusia bergerak maju di wilayah timur negara tersebut.Putin menekankan pada hari Selasa bahwa persenjataan nuklir Rusia tetap menjadi ""penjamin kedaulatan dan keamanan negara yang dapat diandalkan"".
            
                Lihat Juga: Mengapa Israel Tak Takut pada Iran? Ini Analisanya","Rabu, 30 Oktober 2024 - 16:57 WIB",internasional
"7 Dampak Serangan Israel ke Iran, Salah Satunya Melemahkan Sistem Pertahanan Udara","TEHERAN - Para ahli militer mengatakan serangan Israel terhadap Iran merupakan respons yang diperhitungkan dan terkendali. Itu menunjukkan kemampuan militer Israel sambil menghindari eskalasi besar-besaran di Timur Tengah yang semakin tidak stabil.Serangan presisi, yang menargetkan fasilitas manufaktur rudal dan sistem pertahanan udara di seluruh Iran, menandai serangan asing besar pertama di tanah Iran sejak perang Iran-Irak, tetapi sengaja dibatasi cakupannya. 7 Dampak Serangan Israel ke Iran, Salah Satunya Melemahkan Sistem Pertahanan Udara1. Hanya Sekadar Pamer Kekuatan Israel""Saat ini, kami hanya tahu sedikit. Ini terlihat lebih luas daripada April, tetapi masih merupakan respons terkendali yang ditujukan untuk menekankan superioritas militer konvensional Israel dan menghilangkan ancaman dalam bentuk fasilitas produksi rudal, sementara tidak tampak meningkat,"" kata Matthew Savill, direktur ilmu militer di Royal United Services Institute (RUSI), kepada Al Arabiya English.Serangan terhadap Teheran berfungsi untuk menunjukkan kemampuan Israel untuk menembus wilayah udara Iran dan mengalahkan pertahanan udara sambil menghindari wilayah sipil, yang sangat kontras dengan rentetan rudal Iran baru-baru ini, kata Savill.“Menyerang Teheran memperlihatkan kepada publik kemampuan Israel untuk menyerang ibu kota dan mengalahkan pertahanan udara Iran,” katanya, seraya mencatat bahwa operasi itu tampak “jauh lebih tepat daripada serangan Iran yang setara.”Pengekangan adalah kata lain yang digunakan oleh Raphael S. Cohen, ilmuwan politik senior dan direktur Program Strategi & Doktrin di Project AIR FORCE RAND, yang mengatakan kepada Al Arabiya English bahwa meskipun ia “tidak terkejut” Israel telah menyerang Iran – setelah memberi isyarat demikian selama berminggu-minggu – “aspek yang lebih mengejutkan adalah responsnya.”“Tampaknya relatif terkendali setidaknya dibandingkan dengan apa yang sedang dibahas,” katanya. “Israel tidak menyerang fasilitas nuklir Iran atau menyerang infrastruktur minyaknya. Memang, reaksi awal dari politisi oposisi Israel adalah mengutuk pemerintah Netanyahu karena tidak cukup kuat dan terlibat dalam pertunjukan militer, yang merupakan pembalikan dinamika politik tradisional.”“Pada akhirnya, tampaknya tekanan pemerintahan Biden pada Israel untuk menahan responsnya tampaknya berhasil.”2. Kekuatan Pertahanan Iran Terbukti IranAnalis militer menyatakan serangan tersebut menargetkan kemampuan defensif dan ofensif Iran.""Ada kemungkinan analisis selanjutnya akan menunjukkan bahwa pertahanan udara Iran telah menurun, bersama dengan fasilitas peluncuran rudal, mungkin produksi pesawat nirawak,"" kata Savill, seraya menambahkan serangan ini ""dimaksudkan untuk menunjukkan kepada Iran bahwa mereka rentan terhadap serangan lebih lanjut jika mereka mencoba membalas.""Sementara media Iran telah mengecilkan dampaknya, rezim tersebut menghadapi pilihan yang sulit dalam cara menanggapi apa yang merupakan serangan konvensional terbesar di wilayahnya dalam beberapa dekade, kata Savill.
                
                    Baca Juga
                    
                        
                    
                        
                    
                        
                            IRGC: Iran Bersiap Balas Serangan Israel dengan 1.000 Rudal
                        
                    
                 3. Memperumit Konflik di Lebanon dan GazaSerangan tersebut terjadi di tengah meningkatnya ketegangan regional setelah serangan rudal Iran pada 1 Oktober terhadap Israel dan konflik yang sedang berlangsung yang melibatkan proksi Iran, termasuk Hizbullah dan Houthi.
            
                Lihat Juga: Ayatollah Khamenei Luncurkan Akun Media Sosial Berbahasa Ibrani","Senin, 28 Oktober 2024 - 20:10 WIB",internasional
Detik-detik Tom Lembong Diborgol dan Pakai Rompi Tahanan Kejagung,"JAKARTA - Kejaksaan Agung (Kejagung) menetapkan mantan Menteri Perdagangan (Mendag) Thomas Trikasih Lembong (TTL) atau  Tom Lembong  sebagai tersangka kasus dugaan korupsi importir gula di lingkungan Kementerian Perdagangan. Sebelum ditahan, Mantan Co-Captain Tim Nasional Pemenangan Anies Baswedan-Muhaimin Iskandar (Tim Amin) ini menjalani tes kesehatan terlebih dahulu.Berdasarkan video yang diterima pada Rabu (30/10/2024), terlihat Tom Lembong mengenakan baju berwarna hitam dibalut dengan jaket biru navy. Terlihat petugas memeriksa tekanan darah Tom Lembong pada lengan kirinya.Selain Tom Lembong, tersangka lainnya Charles Sitorus selaku Direktur Pengembangan Bisnis PT Perusahaan Perdagangan Indonesia (PT PPI), juga dilakukan pemeriksaan kesehatan.
                
                    Baca Juga
                    
                        
                    
                        
                    
                        
                            Profil Tom Lembong, Mantan Anak Buah Jokowi yang Jadi Tim Sukses Anies
                        
                    
                 Setelah jalani pemeriksaan kesehatan, Tom Lembong dan tersangka lainnya memakai rompi tahanan berwarna pink. Rompi warna merah muda itu bertuliskan Tahanan Tindak Pidana Korupsi Kejaksaan Agung RI.Terlihat tangannya diborgol oleh petugas Kejaksaan dan kemudian dibawa ke mobil tahanan. Sebelumnya, Direktur Penyidikan Jampidsus Kejagung Abdul Qohar menjelaskan kronologis berawal pada 2015 berdasarkan rapat koordinasi antarkementerian pada 12 Mei 2015 telah disimpulkan bahwa Indonesia mengalami surplus gula sehingga tidak perlu atau tidak membutuhkan impor gula.
                
                    Baca Juga
                    
                        
                    
                        
                    
                        
                            Senyum Tom Lembong Pakai Rompi Tahanan Kejagung
                        
                    
                 
            
                Lihat Juga: 10 Fakta Tom Lembong, Tersangka Kasus Impor Gula yang Ditahan Kejagung","Rabu, 30 Oktober 2024 - 10:27 WIB",nasional
Apakah Jet Tempur Siluman F-35 Israel Gunakan Wilayah Udara Yordania saat Serang Iran?,"TEHERAN - Militer Zionis  Israel  dilaporkan mengerahkan 100 pesawat, termasuk jet tempur siluman F-35 Adir, saat menyerang  Iran  pada Sabtu dini hari.Beberapa saksi mata di Yordania mengatakan mereka mendengar suara pesawat tempur di wilayah udara Yordania, pada saat yang sama ketika Israel melakukan serangan terhadap Iran dan Suriah.Pengguna media sosial di Yordania mengunggah video yang tampak seperti jet tempur di langit, disertai komentar yang menyatakan bahwa itu milik Israel.Pemerintah Kerajaan Yordania bergegas membantah kesaksian semacam itu. Mereka menegaskan tidak mengizinkan Israel menggunakan wilayah udara Yordania untuk menyerang Iran kemarin.
                
                    Baca Juga
                    
                        
                    
                        
                    
                        
                            Jet Siluman F-35 Israel Dilaporkan Mengebom Iran, Serang 4 Sistem Rudal S-300, 4 Tentara Tewas
                        
                    
                 Sumber militer di Angkatan Darat Yordania mengatakan: ""Tidak ada pesawat militer yang diizinkan melintasi wilayah udara Yordania dan angkatan bersenjata mengikuti dengan cermat eskalasi militer yang terjadi selama beberapa jam terakhir.”Militer Kerajaan Yordania menambahkan: ""Angkatan Udara Kerajaan sedang memantau situasi dan siap melindungi tanah air.”Sumber militer Yordania yang dikutip di media lokal menekankan bahwa warganya harus mengambil informasi dari sumber resmi, dan tidak mendengarkan rumor tak berdasar yang beredar.Sementara itu, The Jerusalem Post melaporkan bahwa wilayah udara suatu negara mengacu pada wilayah udara di atas daratan dan lautannya tetapi tidak termasuk luar angkasa.""Tidak ada ketinggian yang disepakati secara universal yang menandai akhir wilayah udara suatu negara dan awal dari luar angkasa,” tulis media Zionis Israel terseut, seraya menambahkan bahwa di bawah ketinggian sekitar 100 kilometer di atas permukaan laut dianggap sebagai bagian dari wilayah udara kedaulatan suatu negara.“Di luar ketinggian ini terdapat angkasa luar yang bebas dari kedaulatan nasional, yang memungkinkan kebebasan aktivitas internasional,” lanjut laporan tersebut.
            
                Lihat Juga: Apakah Israel ingin Menginvasi Iran? Bisa Jadi, Tapi Sangat Berisiko","Minggu, 27 Oktober 2024 - 10:34 WIB",internasional
Perlindungan Hukum Guru Dalam Mendidik di Sekolah,"Anton Hariyadi SH.,MH. Advokat /Pemerhati Pendidikan GURU adalah jembatan menuju masa depan, sebagaimana memaknai kalimat ini Guru seharusnya tidak dipandang sekadar salah satu profesi saja, namun juga sebagai pilar utama dalam sistem pendidikan di Indonesia. Profesi seorang Guru tidak hanya terbatas pada kegiatan proses belajar mengajar di mana diharapkan terjadinya Transfer of Knowledge atau perpindahan ilmu pengetahuan dari pengajar kepada yang diajar, namun lebih dari itu Guru juga berperan dalam aktifitas yang lebih penting yaitu Transfer of Character yang dapat dimaknai dengan proses perpindahan karakter-karakter tertentu dari seorang pengajar kepada yang diajar, sehingga dalam hal ini dapat dipastikan bahwa fungsi seorang Guru juga termasuk mendidik, membimbing, melatih, menilai, mengarahkan serta mengevaluasi peserta didiknya.Dalam ketentuan hukum di Indonesia mengenai Guru diatur di dalam Undang-Undang Nomor 14 Tahun 2005 tentang Guru dan Dosen, di mana undang-undang ini menegaskan bahwa Guru wajib memiliki kualifikasi akademik, kompetensi sertifikat pendidik, sehat jasmani dan rohani, dan memenuhui kualifikasi lain yang dipersyaratkan satuan pendidikan tinggi tempat bertugas, serta memiliki kemampuan untuk mewujudkan tujuan pendidikan nasional. Sebagaimana yang disebutkan di dalam Pasal 20 Undang-Undang Nomor 14 Tahun 2005 tentang Guru dan Dosen, menerangkan bahwa dalam melaksanakan tugas keprofesionalan, Guru memiliki kewajiban untuk :a. Merencanakan pembelajaran, melaksanakan proses pembelajaran yang bermutu, serta menilai dan mengevaluasi pembelajaran.b. Meningkatkan dan mengembangkan kualifikasi akademik dan kompetensi secara berkelanjutan sejalan dengan perkembangan ilmu pengetahuan, teknologi dan senic. Bertindak objektif dan tidak diskriminatif atas dasar pertimbangan jenis kelamin, agama, suku, ras dan kondisi fisik tertentu, atau latar belakang keluarga dan status sosial ekonomi peserta didik dalam pembelajaran, d. Menjunjung tinggi peraturan perundang-undangan, hukum dan kode etik Guru, serta nila-nilai agama dan etika, dane. Memelihara dan memupuk persatuan dan kesatuan bangsa 
            
                Lihat Juga: Respons Nadiem Dikritisi JK karena Jarang Ngantor dan Turun ke Lapangan","Selasa, 29 Oktober 2024 - 08:33 WIB",nasional
"Gibran Panggil Meutya Hafid hingga Isyana Bagoes Oka, Ini yang Dibahas","JAKARTA - Wakil Presiden (Wapres)  Gibran Rakabuming Raka  memanggil sejumlah menteri dan wakil menteri (wamen) ke Kantor Wapres, Jalan Veteran III Gambir, Jakarta Pusat, Selasa (29/10/2024). Sejumlah anggota Kabinet Merah Putih yang dipanggil di antaranya Menteri Komunikasi dan Digital Meutya Hafid bersama Wakil Menteri Komdigi Nezar Patria dan Angga Raka Prabowo.Selanjutnya, Wapres Gibran memanggil Menteri Kependudukan dan Pembangunan Keluarga atau Kepala Badan Kependudukan dan Keluarga Berencana Nasional (BKKBN) Wihaji dan Wamen Kependudukan dan Pembangunan Keluarga Isyana Bagoes Oka.Saat bertemu Meutya, Wapres Gibran memberikan instruksi mengenai isu strategis dan prioritas digitalisasi. “Tentunya terkait dengan Komdigi,” ungkap Meutya kepada awak media usai pertemuan.
                
                    Baca Juga
                    
                        
                    
                        
                    
                        
                            Letkol Inf Devy Kristiono Jadi Ajudan Wapres Gibran
                        
                    
                 Meutya Hafid mengatakan pertemuan ini berlangsung tertutup. Dia menjelaskan, hasil pembahasan disampaikan langsung oleh Wapres Gibran Rakabuming Raka.“Nanti boleh ditanyakan saja kepada Bapak Gibran langsung karena rapat tertutup,” tegasnya.Sementara itu, Wapres Gibran juga melakukan pertemuan tertutup dengan Wihaji dan Isyana Bagoes Oka. Dia menginstruksikan agar percepatan penurunan stunting dilakukan.Usai bertemu Wapres Gibran, Wihaji mengatakan jika dia melaporkan berkenaan dengan penanganan stunting sesuai dengan Peraturan Presiden (Perpres) Nomor 72 Tahun 2021.""Ini saja (melaporkan stunting), kita kan ada Perpres 72 tentang penanganan stunting,"" ujar Wihaji kepada awak media usai bertemu Wapres.Wihaji pun mengatakan BKKBN harus melaporkan kepada Wapres Gibran sebagai Ketua Pengarah minimal dua kali dalam setahun. ""Kebetulan kita harus laporan minimal 2 kali dalam setahun berkenaan dengan TPPS, Tim Percepatan Penurunan Stunting,"" katanya.Pada kesempatan itu, Wihaji juga mengatakan jika dirinya mendapatkan arahan dari Wapres Gibran dalam pertemuan tertutup itu. ""Saya laporan itu saja, sama tentu ada arahan-arahan yang berkenaan dengan beliau sebagai Ketua Pengarah, kebetulan ketua pelaksananya BKKBN,"" pungkasnya.
            
                Lihat Juga: Dua Minggu Indonesia Dipimpin Gibran saat Prabowo ke Luar Negeri
            (rca)","Selasa, 29 Oktober 2024 - 14:33 WIB",nasional
Gibran Rakabuming Raka Jadi Plt Presiden saat Prabowo ke Luar Negeri Pekan Depan,"JAKARTA - Wakil Presiden  Gibran Rakabuming Raka  bakal menjadi Pelaksana tugas (Plt) Presiden saat Presiden Prabowo Subianto ke luar negeri pekan depan. Prabowo bakal memenuhi undangan untuk melakukan kunjungan ke luar negeri pada pekan depan.""Minggu depan,"" ujar Menteri Sekretaris Negara Prasetyo Hadi di Kompleks Istana Kepresidenan, Jakarta, Selasa (29/10/2024).Prasetyo menjelaskan beberapa agenda di luar negeri yang akan dihadiri Presiden Prabowo yakni KTT G20 Brazil hingga forum APEC. ""Ada G20, ada APEC. Sebagai kepala negara ya pasti beliau kan harus hadir,"" jelasnya.
                
                    Baca Juga
                    
                        
                    
                        
                    
                        
                            Gibran Panggil Meutya Hafid hingga Isyana Bagoes Oka, Ini yang Dibahas
                        
                    
                 Prasetyo mengungkapkan bahwa nantinya pemerintahan akan dipegang kendalinya Gibran Rakabuming Raka. ""Ya pasti dong, kan aturannya pasti begitu,"" kata Prasetyo.Diketahui, di era Presiden Joko Widodo (Jokowi), beberapa kali Wapres menjadi Plt Presiden selama Jokowi ke luar negeri. Jokowi pernah menerbitkan Keputusan Presiden (Keppres) Nomor 6 Tahun 2022 tentang penugasan Wakil Presiden melaksanakan tugas presiden. Tugas Presiden Jokowi digantikan sementara oleh KH Ma'ruf Amin. ""Menugaskan Wakil Presiden untuk melaksanakan tugas sehari-hari Presiden sesuai ketentuan peraturan perundang-undangan selama presiden melaksanakan kunjungan kerja dan atau kenegaraan ke Amerika Serikat pada tanggal 10 sampai dengan 16 Mei 2022 atau sampai dengan tanggal tiba kembali di Tanah Air,"" seperti dikutip Keppres tersebut, Rabu (11/5/2022).Hal tersebut dilakukan untuk menjaga lancarnya pelaksanaan pemerintahan dan tugas sehari-hari Presiden selama berlangsungnya kunjungan tersebut. ""Apabila dalam jangka waktu penugasan tersebut perlu segera ditetapkan suatu kebijakan baru Maka wakil presiden sebagai pelaksana tugas Presiden wajib terlebih dahulu berkonsultasi dan meminta persetujuan presiden,"" bunyi Keppres tersebut. Nantinya, setelah Presiden Jokowi kembali ke Tanah Air, maka penugasan berakhir dan wakil presiden segera melaporkan pelaksanaan tugas tersebut kepada presiden. Keputusan Presiden tersebut ditandatangani oleh Jokowi dan mulai berlaku pada 10 Mei 2002.
            
                Lihat Juga: Presiden Prabowo Arahkan Kabinet Pakai Mobil Buatan Lokal, Toyota Bilang Gini
            (rca)","Rabu, 30 Oktober 2024 - 11:05 WIB",nasional
AS Akui Kerahkan 1 Skuadron Jet Tempur F-16 Menjelang Israel Serang Iran,"TEL AVIV - Amerika Serikat (AS) mengaku telah mengerahkan satu skuadron jet tempur F-16 ke Timur Tengah pada Jumat atau beberapa jam menjelang serangan udara  Israel  terhadap  Iran. ""F-16 Angkatan Udara AS dari Skuadron Tempur ke-480 yang bermarkas di Pangkalan Udara Spangdahlem, Jerman, tiba di wilayah tanggung jawab Komando Pusat AS,"" kata Komando Pusat (CENTCOM) dalam sebuah pernyataan, yang dilansir Anadolu pada Sabtu.CENTCOM tidak menyebutkan peran operasional F-16 yang dimaksud, tetapi menekankan misi mereka untuk memperkuat kehadiran AS di kawasan tersebut.
                
                    Baca Juga
                    
                        
                    
                        
                    
                        
                            Jet Siluman F-35 Israel Dilaporkan Mengebom Iran, Serang 4 Sistem Rudal S-300, 4 Tentara Tewas
                        
                    
                 Seorang pejabat senior AS mengatakan bahwa AS tidak ambil bagian dalam serangan luas dan presisi tersebut, namun mereka bekerja sama dengan pemerintah Israel untuk mendorong serangan berisiko rendah tanpa menimbulkan korban sipil.""Dampaknya adalah respons pembelaan diri yang proporsional. Dampaknya adalah untuk mencegah serangan di masa mendatang dan menurunkan kemampuan Iran untuk melancarkan serangan di masa mendatang,"" kata pejabat itu.Menurut laporan The New Arab, Minggu (27/10/2024), serangan tersebut menargetkan sekitar ibu kota Iran; Teheran, serta provinsi barat daya Khuzestan dan Ilam. Laporan yang mengutip media Israel itu juga menyebutkan serangan berlangsung beberapa jam dan melibatkan lebih dari 100 jet tempur Israel, termasuk pesawat siluman F-35, serta F-16, dan F-15.Israel menggunakan rudal supersonik jarak jauh Rampage dan rudal udara-ke-permukaan jarak jauh generasi berikutnya; Rocks.Gelombang serangan pertama ditujukan pada fasilitas radar dan pertahanan udara Iran, dengan fasilitas militer, rudal, dan pesawat nirawak menjadi sasaran pada gelombang kedua dan ketiga.Jet tempur melakukan serangan dalam kelompok yang terdiri dari 25-30 unit, dalam apa yang dijuluki sebagai Operasi Hari Pertobatan. Pertahanan udara Israel dan Amerika Serikat (AS) dalam keadaan siaga tinggi, sementara 10 jet melakukan serangan terkoordinasi dan yang lainnya memberikan perlindungan.Militer Iran awalnya mengumumkan bahwa dua tentara tewas dalam serangan tersebut. Namun, Tasnim News memperbarui jumlah korban tewas menjadi empat tentara.
            
                Lihat Juga: Iran Incar Kapal Induk AS di Timur Tengah","Minggu, 27 Oktober 2024 - 11:05 WIB",internasional
Netanyahu Klaim Serangan Israel Lumpuhkan Produksi Rudal Iran,"TEL AVIV - Perdana Menteri Benjamin Netanyahu mengeklaim serangan udara  Israel  terhadap  Iran  presisi dan kuat. Menurutnya, semua tujuan serangan tercapai dengan melumpuhkan kemampuan produksi rudal Teheran.""Kami berjanji akan menanggapi serangan Iran dan pada hari Sabtu kami menyerang. Serangan di Iran presisi dan kuat, mencapai semua tujuannya,"" kata Netanyahu dalam pidatonya pada hari Minggu, yang dilansir AFP, Senin (28/10/2024).
                
                    Baca Juga
                    
                        
                    
                        
                    
                        
                            Teka-teki Iran Tak Luluh Lantak Diserang 100 Pesawat Israel, Termasuk Jet Siluman F-35
                        
                    
                 Serangan Israel merupakan balasan atas serangan Iran pada 1 Oktober, di mana Teheran menembakkan hampir 200 rudal ke negara Yahudi tersebut, yang diklaim rezim Zionis sebagian besar misil dicegat oleh sistem pertahanan udara.""Iran menyerang Israel dengan ratusan rudal balistik dan serangan ini gagal,"" kata Netanyahu.""Kami menepati janji kami. Angkatan Udara menyerang Iran dan menghantam kemampuan pertahanan dan produksi rudal Iran,"" lanjut dia.Iran mengonfirmasi Israel telah menargetkan lokasi militer di sekitar ibu kota dan di provinsi lain, dengan mengatakan serangan itu menyebabkan kerusakan terbatas tetapi menewaskan empat tentara.Republik Islam Iran belum memberi sinyal bagaimana mereka akan menanggapi serangan Israel pada hari Sabtu, yang dilaporkan melibatkan sekitar 100 pesawat termasuk jet tempur siluman F-35. Serangan itu mengantam target di dekat Ibu Kota Iran; Teheran, dan di provinsi barat Ilam dan Khuzestan.Sementara itu, Pemimpin Tertinggi Iran Ayatollah Ali Khamenei mengatakan perhitungan Israel harus digagalkan. ""Serangan terhadap Iran tidak boleh diremehkan atau dibesar-besarkan,"" katanya.Ketua Parlemen Iran Mohammad Baqer Qalibaf mengatakan negaranya berhak untuk membela diri dan tanggapannya akan pasti, sesuai dengan persyaratan.
            
                Lihat Juga: 3 Dosa Israel Terhadap Indonesia, Salah Satunya Lukai TNI","Senin, 28 Oktober 2024 - 07:08 WIB",internasional
Irak Protes karena Wilayah Udaranya Digunakan Israel untuk Serang Iran,"BAGHDAD - Irak mengutuk penggunaan wilayah udaranya oleh  Israel  untuk menyerang  Iran.  Itu disampaikan dalam surat protes yang dikirim kepada Sekretaris Jenderal Perserikatan Bangsa-Bangsa (PBB) Antonio Guterres dan Dewan Keamanan PBB.""Surat ini mengutuk pelanggaran terang-terangan entitas Zionis terhadap wilayah udara dan kedaulatan Irak dengan menggunakan wilayah udara Irak untuk melakukan serangan terhadap Republik Islam Iran pada tanggal 26 Oktober,"" kata juru bicara pemerintah Irak Bassim Alawadi dalam sebuah pernyataan yang dilansir AFP, Selasa (29/10/2024).Alawadi mengatakan Kementerian Luar Negeri Irak juga akan mengemukakan pelanggaran tersebut dalam pembicaraan dengan Amerika Serikat, sekutu dekat dan pemasok senjata utama Israel.
                
                    Baca Juga
                    
                        
                    
                        
                    
                        
                            Militer Iran: Jet-jet Tempur Israel Menyerang dari Wilayah Udara Irak
                        
                    
                 Israel pada hari Sabtu melancarkan serangan udara terhadap situs-situs militer di Iran, yang berisiko meningkatkan eskalasi regional lebih dari setahun setelah perang Gaza dan sebulan setelah perang Israel-Hizbullah di Lebanon.Serangan Israel itu merupakan balasan atas serangan rudal Iran pada 1 Oktober, yang sebenarnya juga merupakan balasan atas terbunuhnya para pemimpin kelompok milisi yang didukung Iran dan seorang komandan Korps Garda Revolusi Islam (IRGC).Staf Umum Angkatan Bersenjata Republik Islam Iran mengatakan jet-jet tempur Israel menyerang dengan menggunakan wilayah udara Irak yang dikontrol Amerika Serikat (AS).Menurutnya, jet-jet tempur Zionis yang ditempatkan dalam jarak 100 kilometer dari perbatasan Iran di wilayah udara Irak yang dikontrol oleh Amerika telah menembakkan sejumlah rudal.Disebutkan bahwa unit radar Iran di provinsi Ilam dan Khuzestan dan dekat Teheran mengalami kerusakan ""kecil dan tidak efektif"" sebagai akibat dari agresi Israel. Semua unit radar telah diperbaiki atau sedang diservis ulang. “Selama tindakan ilegal dan tidak sah ini, sejumlah besar rudal berhasil dilacak dan dideteksi dan pesawat musuh diblokir untuk memasuki wilayah udara negara ini,” kata Staf Umum tersebut.Militer Iran juga memperingatkan “pemerintah AS yang kriminal dan pembiak teroris” agar menahan Israel atau menghadapi masalah lebih.
            
                Lihat Juga: Iron Dome Israel Sudah Jebol, Padahal Hizbullah Belum Gunakan Kemampuan Rudal secara Penuh","Selasa, 29 Oktober 2024 - 07:03 WIB",internasional
Program JKN Beri Perlindungan bagi Buah Hati Tercinta,"PAMEKASAN - Kasih ibu sepanjang masa adalah pribahasa yang cocok untuk menggambarkan perasaan Fitria Dwi Anggraini (31) terhadap buah hatinya, Arsyad (1). Fitria merupakan seorang Pegawai Negeri Sipil (PNS) di Kota Pamekasan. Di tengah kesibukan sehari-harinya, Fitria mengalami situasi yang memilukan saat Arsyad mengalami sakit muntaber. Saat itu Fitria tanpa ragu langsung membawa buah hatinya ke RSU Mohammad Noer Pamekasan yang tidak jauh dari tempat tinggalnya.“Sehari sebelum dibawa ke Rumah sakit anak saya memang sudah diare, keesokan harinya arsyad muntah–muntah. Saat itu juga saya dan suami memutuskan untuk segera membawa arsyad ke RSU Mohammad Noer,” kata Fitria saat ditemui pada Senin (21/10/2024).Sesampainya di rumah sakit, Arsyad langsung dibawa ke Instalasi Gawat Darurat (IGD) untuk mendapatkan pertolongan pertama oleh pihak rumah sakit. Fitria juga mengurus proses administrasi di loket pendaftaran. Ia hanya menunjukkan Kartu Tanda Penduduk (KTP) karena ia sudah terdaftar sebagai peserta Jaminan Kesehatan Nasional (JKN) melalui tempat kerjanya sebagai PNS. Selain terkesan dengan prosesnya yang cepat, tak sedikit pun ia merasa dipersulit saat memanfaatkan haknya sebagai peserta JKN untuk mengakses layanan kesehatan.""Sementara anak saya mendapatkan penanganan pertama, saya pergi ke ruang loket pendaftaran untuk menyelesaikan proses administrasi. Saya hanya dimintai KTP saja, tidak ada berkas lainnya,"" tutur Fitria.Saat melakukan proses pendaftaranpun Fitria tidak perlu menungguterlalu lama. Menurut Fitria, dia memang sangat mengandalkan Program JKN ketika berobat ke rumah sakit. ""Beruntung sekali rasanya karena terdaftar peserta JKN melalui tempat kerja saya sebagai PNS yang kepesertaannya selalu aktif sehingga kami tidak memikirkan biaya pengobatan lagi,” ujar Fitria.Fitria merasa bersyukur terdaftar sebagai peserta JKN karena ia bisa merasakan banyak manfaat dengan adanya Program JKN. Prosesnya lebih cepat dan tidak ribet. Di era digital ini juga sangat memudahkan Fitria dengan adanya Aplikasi Mobile JKN karena memudahkan proses antrean online, seperti yang pernah ia gunakan sebelumnya. Menurutnya, hal tersebut sangat bermanfaat karena ia tidak perlu lelah menghabiskan waktu sekadar untuk mengantre di fasilitas kesehatan.Setelah hasil observasi di IGD keluar, Arsyad didiagnosa oleh dokter mengalami sakit muntaber yang cukup parah sehingga disarankan untuk dirawat inap. Fitria tidak khawatir lagi karena sudah terdaftar JKN. Semua biaya termasuk obat–obatan ditanggung oleh BPJS Kesehatan, ia tidak mengeluarkan biaya satu rupiah pun selama buah hatinya dirawat di RSU Mohammad Noer.Berkat Program JKN, Fitria merasa tidak sendirian dalam mengatasi masalah kesehatan yang dihadapi. Ia pun menyampaikan rasa terima kasih kepada BPJS Kesehatan yang terus berkomitmen untuk menyediakan layanan kesehatan yang layak untuk seluruh masyarakat Indonesia. Fitria berharap layanan kesehatan yang diberikan oleh BPJS Kesehatan dipertahankan dan ditingkatkan lagi agar lebih baik ke depannya. ""Semoga BPJS Kesehatan ke depannya dapat terus memberikan kemudahan bagi kami. Mudah-mudahan Program JKN bisa berjalan berkesinambungan dan memberikan perlindungan jaminan kesehatan yang kami butuhkan,"" katanya.Sebagai informasi, BPJS Kesehatan telah menerapkan janji layanan JKN di fasilitas kesehatan dalam rangka Transformasi Mutu Layanan. Dengan adanya janji layanan JKN, peserta JKN dapat merasakan berbagai kemudahan dalam mengakses layanan JKN. Seperti cukup menunjukkan Nomor Induk Kependudukan (NIK) untuk mengakses layanan di fasilitas kesehatan, dan tidak memerlukan fotokopi berkas. BPJS Kesehatan juga menegaskan bahwa tidak ada biaya tambahan bagi peserta JKN saat mengakses layanan di fasilitas kesehatan, asalkan berobat sesuai prosedur, serta dilayani setara tanpa diskriminasi.
            
                Lihat Juga: Ji Da Bin, Pemain Timnas Indonesia U20 Resmi Jadi Brand Ambassador KBstar
            (ars)","Senin, 28 Oktober 2024 - 11:42 WIB",nasional
Kapolri: Perlu Upaya Extraordinary untuk Cegah Kebocoran Keuangan Negara,"JAKARTA   - Kapolri Jenderal Polisi Listyo Sigit Prabowo merenspons cepat instruksi Presiden Prabowo Subianto dalam kegiatan retreat. Salah satu hal yang menjadi fokus utamanya adalah mencegah kebocoran keuangan negara. Sigit mengatakan perlu upaya ekstraordinary dalam mengatasi kebocoran keuangan negara. Menurut Sigit, Presiden Prabowo memiliki target pertumbuhan ekonomi mencapai angka 8%, agar Indonesia bisa segera lepas dari negara Middle Income Trap. Perlu dilakukan beberapa langkah, salah satunya dengan mengatasi kebocoran dalam penerimaan dan penggunaan keuangan negara. Karena itu, Sigit menegaskan akan melakukan langkah-langkah yang ekstraordinary dengan melibatkan seluruh elemen, sehingga dapat meningkatkan penerimaan negara. 
                
                    Baca Juga
                    
                        
                    
                        
                    
                        
                            Kapolri dan Jaksa Agung Bicara Persoalan Internal di Retreat Kabinet Merah Putih
                        
                    
                 “Dibutuhkan peran seluruh elemen bangsa untuk mengawal stabilitas ekonomi makro, khususnya kita terkait bagaimana mencegah kebocoran penerimaan, termasuk kebocoran dalam hal pengelolaan anggaran negara dan bagaimana langkah-langkah yang harus dilakukan oleh semua kementerian termasuk tentunya Polri untuk mendorong peningkatan pendapatan negara,"" kata Sigit, Selasa (29/10/2024). Sigit menegaskan, Polri akan mendukung penegakkan hukum, pendampingan untuk memastikan iklim invetasi aman. Potensi fraud yang dapat menyebabkan kebocoran baik pada berbagai sektor penerimaan atau pada penggunaan keuangan negara harus bisa segera ditertibkan.
                
                    Baca Juga
                    
                        
                    
                        
                    
                        
                            33 Perwira Lemdiklat Polri Dimutasi September 2024, Jadi Kapolres hingga Ketua STIK
                        
                    
                 Sigit juga mengingatkan kepada seluruh jajarannya untuk menindak tegas segala bentuk tindak pidana judi online dan tak segan-segan serta ragu menindak tegas para pelaku judi online. Termasuk melakukan asset tracing atau penelusuran aset yang diperoleh dari hasil perjudian. Termasuk berkoordinasi dengan Kementerian/Lembaga lainnya guna melakukan pemblokiran situs dan rekening yang terlibat dalam perjudian. “Kemudian capital outflow yang keluar karena kejahatan tersebut, sehingga yang menikmati asing, yang menjadi korban rakyat kita, bangsa kita, ini betul-betul harus kita berantas, sehingga judol, pinjaman online, ilegal khususnya, penyelundupan, baik impor atau pun ekspor, narkoba, korupsi, dan segala macam aktivitas ilegal serta hal-hal yang berdampak kepada kebocoran penerimaandan juga kebocoran terkait dengan penggunaan anggaran,"" ucapnya.
            
                Lihat Juga: Dua Minggu Indonesia Dipimpin Gibran saat Prabowo ke Luar Negeri
            (cip)","Selasa, 29 Oktober 2024 - 09:39 WIB",nasional
"CNN Sebut Jet Tempur Israel Terobos Langit Iran, Beda dengan Klaim Teheran","TEHERAN - CNN, media yang berbasis di Amerika Serikat (AS), melaporkan beberapa jet tempur  Israel  memasuki langit atau wilayah udara  Iran  dalam serangan udara hari Sabtu.Laporan itu berbeda dengan narasi Teheran bahwa jet-jet tempur Zionis menyerang dengan menggunakan wilayah udara Irak yang dikendalikan Amerika Serikat (AS), tanpa memasuki wilayah udara Iran.Laporan CNN muncul sehari setelah Iran International melaporkan jet tempur siluman F-35 Israel telah memasuki wilayah udara Iran untuk pertama kalinya dan mengebom target di dekat Teheran.
                
                    Baca Juga
                    
                        
                    
                        
                    
                        
                            Militer Iran: Jet-jet Tempur Israel Menyerang dari Wilayah Udara Irak
                        
                    
                 Laporan media Amerika itu mengutip seorang mantan dan seorang pejabat Israel saat ini. Tidak disebutkan jenis jet tempur Zionis yang menerobos wilayah udara Iran.""Sementara sekitar 100 jet terlibat dalam misi tersebut, hanya beberapa yang memasuki wilayah udara Iran,"" tulis CNN dalam laporannya.Beberapa jam setelah serangan udara Israel, Staf Umum Angkatan Bersenjata Iran mengatakan bahwa pesawat Israel menggunakan wilayah udara Irak yang dikendalikan oleh militer AS untuk meluncurkan beberapa rudal jarak jauh yang diluncurkan dari udara.Pernyataan militer Iran menambahkan bahwa serangan Zionis mengakibatkan ""kerusakan terbatas dan minimal"". ""Berkat kinerja pertahanan udara negara yang tepat waktu,"" kata Staf Umum tersebut.""Beberapa sistem radar rusak, beberapa di antaranya segera diperbaiki, sementara yang lain saat ini sedang diperbaiki,"" lanjut pernyataan tersebut.Namun, citra satelit dari Planet Labs dan penyedia komersial lainnya, yang dianalisis oleh para ahli militer, mengungkapkan kerusakan parah pada situs-situs utama militer Iran, yang menggarisbawahi dampak signifikan dari operasi Israel.Target serangan itu meliputi fasilitas produksi rudal, pabrik pencampuran bahan bakar rudal, dan situs-situs yang terkait dengan pengembangan senjata nuklir. 
            
                Lihat Juga: Perbandingan Kekuatan Militer Iran vs Indonesia","Senin, 28 Oktober 2024 - 07:34 WIB",internasional
"Mensesneg Pastikan Anggota Kabinet Merah Putih Pakai Mobil Dinas Maung, Bukan Sewa","JAKARTA - Menteri Sekretaris Negara (Mensesneg) Prasetyo Hadi memastikan bahwa jajaran  Kabinet Merah Putih  akan menggunakan mobil Maung produksi PT Pindad sebagai kendaraan dinas. Dia mengatakan, semangatnya adalah memiliki mobil buatan dalam negeri.""Ya jadi dong, semangatnya adalah kita harus punya mobil buatan sendiri,"" kata Prasetyo di Kompleks Istana Kepresidenan, Jakarta, Selasa (29/10/2024).Prasetyo mengungkapkan bahwa nantinya pemerintah akan membeli mobil Maung sebagai kendaraan dinas jajaran kebinet, bukan menyewanya. ""Ya kita beli, kita berinvestasi,"" kata Prasetyo.
                
                    Baca Juga
                    
                        
                    
                        
                    
                        
                            Prabowo Larang Menteri Pakai Mobil Impor, Mobil Dinas Harus Maung
                        
                    
                 Terkait mobil dinas era kepemimpinan Joko Widodo (Jokowi), kata Prasetyo, pihaknya masih membicarakan hal tersebut apakah akan dikembalikan atau tidak. ""Ya nanti kita pikirkan,"" ungkapnya.Prasetyo menekankan bahwa keinginan untuk menggunakan mobil Maung sebagai kendaraan dinas merupakan wujud semangat penggunaan mobil buatan bangsa sendiri.""Gini loh, Maung ini adalah beliau ingin semangatnya itu kita harus punya mobil buatan sendiri gitu. Enggak ada juga yang perlu diramaikan apa ya ramein. Doain aja doain biar Pindad bisa segera produksi kualitas yang baik,"" kata Prasetyo.
            
                Lihat Juga: Menteri Kabinet Merah Putih Bakal Dapat Maung Pindad untuk Mobil Dinas
            (rca)","Selasa, 29 Oktober 2024 - 14:56 WIB",nasional
"Kolaborasi dengan BUMN Pangan, Mentan Amran Optimalkan Kemandirian Pangan Nasional","JAKARTA - Menteri Pertanian (Mentan) Andi Amran Sulaiman menegaskan pentingnya sinergi antara Kementerian Pertanian (Kementan) dan Badan Usaha Milik Negara (BUMN) Pangan guna memperkuat ketahanan pangan nasional.Dalam pertemuan koordinasi bersama BUMN Pangan, Mentan Amran menggaris bawahi perlunya kolaborasi strategis untuk mengoptimalkan potensi lahan dan produksi BUMN dalam memenuhi kebutuhan pangan dalam negeri.“Kami ingin membangun kolaborasi yang saling menguntungkan. Misalnya, PT Sang Hyang Seri yang memiliki lahan potensial untuk produksi benih padi hingga mencapai 100 ribu ton per tahun dengan nilai mencapai Rp3 triliun. Potensi ini perlu dioptimalkan melalui kerja sama yang baik,” ujar Mentan Amran di Kantor Pusat Kementan, Jakarta, Selasa (29/10/2024).Lebih lanjut, Mentan Amran menegaskan pentingnya memperkuat cadangan pangan nasional melalui sinergi bersama Bulog. Langkah ini bertujuan menjaga stabilitas stok dan harga, sekaligus meningkatkan kesejahteraan petani. “Bulog memiliki peran penting dalam menjaga cadangan pangan. Kami ingin memastikan adanya mekanisme off-taker untuk komoditas strategis seperti padi dan jagung, agar petani tetap dalam posisi yang menguntungkan,” katanya.Mentan Amran juga menyampaikan rencana kerja sama dengan PTPN untuk meningkatkan produksi sawit dan gula nasional. Ia meminta agar PTPN menciptakan klaster kebun unggul yang dikelola secara profesional dan berteknologi modern. “PTPN perlu membangun klaster kebun dengan produksi tertinggi, peralatan terbaik, dan tenaga kerja yang terampil. Ini bisa menjadi laboratorium besar bagi kita untuk meningkatkan produksi secara efisien,” kata Mentan Amran.Mentan Amran menjelaskan bahwa pertemuan ini merupakan langkah lanjutan dari koordinasi bersama Menteri BUMN Erick Thohir minggu lalu. Pada pertemuan sebelumnya BUMN menyatakan kesiapannya dalam memperkuat program cetak sawah Kementan di Merauke untuk Ketahanan Pangan Nasional.“Pertemuan ini adalah langkah operasional dari hasil diskusi kami dengan Menteri BUMN. Kami akan terus melakukan pertemuan rutin untuk memantau dan memastikan langkah-langkah yang diambil efektif dalam meningkatkan kinerja BUMN Pangan,” ujar Mentan Amran. Dengan sinergi yang terbangun antara Kementan dan BUMN Pangan, Mentan Amran optimistis bahwa cita-cita Presiden Prabowo Subianto untuk mewujudkan swasembada pangan dalam waktu dekat dapat tercapai.Turut hadir dalam pertemuan tersebut perwakilan BUMN Pangan lainnya, seperti ID Food, PIHC, Bulog, dan PTPN.
            
                Lihat Juga: Wamentan Sudaryono Dorong Sumber Protein Alternatif untuk Makan Bergizi Gratis
            (ars)","Rabu, 30 Oktober 2024 - 11:46 WIB",nasional
"Iron Dome Israel Sudah Jebol, Padahal Hizbullah Belum Gunakan Kemampuan Rudal secara Penuh","BEIRUT - Iron Dome Israel sudah berulang kali jebol dalam menghadapi serangan rudal Hizbullah. Padahal, Hizbullah belum sepenuhnya menggunakan kekuatannya untuk menghancurkan Israel.Wakil kepala Dewan Politik Hizbullah mengatakan bahwa gerakan tersebut memiliki rudal yang mampu mengenai target yang lebih jauh, tetapi belum menggunakannya. ""Kami dapat mengarahkan serangan rudal berat ke musuh hingga kedalaman 140 kilometer,"" kata Mahmoud Qamati dilansir Middle East Monitor. ""Kemampuan rudal kami kuat, dan persediaan kami dapat bertahan lama."" Dia bersikeras bahwa klaim Israel tentang Hizbullah yang kehilangan sebagian besar kekuatan rudalnya adalah ""kebohongan total."" Berbicara kepada Al Jazeera, pejabat Hizbullah tersebut mencatat bahwa semua lowongan dalam struktur kepemimpinan Hizbullah telah terisi. “Pengumuman pengangkatan Sheikh Naim Qassem sebagai Sekretaris Jenderal tidak terkait dengan perkembangan politik dan merupakan bukti kuat kekuatan organisasi tersebut.”
                
                    Baca Juga
                    
                        
                    
                        
                    
                        
                            3 Alasan Israel Mengalami Kekalahan Perang di Lebanon dan Gaza
                        
                    
                 Ancaman terselubung oleh Menteri Perang rezim pendudukan Yoav Gallant untuk membunuh Sheikh Qassem tidak mengintimidasi gerakan tersebut, katanya. “Siapa pun yang menduduki posisi kepemimpinan dalam partai tersebut tahu bahwa mereka berpotensi menjadi martir.”Qamati menambahkan bahwa pihaknya belum menerima proyek resmi atau inisiatif politik apa pun. “Prioritas kami adalah berada di lapangan sekarang. Kami mengandalkan [Ketua Parlemen Lebanon] Nabih Berri dalam masalah politik, dan kami tidak menerima negosiasi apa pun di bawah tekanan.”Sejak 23 September, pasukan pendudukan Israel telah memperluas cakupan genosida yang dilakukan di Gaza sejak Oktober tahun lalu hingga mencakup sebagian besar wilayah Lebanon, termasuk ibu kota Beirut, melalui serangan udara yang belum pernah terjadi sebelumnya dan invasi darat. Rezim pendudukan bertindak tanpa menghiraukan peringatan internasional dan resolusi PBB.
            
                Lihat Juga: Pasukan Penjaga Perdamaian PBB Terluka dalam Serangan Roket di Lebanon Selatan
            (ahm)","Rabu, 30 Oktober 2024 - 18:32 WIB",internasional
BMKG: Waspada Peningkatan Curah Hujan hingga Awal November 2024,"JAKARTA   - Badan Meteorologi, Klimatologi, dan Geofisika ( BMKG ) mengeluarkan peringatan dini potensi peningkatan curah hujan hingga sepekan ke depan per periode 29 Oktober hingga 4 November 2024.BMKG melaporkan dari analisis dinamika atmosfer di wilayah Indonesia saat ini menunjukkan masih adanya ex-Tropical Cyclone Trami yang mulai memasuki daratan Vietnam dengan potensi melemah dan Tropical Cyclone Kong-Rey yang berada di Laut Filipina, sebelah timur laut Filipina.""Berbeda dari ex- TC Trami yang diprakirakan melemah, TC Kong-Rey yang saat ini memiliki kecepatan angin maksimum 50 knot ini berpotensi mengalami penguatan dalam 24 jam ke depan,"" tulis BMKG keterangan resminya, Selasa (29/10/2024).
                
                    Baca Juga
                    
                        
                    
                        
                    
                        
                            Suhu di Kota Bogor Tembus 35 Derajat Celsius, Begini Analisis BMKG
                        
                    
                 Meskipun demikian, BMKG mengungkapkan saat ini TC Kong-Rey diprakirakan bergerak ke arah Barat Barat Laut, menjauhi wilayah Indonesia, sehingga pengaruhnya terhadap wilayah Indonesia semakin berkurang.""Berkurangnya pengaruh ex-TC Trami dan TC Kong-Rey di wilayah Indonesia ini menyebabkan massa udara yang sebelumnya tertarik mendekati sistem menjadi lebih dinamis di sekitar wilayah Indonesia. Akibatnya, konvektivitas dan pengangkatan udara menjadi lebih aktif, sehingga hujan di sebagian wilayah Indonesia masih berpotensi terjadi,"" paparnya.
                
                    Baca Juga
                    
                        
                    
                        
                    
                        
                            41 Perwira Polisi Berpangkat Kompol Dimutasi Kapolda Metro Jaya, Ini Nama-namanya
                        
                    
                 Bahkan, sejumlah wilayah di Indonesia masih terpantau mengalami hujan dengan intensitas lebat yang diiringi angin kencang, seperti wilayah Depok dan sekitarnya pada 28 Oktober 2024. Selain itu, dalam sepekan terakhir.Pada sebagian wilayah Sumatera, Jawa, Bali, Nusa Tenggara, Kalimantan, dan Sulawesi, potensi hujan masih didominasi pada sore hingga menjelang malam hari, dengan sebaran tidak merata dan durasi relatif singkat. ""Hal ini umum terjadi pada masa peralihan dan di awal musim hujan yang diprakirakan terjadi pada akhir dasarian III Oktober hingga awal November mendatang,"" paparnya.Berikut wilayah yang berpotensi mengalami peningkatan curah hujan sepekan periode 29 Oktober hingga 4 November 2024:1. Aceh2. Sulawesi Selatan3. Sumatera Utara4. Kep. Riau5. Jambi6. Sumatera Selatan7. Kep. Bangka Belitung8. Bengkulu9. Lampung10. Banten11. Jawa Barat12. Jawa Tengah13. Jawa Timur14. Bali15. NTT16. Kalimantan Barat17. Kalimantan Tengah18. Kalimantan Timur19. Kalimantan Utara20. Kalimantan Selatan21. Sulawesi Utara22. Sulawesi Tengah23. Sulawesi Barat24. Sulawesi Selatan25. Sulawesi Tenggara26. Maluku Utara27. Maluku28. Papua Barat Daya29. Papua Barat30. Papua Tengah31. Papua Pegunungan32. Papua33. Papua Selatan
            
                Lihat Juga: BMKG Ingatkan Potensi Cuaca Ekstrem hingga Awal Oktober 2024
            (cip)","Selasa, 29 Oktober 2024 - 10:31 WIB",nasional
"Eks Presiden Bolivia Diberondong Tembakan saat Berada di Dalam Mobil, tapi Selamat","LA PAZ - Mantan presiden  Bolivia  Evo  Morales  mengatakan dirinya ditembaki saat berada di dalam mobil dalam apa yang dia klaim sebagai upaya pembunuhan pada hari Minggu. Beruntung, dia berhasil selamat.Serangan ini terjadi di tengah meningkatnya ketegangan politik di negara Amerika Selatan tersebut.Morales, yang tidak terluka, menyalahkan pemerintah atas serangan tersebut, yang disebutnya sebagai ""kegagalan"".""Yang menambah kekalahan politik pemerintah, yang telah kehilangan legitimasi di mata rakyat Bolivia,"" katanya, seperti dikutip CNN, Senin (28/10/2024).
                
                    Baca Juga
                    
                        
                    
                        
                    
                        
                            Hendak Kudeta, Jenderal Bolivia Serbu Istana Presiden Arce
                        
                    
                 Pemerintah membantah terlibat serangan tersebut dan mengatakan bahwa penyelidikan telah dibuka.Morales mengatakan dia sedang menuju ke stasiun radio di departemen Cochabamba di Bolivia bagian tengah, tempat dia menjadi pembawa acara program akhir pekan. Namun, tiba-tiba dua kendaraan mencegat mobilnya.""Empat petugas berkerudung berpakaian hitam dengan senjata di tangan mereka, keluar dan mulai menembak,"" paparnya.Menurutnya, empat belas peluru menghantam mobil, melukai pengemudinya di kepala dan lengan.Morales mengunggah video ponsel di Facebook yang dia klaim menunjukkan serangan itu. 
            
                Lihat Juga: Kronologi Detik-detik Donald Trump Lolos dari Tembakan AK-47","Senin, 28 Oktober 2024 - 08:01 WIB",internasional
"Saksikan KABINET MERAH PUTIH, 6 BULAN SIAP DIGANTI Malam Ini di Rakyat Bersuara Bersama Aiman Witjaksono, Refly Harun, Ray Rangkuti, Live hanya di iNews","JAKARTA - Presiden Prabowo Subianto akan evaluasi kinerja menteri dan wakil menteri dalam enam bulan. Langkah ini dilakukan sebagai bentuk komitmen untuk memastikan para pejabat kabinet bekerja sesuai ekspektasi demi mempercepat pencapaian visi-misi pemerintahannya.Dalam episode terbaru Rakyat Bersuara bersama Aiman Witjaksono, Refly Harun, Ray Rangkuti, Hendarsam Marantoko, dan narasumber kredibel lainnya malam ini akan membahas secara mendalam tentang evaluasi kinerja sebagai bukti komitmen Presiden Prabowo untuk memperkuat reformasi birokrasi.Presiden Prabowo menyampaikan bahwa enam bulan pertama merupakan waktu kritis untuk melihat sejauh mana para menteri dan wamen mampu beradaptasi dan memberikan hasil nyata. Penilaian akan dilakukan secara ketat berdasarkan target dan capaian yang diukur dengan indikator kinerja yang jelas. Jika para pejabat tidak menunjukkan kinerja yang baik atau gagal mencapai target, Prabowo menegaskan tidak akan segan-segan untuk mengganti mereka. Beberapa pengamat bahkan menilai bahwa kebijakan evaluasi ini menjadi pembeda utama dari pendekatan Prabowo dibandingkan dengan pemerintahan sebelumnya. Penegasan terhadap konsekuensi bagi para pejabat yang tidak bekerja maksimal dianggap penting sebagai upaya mendorong pemerintah yang lebih akuntabel dan berorientasi hasil.Rencana evaluasi ini mendapat sambutan positif dari berbagai kalangan, termasuk pengamat politik, akademisi, dan masyarakat umum. Langkah ini dinilai sebagai bentuk komitmen nyata Prabowo untuk menempatkan kepentingan rakyat di atas segalanya dan tidak kompromi terhadap kinerja yang di bawah standar. Lantas, bagaimana para pakar membahas persoalan ini? Jangan lewatkan Rakyat Bersuara ""KABINET MERAH PUTIH, 6 BULAN SIAP DIGANTI"" bersama narasumber, Hendarsam Marantoko-Ketum Lingkar Nusantara, Panel Barus-Relawan Projo, Igor Dirgantara-Pengamat Politik SPIN, Refly Harun-Pakar Tata Negara, Ubedilah Badrun-Pengamat Politik, Ray Rangkuti-Pengamat Politik, ⁠Immanuel Ebenezer-Wakil Menteri Ketenagakerjaan, Malam Ini Pikul 19.00 WIB, Live hanya di iNews.
            
                Lihat Juga: Gibran Panggil Meutya Hafid hingga Isyana Bagoes Oka, Ini yang Dibahas
            (zik)","Selasa, 29 Oktober 2024 - 15:29 WIB",nasional
"Hasil Survei Sebut Prabowo Bisa Pimpin Indonesia, Maruarar: Ada Pemilih Anies-Ganjar","JAKARTA - Menteri Perumahan dan Kawasan Permukiman Maruara Sirait menyambut baik hasil survei Indikator Politik Indonesia yang mengungkap tingkat keyakinan publik terhadap Presiden Prabowo Subianto bisa membawa Indonesia lebih baik mencapai 85%. Berkaca dari perolehan suara di Pilpres 2024, hasil survei ini merupakan sesuatu yang positif.Pada Pilpres 2024, kata pria yang karib disapa Ara itu, Prabowo terpilih karena meraih suara rakyat mencapai 58%. Kini, ketika terpilih, keyakinan publik terhadap kepemimpinan Prabowo bisa membawa Indonesia lebih baik justru semakin meroket.""Saya bersyukur Pak Prabowo dapat 58% (di Pilpres), tapi kepercayaan publik dapat 85. Artinya, 85 kurang 58 itu sekitar 27% itu menurut saya sangat tinggi (peningkatannya),"" ujar Ara di acara rilis survei Indikator Politik Indonesia secara daring, Minggu (27/10/2024).
                
                    Baca Juga
                    
                        
                    
                        
                    
                        
                            Survei Indikator: 77,6% Masyarakat Dukung Program Makan Bergizi Gratis
                        
                    
                 Menurut Ara, adanya peningkatan keyakinan publik terhadap Prabowo menandakan bukan hanya berasal dari pemilihnya yang 58% di Pilpres 2024. Namun, ada sebagian pemilih Anies Baswedan dan Ganjar Pranowo, rivalnya di Pilpres 2024 juga yakin bahwa Prabowo mampu membawa Indonwsia ke arah lebih baik.""Bayangkan, 85 juta dari 100 juta orang Indonesia percaya. 170 juta dari 200 juta orang Indonesia percaya kepada Pak Prabowo. Saya pikir itu adalah hal yang sangat penting,"" katanya.
                
                    Baca Juga
                    
                        
                    
                        
                    
                        
                            Survei Indikator: 85,3% Publik Meyakini Kepemimpinan Prabowo Lima Tahun Mendatang
                        
                    
                 Wakil Ketua MPR Lestari Moerdijat mengajak publik memberikan kesempatan kepada Prabowo untuk menjalankan roda pemerintahan. Terlepas soal perubahan nomenklatur kementerian dan lainnya, kata dia, Prabowo menjalankannya tidak bertentangan dengan undang-undang.Menurut Lestari Moerdijat, pemerintahan yang baru berjalan seminggu rasanya kurang fair untuk diberikan penilaian, karena Kabinet yang baru dilantik masih harus melakukan langkah untuk menyesuaikan.""Tinggal kita tunggu saja pembuktiannya 100 hari. Rasanya tidak fair kalau kita sekarang mengatakan ini tidak tepat, ini terlalu gendut, ini sudah baik atau tidak demikian, karena tentu di setiap keputusan ada pro kontra,"" kata Lestari yang juga hadir dalam rilis survei.
            
                Lihat Juga: Instruksikan Menteri Gunakan Maung, Logis 08: Terobosan Prabowo di Awal Pemerintahan","Minggu, 27 Oktober 2024 - 23:42 WIB",nasional
Presiden Joe Biden Berikan 1 Syarat Jika Ukraina Ingin Menyerang Pasukan Korea Utara,"WASHINGTON - Pasukan Ukraina harus menyerang tentara Korea Utara yang diklaim telah memasuki Rusia ""jika mereka menyeberang ke Ukraina."" Itu diungkapkan Presiden AS Joe Biden.Pentagon mengklaim minggu ini bahwa sekitar 10.000 tentara dari Korea Utara telah tiba di Rusia. Beberapa diduga diangkut untuk kemungkinan pengerahan melawan pasukan Ukraina di Wilayah Kursk Rusia, tempat sebagian pasukan Kiev tetap berada setelah melakukan serangan pada bulan Agustus.Ketika ditanya oleh media pada hari Selasa apakah Kiev harus ""menyerang balik"" terhadap pasukan Korea Utara, Biden menjawab: ""Jika mereka menyeberang ke Ukraina, ya."" Dia tidak mengklarifikasi posisi AS jika pasukan tetap berada di dalam apa yang diakui Washington sebagai wilayah Rusia.Moskow dan Pyongyang menandatangani perjanjian bilateral awal tahun ini yang mengatur bantuan militer bersama jika terjadi serangan oleh pihak ketiga. Presiden Rusia Vladimir Putin menolak untuk mengonfirmasi atau membantah laporan tentang keberadaan pasukan Korea Utara di Rusia. 
                
                    Baca Juga
                    
                        
                    
                        
                    
                        
                            Iron Dome Israel Sudah Jebol, Padahal Hizbullah Belum Gunakan Kemampuan Rudal secara Penuh
                        
                    
                 Apa yang dilakukan kedua negara untuk memenuhi kewajiban mereka berdasarkan perjanjian baru itu adalah urusan mereka sendiri, katanya dalam sebuah wawancara minggu lalu.Dalam beberapa bulan terakhir, pasukan Ukraina telah mengalami serangkaian kemunduran di medan perang. Beberapa analis militer berpendapat bahwa keputusan Kiev untuk mengirim pasukan melintasi perbatasan ke Kursk alih-alih memperkuat unit di timur telah berkontribusi pada situasi yang berbahaya itu.Jenderal Ukraina Dmitry Marchenko memperingatkan dalam sebuah wawancara minggu ini bahwa garis depan ""runtuh"" dan menyalahkan kepemimpinan militer yang buruk. Tentara juga menderita kekurangan amunisi dan kelelahan pasukan yang ditempatkan di zona perang, tambahnya.Kiev bermaksud mengatasi kekurangan tenaga kerjanya dengan merekrut 160.000 tentara tambahan selama tiga bulan ke depan, menurut para pejabat. Awal tahun ini, pemerintah merombak sistem wajib militer, dengan memberlakukan hukuman yang lebih berat bagi yang menghindari wajib militer. Anggota parlemen Ukraina Anna Skorokhod telah menilai bahwa jumlah pasukan Ukraina yang membelot atau menghilang tanpa izin kini mencapai lebih dari 100.000.Pemerintahan Biden telah berjanji untuk membantu Kiev ""selama diperlukan"" untuk menang. Moskow menyebut konflik tersebut sebagai perang proksi yang dipimpin AS melawan Rusia, di mana warga Ukraina berperan sebagai 'umpan meriam'.
            
                Lihat Juga: Putin Pegang Uang Kertas Simbolis BRICS, Menarik Perhatian Dunia
            (ahm)","Rabu, 30 Oktober 2024 - 19:09 WIB",internasional
"Serangan Israel Diklaim Hancurkan Seluruh Sistem Rudal S-300 Iran, Teheran dalam Bahaya Besar","TEL AVIV - Para pejabat Amerika Serikat (AS) dan Zionis mengeklaim serangan jet-jet tempur  Israel  pada Sabtu lalu telah menghancurkan seluruh sistem rudal S-300  Iran  yang dipasok Rusia.Menurut mereka, kondisi itu membuat Teheran dalam bahaya besar karena membuka militer Zionis melakukan serangan lanjutan yang lebih besar.Para pejabat tersebut mengatakan kepada Wall Street Journal bahwa Iran hanya menjatuhkan ""sedikit atau bahkan tidak ada"" rudal yang diluncurkan Israel dari sekitar 100 jet tempur selama serangan hari Sabtu dengan nama sandi Operation Days of Repentance (Operasi Hari-hari Pertobatan).Pernyataan para pejabat tersebut sesuai dengan penilaian dari lembaga think tank AS, Institute for the Study of War (ISW), termasuk deskripsi Israel yang menimbulkan kerusakan serius pada jaringan pertahanan udara terpadu Iran.
                
                    Baca Juga
                    
                        
                    
                        
                    
                        
                            Jet Siluman F-35 Israel Dilaporkan Mengebom Iran, Serang 4 Sistem Rudal S-300, 4 Tentara Tewas
                        
                    
                 ""IDF [Pasukan Pertahanan Israel] menyerang tiga atau empat lokasi S-300, termasuk satu di Bandara Internasional Imam Khomeini dekat Teheran,"" kata ISW.Lembaga think tank tersebut menyatakan bahwa setidaknya beberapa lokasi pertahanan udara yang menjadi sasaran adalah untuk melindungi infrastruktur energi penting di Iran barat dan barat daya. Lembaga itu juga mengidentifikasi lokasi sistem pertahanan Iran lainnya yang diserang, yakni di dekat kilang minyak Abadan, kompleks energi dan pelabuhan Bandar Imam Khomeini, dan ladang gas Tang-eh Bijar.""Melemahkan pertahanan udara di sekitar lokasi ini dapat membuat mereka lebih rentan terhadap serangan di masa mendatang,"" imbuh ISW, seperti dikutip The War Zone, Selasa (29/10/2024).Klaim para pejabat AS dan Israel serta penilaian ISW bertolak belakang dengan narasi Staf Umum Angkatan Bersenjata Iran.Staf Umum tersebut sebelumnya mengatakan sistem pertahanan udaranya berhasil mencegat banyak rudal yang ditembakkan jet-jet tempur Israel—yang menurut media-media Zionis sebanyak 100 pesawat, termasuk jet tempur siluman F-35.
            
                Lihat Juga: Netanyahu Ungkap Ingin Berdamai dengan Negara-negara Arab","Selasa, 29 Oktober 2024 - 08:15 WIB",internasional
"Polda Metro Rotasi Kapolsek hingga Kasat Reskrim, Ini Daftar Namanya","JAKARTA - Kapolda Metro Jaya Irjen Pol Karyoto melakukan  rotasi  pejabat di lingkungan  Polda Metro . Total ada 150 perwira yang dirotasi mulai dari Kapolsek hingga Kasat Reskrim.Adapun rotasi tersebut tertuang dalam Surat Telegram Kapolda ST/367/X/KEP./2024 tertanggal 25 Oktober 2024. Kabid Humas Polda Metro Jaya Kombes Pol Ade Ary Syam Indradi mengatakan rotasi tersebut sebagai bentuk penyegaran.""Benar, TR tersebut dalam rangka tour of duty dan penyegaran organisasi untuk melayani serta melindungi masyarakat,” kata Ade Ary kepada wartawan, Senin (28/10/2024).
                
                    Baca Juga
                    
                        
                    
                        
                    
                        
                            Mutasi TNI Terbaru, Sembilan Perwira Pecah Bintang
                        
                    
                 Berikut beberapa jabatan yang dirotasi:Kasat Reserse:1. Kasat Resnarkoba Polres Tangerang Selatan kini dijabat oleh AKP Pardiman2. Kasat Resnarkoba Polres Metro Tangerang Kota kini dijabat AKBP Dicky Fertoffan Bachrie3. Kasat Reskrim Polres Metro Bekasi kini dijabat oleh Kompol Onkoseno Grandiarso Sukahar4. PS Kasatlantas Polres Metro Jakarta Barat kini dijabat oleh Kompol Mujiyanto Kasigar5. Kasat Binmas Polres Metro Jakarta Timur kini dijabat oleh AKBP Dedi NurhadiKapolsek1. Kapolsek Cilandak kini dijabat Kompol Febriman2. Kapolsek Mampang Prapatan kini dijabat oleh Kompol Wahid Key 3. Kapolsek Ciracas kini dijabat oleh Kompol Rohmad Supriyanto
            
                Lihat Juga: 41 Perwira Polisi Berpangkat Kompol Dimutasi Kapolda Metro Jaya, Ini Nama-namanya","Senin, 28 Oktober 2024 - 14:20 WIB",nasional
Benny K Harman Minta Pemecatan Ipda Rudy Soik Dibahas Bareng Kapolri,"JAKARTA - Anggota Komisi III DPR RI  Benny K Harman  merasa janggal atas pemecatan Ipda Rudy Soik lantaran melanggar etik. Untuk itu, ia meminta agar komisi hukum membahas secara khusus pemecatan Rudy itu bersama Kapolri Jenderal Listyo Sigit Prabowo.Benny menilai pemecatan Rudy diakibatkan lantaran telah membongkar praktik bisnis hitam BBM ilegal di NTT. Ia menduga, bisnis hitam itu turut melibatkan pejabat di lingkungan Polda NTT.""Masalah pemecatan kepada Saudara Rudy Soik hanya ada kesalahan dalam penanganan dalam kasus BBM yang diduga melibatkan pengusaha hitam setempat dan dikendarai bekerja sama dengan pejabat di lingkungan Polda yang kemudian dia dihadapkan pada sidang kode etik,"" kata Benny saat RDPU bersama Kapolda NTT Irjen Daniel Tahi Silitonga, Senin (28/10/2024).
                
                    Baca Juga
                    
                        
                    
                        
                    
                        
                            Profil Ipda Rudy Soik, Polisi yang Dipecat Polda NTT Gara-gara Bongkar Mafia BBM
                        
                    
                 Atas dasar itu, Benny tak paham dasar pemecatan Rudy dari anggota Korps Bhayangkara. Menurutnya, hukuman Rudy tak setimpal bila terbukti melanggar kode etik.""Saya sampai saat ini tidak masuk di akal, belum masuk di akal saya, Pak Ketua. Sangking tidak masuk akalnya saya menduga-duga ada apa sebetulnya ini? Kalaupun ada kesalahan yang dilakukan oleh Saudara Rudi Soik di situ, apakah setimpal hukuman yang dijatuhkan kepadanya?"" ucapnya.Bahkan, Benny mendapatkan fakta baru terkait pemecatan Rudy. Ia menduga ada balas dendam dari pebisnis hitam TPPO terhadap Rudy. Menurutnya, Rudy kerap memberangus praktik tindak pidana perdagangan orang (TPPO) di NTT.""Saya temukan adalah orang yang dulu memasukkan Rudy Soik ke bui kasus TPPO ini ada di Polda di NTT ini. Saya duga ini adalah balas dendam,"" kata Benny.""Oleh sebab itu pimpinan, saya sebetulnya sangat sayang pimpinan tertinggi institusi polisi dari provinsi sampai dipanggil ke pusat begini hanya untuk mempertanggungjawabkan sebuah kekeliruan yang saya lihat tidak masuk di akal, kecuali kalau Pak Kapolda membela anak buah. Sayang Pak Kapolda diadili di sini, dipermalukan di sini,"" kata Benny.Kendati demikian, Benny meminta Daniel bisa berada di posisi Rudy untuk membongkar kasus BBM ilegal ini sesuai aturan hukum yang berlaku. Bahkan, ia mengusulkan agar pemecatan Rudy tak dibahas khusus bersama Kapolri. ""Kami usulkan supaya kasus NTT ini khusus pemecatan terhadap saudara Rudy Soik dibawa dengan pertemuan khusus dengan Pak Kapolri dalam waktu yang tidak begitu lama. Demi keadilan, demi tegaknya hukum dan demi masyarakat NTT yang kita cintai,"" tandasnya.
            
                Lihat Juga: Jadi Anggota Komisi III DPR, Lola Oktavia Komitmen Wujudkan Hukum Berkeadilan
            (rca)","Senin, 28 Oktober 2024 - 15:16 WIB",nasional
"Profil Lengkap Rahayu Saraswati, Keponakan Prabowo yang Bela Ipda Rudy Soik","JAKARTA - Anggota DPR  Rahayu Saraswati  mendapat sorotan publik setelah tampil membela  Ipda Rudy Soik , Anggota Polda Nusa Tenggara Timur (NTT) yang dipecat karena dugaan pengungkapan mafia BBM. Politikus Partai Gerindra itu akan melaporkan kasus tersebut kepada Presiden Prabowo Subianto yang tak lain adalah pamannya sendiri. Pembelaan terhadap Rudi Soik disampaikan Rahayu Saraswati dalam Rapat Dengar Pendapat (RDP) Komisi III DPR dengan Kapolda NTT Irjen Daniel Tahi Monang Silitonga dan Rudy Soik di ruang Komisi III DPR, Senayan, Jakarta Pusat, Senin (28/10/2024). Sara, sapaan akrab Rahayu Saraswati, hadir sebagai Ketua Jaringan Nasional (Janras) Anti-Tindak Pidana Perdagangan Orang (TPPO).Sara menilai Rudy Soik sebagai sosok yang berkomitmen dalam memperjuangkan hak-hak masyarakat kecil, termasuk dalam mengungkap kasus-kasus perdagangan orang dan jaringan mafia BBM. ""Sangat disayangkan kalau misalkan ada polisi yang memang lurus, bersih, sampai sedemikian hanya untuk bisa melawan hal-hal tersebut,"" kata Sara dalam RDP Komisi III DPR.Wakil Rakyat dari Daerah Pemilihan (Dapil) DKI Jakarta III akan melaporkan kasus tersebut kepada Presiden Prabowo. ""Kalau tidak ada tindak lanjut yang jelas dan tidak ada keberpihakan yang jelas kepada masyarakat, khususnya dalam hal ini saya mewakili NTT, tentunya saya akan mengangkat ini ke tingkat yang lebih tinggi lagi,"" katanya.Profil Rahayu SaraswatiSara bernama lengkap Rahayu Saraswati Dhirakanya Djojohadikusumo. Selain politikus, dia juga dikenal sebagai aktivis sosial karena konsistensinya dalam memperjuangkan hak-hak perempuan dan pemberantasan perdagangan manusia. Perempuan kelahiran 27 Januari 1986 itu bukan berasal dari keluarga sembarangannya. Sara merupakan putri pasangan Hashim Djojohadikusumo dan Anie Hashim Djojohadikusumo, yang berarti keponakan Presiden Prabowo Subianto.Nama belakang Sara, Djojohadikusumo, merujuk pada kakek buyutnya, Raden Mas Margono Djojohadikusumo, pendiri Bank Negara Indonesia (BNI). Sementara kakeknya adalah Soemitro Djojohadikusumo yang juga dikenal sebagai begawan ekonomi. Sara menempuh pendidikan dasar di SD Tarakanita II Jakarta sebelum melanjutkan studi ke United World College of South East Asia (UWCSEA) di Singapura dan Collège du Léman di Jenewa, Swiss. Ia lulus pada 2003 dan kemudian memperoleh gelar diploma dari The International School of Screen Acting di London pada 2007. Setelah itu, Sara diterima di Universitas Virginia, Amerika Serikat, melalui jalur Early Decision, dengan fokus pada jurusan Classics and Drama.
                
                    Baca Juga
                    
                        
                    
                        
                    
                        
                            Profil Ipda Rudy Soik, Polisi yang Dipecat Polda NTT Gara-gara Bongkar Mafia BBM
                        
                    
                 Rahayu Saraswati memulai kariernya sebagai pembawa acara di The Indonesia Channel dalam program Hot Indonesia pada 2014-2015. Pada saat yang bersamaan, ia juga berkiprah sebagai pendiri, pemegang saham, dan CEO di The Legacy Pictures PTE Ltd.
            
                Lihat Juga: Kasus Narkoba Bareng Teddy Minahasa, AKBP Dody Prawiranegara Dipecat","Rabu, 30 Oktober 2024 - 11:55 WIB",nasional
Ada Rusia di Balik Iran Sukses Ladeni Serangan 100 Pesawat Israel Termasuk F-35,"TEHERAN - Ada peran  Rusia  di balik kesuksesan  Iran  meladeni serangan udara  Israel  yang melibatkan 100 pesawat militer, termasuk jet tempur siluman F-35 Adir, pada Sabtu dini hari.Mengutip laporan Sky News Arabia, Minggu (27/10/2024), beberapa jam sebelum operasi Israel diluncurkan, pejabat Rusia memberi tahu Iran tentang serangan yang akan datang, dan berbagi informasi intelijen tentang target potensial dan manuver Zionis.Peran Rusia itu diungkap sumber yang berbicara dengan Sky News Arabia. Kolaborasi ini menggarisbawahi komitmen Rusia untuk menjaga stabilitas regional dan membantu Teheran dalam mempersiapkan pertahanannya. Iran dan Rusia tidak berkomentar atas laporan berbagi intelijen tersebut.Meskipun mengalami kerusakan pada instalasi militer di provinsi Teheran, Khuzestan, dan Ilam—yang mengakibatkan kematian empat tentara Iran—otoritas Iran melaporkan bahwa pertahanan udara mereka mencegat banyak rudal Zionis yang menyerang.
                
                    Baca Juga
                    
                        
                    
                        
                    
                        
                            Teka-teki Iran Tak Luluh Lantak Diserang 100 Pesawat Israel, Termasuk Jet Siluman F-35
                        
                    
                 Berbagai laporan yang saling bertentangan telah muncul mengenai jumlah gelombang serangan Israel. Meskipun sumber-sumber Barat dan Israel berbeda, laporan-laporan dari Iran menunjukkan beberapa gelombang serangan memang terjadi.Strategi Israel mengandalkan rudal jarak jauh yang diluncurkan dari udara, yang ditembakkan dari posisi yang jauh di luar wilayah udara Iran, sehingga meminimalkan risiko bagi pesawat-pesawat militernya.Media Zionis melaporkan serangan kemarin melibatkan sekitar 100 pesawat militer, termasuk F-15, F-16, dan jet tempur siluman F-35.Laporan lain dari Axios memaparkan Israel berkomunikasi langsung dengan Iran melalui perantara pihak ketiga sebelum serangan diluncurkan, mendesak pengekangan dan mengancam akan menyerang lebih dahsyat jika Teheran membalas serangan. Namun, militer Zionis membantah laporan tersebut.Pada 25 Oktober, Menteri Luar Negeri Belanda Kaspar Veldkamp juga menyerukan de-eskalasi selama percakapan dengan koleganya dari Iran. 
            
                Lihat Juga: Iran Incar Kapal Induk AS di Timur Tengah","Minggu, 27 Oktober 2024 - 13:39 WIB",internasional
"Sempat Ditunda, Sidang PK Jessica Wongso Digelar di PN Jakarta Pusat Hari Ini","JAKARTA   - Pengadilan Negeri Jakarta Pusat (PN Jakpus) kembali menggelar sidang Peninjauan Kembali (PK) Jessica Kumala Wongso hari ini, Selasa (29/10/2024). PK tersebut terkait kasus pembunuhan Wayan Mirna Salihin yang dikenal dengan kasus kopi sianida.Diketahui, sejatinya sidang perdana PK tersebut digelar pada Senin, 28 Oktober 2024. Namun, persidangan ditunda lantaran pihak pemohon belum menghadirkan saksi novum untuk disumpah. ""Kalau ada novum harus disumpah dulu,"" kata Ketua Majelis Hakim Zulkifli Atjo di ruang sidang Pengadilan Negeri Jakarta Pusat, Senin (21/10/2024). 
                
                    Baca Juga
                    
                        
                    
                        
                    
                        
                            Kekeliruan Hakim Jadi Alasan Jessica Wongso Ajukan PK Kasus Kopi Sianida
                        
                    
                 Hakim Atjo menyatakan sidang tersebut ditunda hingga pekan depan. Penundaan sekaligus untuk melengkapi hal-hal yang dibutuhkan. 
                
                    Baca Juga
                    
                        
                    
                        
                    
                        
                            41 Perwira Polisi Berpangkat Kompol Dimutasi Kapolda Metro Jaya, Ini Nama-namanya
                        
                    
                 ""Karena kami itu hanya melaksanakan formalitasnya, membuktikan materilnya Mahkamah Agung. Kita tunda hari Selasa, tanggal 29 (Oktober) sambil melengkapi yang belum lengkap,"" ujar Hakim Atjo. Pantauan di lokasi, Jessica dan penasihat hukumnya sudah berada di ruang sidang PN Jakpus sekira pukul 10.16 WIB. Jessica tampak sudah bersiap untuk mengikuti persidangan.
            
                Lihat Juga: Sidang PK Jessica Wongso, Pembacaan Memori Kasasi
            (cip)","Selasa, 29 Oktober 2024 - 10:41 WIB",nasional
"Kronologi 100 Pesawat Israel Serang Iran, Gempur Sistem Rudal Suriah hingga S-300 Teheran","TEHERAN - Rincian kronologi serangan udara  Israel  terhadap  Iran  pada Sabtu pekan lalu telah muncul. Serangan ini melibatkan sekitar 100 pesawat, termasuk jet tempur siluman F-35, di mana sistem pertahanan rudal pelindung situs minyak dan nuklir menjadi target utama. Citra satelit dari lokasi yang terkena dampak di Iran dan rincian yang dilaporkan oleh New York Times menunjukkan bahwa pemimpin Israel mengindahkan saran sekutunya, tetapi lokasi serangan tetap mengisyaratkan bahwa Israel mampu menyerang target bernilai tinggi jika eskalasi terus berlanjut.
                
                    Baca Juga
                    
                        
                    
                        
                    
                        
                            CNN Sebut Jet Tempur Israel Terobos Langit Iran, Beda dengan Klaim Teheran
                        
                    
                 Operasi tersebut, dengan nama sandi Days of Repentance, tampaknya ditujukan untuk melemahkan kemampuan Iran untuk menyerang Israel, serta membuat negara Islam tersebut lebih rentan terhadap serangan udara di masa mendatang.Pasukan Pertahanan Israel (IDF) mengatakan bahwa mereka berfokus pada pertahanan udara, lokasi radar, dan fasilitas produksi rudal jarak jauh. Kronologi 100 Pesawat Israel Serang Iran1. Operasi tersebut melibatkan lebih dari 100 jet dan pesawat nirawak, dan dilakukan dalam dua gelombang.Versi militer Iran, pesawat-pesawat Zionis menyerang dari wilayah udara Irak yang dikendalikan Amerika Serikat (AS), tanpa memasuki wilayah udara Iran.Namun, laporan Iran International menyebut beberapa jet tempur siluman F-35 Israel memasuki wilayah udara Iransebelum akhirnya mengebom target di dekat Teheran.Laporan CNN juga mengatakan beberapa pesawat Israel memasuki wilayah udara Iran dan kembali dengan selamat setelah misi serangan rampung.2. Jet-jet tempur Zionis menyerang sistem pertahanan rudal di Suriah dan Irak lebih dahulu, mencegah sekutu Teheran mencegat pesawat-pesawat Israel saat dalam perjalanan. Itu diungkap tiga pejabat Israel dan tiga pejabat Iran yang dikutip New York Times.
            
                Lihat Juga: Iran Incar Kapal Induk AS di Timur Tengah","Senin, 28 Oktober 2024 - 08:55 WIB",internasional
Kapolda NTT Usap Kepala Ipda Rudy Soik di DPR: Anak Ayam Itu Ada di Tangan Kamu,"JAKARTA - Kapolda Nusa Tenggara Timur ( NTT ) Irjen Pol Daniel Tahi Monang Silitonga berbincang dan memberi petuah kepada Ipda Rudy Soik yang dijatuhi sanksi pemberhentian tidak dengan hormat (PTDH) oleh Polda NTT usai mengungkap dugaan mafia bahan bakar minyak (BBM). Momen itu terjadi usai Daniel mengikuti rapat dengar pendapat umum (RDPU) di Komisi III DPR RI, Senin (28/10/2024).Daniel tampak memberikan petuah untuk Rudy. Dengan ibaratkan anak ayam, kata Daniel, Rudy memiliki pilihan untuk menentukan jalan hidupnya, seperti berkarier di Korps Bhayangkara.""Anak ayam itu ada di tangan kamu, kalau itu mati terserah kau, kalau kau menghidupkan terserah kau ya kan itu yang saya bilang. Jadi kamu yang harus menentukan atas kariermu sendiri,” ujar Daniel sambil memegang tangan Rudy.
                
                    Baca Juga
                    
                        
                    
                        
                    
                        
                            Benny K Harman Minta Pemecatan Ipda Rudy Soik Dibahas Bareng Kapolri
                        
                    
                 Daniel pun mengaku sayang dengan Rudi. Rudi yang mendengarnya hanya mengangguk-anggukan kepala. Lantas, Daniel meminta Rudy untuk menjadi polisi yang baik.“Saya sayang sama kamu. Saya ingin kamu menjadi anggota polisi yang baik. Berikan informasi yang baik terhadap TPPO (tindak pidana perdagangan orang, red) maupun BBM itu tadi. Kamu kalau mau langsung ke saya. Jadi, itu yang saya inginkan dari kamu,” ujar Daniel ke Rudy.
                
                    Baca Juga
                    
                        
                    
                        
                    
                        
                            Profil Ipda Rudy Soik, Polisi yang Dipecat Polda NTT Gara-gara Bongkar Mafia BBM
                        
                    
                 Setelah itu, Daniel mengarahkan tangannya ke kepala Rudy. Ia mengusap kepala Rudy yang botak pelontos. Ia pun menyampaikan bahwa Rudy tetaplah anaknya.“Gitu ya, Rudy ya. Kamu tetap anak saya,” pungkasnya.
            
                Lihat Juga: Ipda Rudy Soik di-PTDH, Prof Henry Dukung Rekomendasi DPR
            (rca)","Senin, 28 Oktober 2024 - 15:32 WIB",nasional
Duduk Perkara Najwa Shihab Dirujak Netizen Gegara Nyeletuk Jokowi Nebeng Pesawat TNI AU,"JAKARTA -  Najwa Shihab  trending di media sosial X (dulu bernama Twitter), Senin (28/10/2024). Jurnalis senior pemilik program Mata Najwa itu sedang menjadi bulan-bulanan netizen karena menyebut Presiden Joko Widodo (Jokowi) 'nebeng' pesawat TNI AU ketika pulang ke Solo usai pelantikan Presiden Prabowo Subianto.Serangan netizen terhadap Nana, sapaan akrab Najwa Shihab, dipicu celetukan Nana saat siaran langsung momen pelantikan Prabowo-Gibran melalui kanal YouTube Narasi pada 20 Oktober 2024 lalu. Setelah pelantikan, Jokowi dan Iriana Jokowi langsung pulang ke kampung halamannya di Solo. Kepulangan Jokowi diantar menggunakan pesawat Boeing milik TNI AU yang dikawal delapan pesawat tempur.Sebelumnya, sempat beredar kabar Jokowi pulang ke Solo dengan menggunakan pesawat komersial. Di momen itu, Nana kemudian mengeluarkan celetukan soal nebeng. ""Gak jadi komersil, sekarang nebeng TNI AU,"" kata Nana yang kemudian diluruskan oleh rekannya. ""Nggak nebeng sih Mbak Nana, mengantar langsung,"" kata rekan Nana.""Mengantar langsung,"" timpal Nana meluruskan celetukan sebelumnya.Meski telah diluruskan tapi potongan video Nana soal Jokowi nebang TNI AU viral di media sosial. Nana menjadi bulan-bulanan, sasaran serangan netizen yang tidak terima atas celetukan tersebut.""Emang kamu siapa ????? yg kamu lakukan untuk Indoensia selain memecah belah apa ?????????...mulut comberannn,"" tulis akun @DeNa****.""Kalo presiden emang pantes mendapat fasilitas klo elu sama para budah Yaman yg lain, itu baru namanya nebeng,"" kata akun @Baby*****.
            
                Lihat Juga: Hikmahbudhi Nilai Transisi Kepemimpinan Nasional Jokowi ke Prabowo Mulus","Senin, 28 Oktober 2024 - 16:22 WIB",nasional
Mentan Gandeng Perguruan Tinggi Dorong Inovasi Teknologi Pertanian untuk Swasembada Pangan,"JAKARTA - Kementerian Pertanian (Kementan) di bawah pimpinan Menteri Pertanian (Mentan) Andi Amran Sulaiman menjalin kerja sama dengan Kementerian Pendidikan Tinggi, Sains, dan Teknologi (Dikti Saintek) untuk mendukung visi Presiden Prabowo Subianto terkait swasembada pangan. Kolaborasi ini bertujuan untuk mendorong inovasi teknologi pertanian sebagai langkah strategis dalam meningkatkan produksi pangan nasional.Mentan Amran menegaskan bahwa perguruan tinggi memiliki peran penting yang sangat strategis dalam pengembangan teknologi dan inovasi di sektor pertanian.“Perguruan tinggi berperan besar dalam kemajuan bangsa. Melalui kolaborasi ini, kita dapat mempercepat tercapainya target swasembada pangan yang diharapkan Presiden,” ujar Mentan Amran dalam Forum Diskusi Rektor dengan Mentan dan Mendikti Saintek di Kantor Pusat Kementan, Jakarta, Selasa (29/10/2024). Kerja sama antara Kementan dan Kemendikti Saintek mencakup berbagai inisiatif, seperti penelitian bersama, pelatihan teknologi terbaru bagi petani, serta pemanfaatan hasil riset perguruan tinggi untuk meningkatkan kualitas produksi.“Teknologi pertanian adalah masa depan kita. Kita butuh teknologi baru dari perguruan tinggi. Jangan kita bergantung pada negara lain. Untuk itu, aku ingin orang-orang terbaik, dosen terbaik, untuk bantu melakukan riset tentang air, benih, alat mesin pertanian,” kata Amran.Menteri Pendidikan Tinggi, Sains, dan Teknologi (Mendikti Saintek), Satryo Soemantri Brodjonegoro, mendukung penuh kolaborasi lintas kementerian ini.“Ini hal bersejarah, kita menjalankan amanat Presiden untuk kolaborasi antarsektor. Perguruan tinggi dilibatkan terkait pemanfaatan perkembangan teknologi inovasi bidang pertanian,” ujar Satryo.Satryo mendorong dosen, ahli, dan mahasiswa untuk aktif menyukseskan program strategis Kementan guna menjaga ketahanan pangan.“Kami di Dikti Saintek beri keleluasan ke dosen dan mahasiswa di program swasembada pangan untuk kemajuan pertanian di Indonesia sekaligus meningkatkan keahlian mereka. Peneliti hasilkan inovasi baru, mahasiswa pertanian didorong ikut petani milenial,” tuturnya.Dalam setiap kesempatan, Mentan Amran mengatakan pentingnya transformasi pertanian tradisional menuju pertanian modern untuk menyukseskan program strategis mencapai swasembada pangan di Indonesia.“Kita sinkronkan sumber daya alam, generasi muda, dan teknologi. Aku yakin Indonesia menjadi lumbung pangan dunia,” ucapnya.
            
                Lihat Juga: Kampanye di Ampibabo, Cagub Sulteng Ahmad Ali Pastikan Tak Ada Lagi Petani Merugi
            (ars)","Rabu, 30 Oktober 2024 - 11:55 WIB",nasional
"Kerugian Negara Capai Rp100 Miliar, KPK Usut Pengadaan Laptop di PT INTI","JAKARTA   - Komisi Pemberantasan Korupsi (KPK) mengusut kasus dugaan korupsi pengadaan laptop di PT. Industri Telekomunikasi Indonesia (PT. INTI) Persero 2017-2018.Juru Bicara KPK Tessa Mahardhika Sugiarto menyatakan, pihaknya belum menetapkan tersangka dalam perkara tersebut. ”Ini merupakan Sprintdik yang baru diterbitkan oleh KPK, belum ada penetapan tersangka,” kata Tessa, Selasa (29/10/2024). Menurutnya, penyidik masih mengumpulkan dan mempelajari alat bukti yang ada sebelum menetapkan Tersangka dalam kasus yang dimaksud. Tessa melanjutkan, pihaknya menaksir kerugian negara dalam kasus pengadaan laptop ini mencapai ratusan miliar. ""Dugaan kerugian negara sementara atas pengadaan tersebut sekitar kurang lebih Rp100 miliar,"" ujarnya. 
                
                    Baca Juga
                    
                        
                    
                        
                    
                        
                            Kasus Dugaan Korupsi Abdul Ghani Kasuba, KPK Periksa Pengurus Yayasan Alkhairaat Malut
                        
                    
                 Sejalan dengan itu, KPK telah menjadwalkan pemeriksaan terhadap Natalia Gozali selaku Direktur PT. Mitra Buana Komputindo, Victor Antonio Kohar selaku Direktur PT. Asiatel Globalindo, Adiaris selaku Direktur Bisnis PT Industri Telekomunikasi Indonesia Tahun 2016-2017. 
                
                    Baca Juga
                    
                        
                    
                        
                    
                        
                            41 Perwira Polisi Berpangkat Kompol Dimutasi Kapolda Metro Jaya, Ini Nama-namanya
                        
                    
                 Nilawaty Djuanda selaku Direktur Keuangan PT Industri Telekomunikasi Indonesia 2014-2019, Yani Gustiana selaku Senior Account Manager PT Industri Telekomunikasi Indonesia tahun 2017-2018.""Saksi hadir semua dan didalami terkait dengan peran dan pengetahuan mereka dalam pengadaan Komputer dan Laptop tahun 2017-2018 di PT. Industri Telekomunikasi Indonesia (PT. INTI) Persero,"" ucap Tessa.
            
                Lihat Juga: Kasus Dugaan Korupsi Abdul Ghani Kasuba, KPK Periksa Pengurus Yayasan Alkhairaat Malut
            (cip)","Selasa, 29 Oktober 2024 - 12:23 WIB",nasional
Launching dan Bedah Buku Dinasti Keong Demokrasi Mati,"JAKARTA - Buku Dinasti Keong Demokrasi Mati resmi diluncurkan di Jakarta, Senin (28/10/2024). Launching buku yang ditulis tiga senior politik yaitu Fi Titik Wijayanti, Amos Apri Dawan, dan Purwandono ini diramaikan puluhan relawan politik.Dalam sambutannya, penulis buku Fi Titik Wijayanti menyampaikan demo besar di Mahkamah Kontitusi (MK) menjadi momen dirinya merenung menulis buku ini. Dari momen itulah wacana dinasti muncul dan menjadi inspirasi penulisan tentang Dinasti Keong.Sedangkan Purwandono menjelaskan konteks refleksi terhadap masa lalu dan potensi keterulangan tragedi kemanusiaan yang pernah terjadi di negeri ini. Dia menjelaskan dari konteks 98, yang menghasilkan sistem yang walaupun belum sempurna tapi terbukti menghasilkan beberapa figur pemimpin. Refleksi dari peristiwa 98, munculnya upaya mengaburkan sejarah tentang 98, dan kemunduran demokrasi menjadi pemicu penulisan buku ini. ”Dengan keterlibatan kekuasaan mengubah aturan untuk kepentingan kekuasaan kroni, oligarki, dan keluarganya merupakan pemicu penulisan buku ini untuk kembali mengajak semua elemen gerakan untuk mengembalikan demokrasi di singgasana sebagai dasar berpolitik bangsa ini,” ujarnya.Pengamat politik Ikrar Nusa Bakti memberikan pandangan tentang pasang surut demokrasi dalam perjalanan bangsa ini pascakemerdekaan. Menurutnya, apa yang terjadi saat ini terjadi di luar prediksi dan banyak pihak yang terkaget-kaget dengan apa yang kemudian dilakukan rezim yang berkuasa saat itu.Beliau juga menuturkan keberhasilan gerakan 98 yang didukung keberadaan televisi swasta yang menyiarkan demo dan aksi massa yang dilakukan elemen-elemen gerakaa di banyak tempat. “Dan dukungan dari faksi di dalam tubuh tentara yang didominasi oleh Angkatan awal 70-an Akmil,” terangnya.Ikrar juga memberi harapan dan keberatan jika demokrasi mati. Dia tidak mengira demokrasi Indonesia dihancurkan pemimpin sipil.
            
                Lihat Juga: Mewaspadai Pembunuh Budaya di Jemari Kita
            (poe)","Selasa, 29 Oktober 2024 - 16:27 WIB",nasional
Cagub Sulteng Ahmad Ali Targetkan Kantongi 200 Ribu Lebih Suara di Parigi Moutong,"PARIGI MOUTONG (PARIMO) - Calon Gubernur (Cagub) Sulawesi Tengah (Sulteng) nomor urut 1 Ahmad HM Ali disambut antusias masyarakat saat menggelar kampanye dialogis di Desa Siniu, Kecamatan Siniu, Kabupaten Parigi Moutong (Parimo), Senin (28/10/2024) malam.Baru saja tiba di lokasi kampanye, Ahmad Ali langsung dikerumuni warga. Ibu-ibu yang mendominasi kampanye malam itu berebut menemui calon gubernur idolanya. Bahkan, mereka langsung mengajak suami Nilam Sari Lawira itu berjoget ""gemoy"", goyangan khas Ahmad Ali sambil mengangkat 1 jari.""Bapak tidak perlu pidato, bapak sudah pasti menang di sini,"" teriak seorang warga.Sementara itu, Cagub Sulteng Ahmad Ali mengajak agar seluruh simpatisan dan masyarakat yang menginginkan perubahan lebih baik di daerah tersebut untuk sama-sama memperjuangkan harapan mereka dengan memilih calon kepala daerah yang programnya realistis.Kabupaten Parigi Moutong diyakini sebagai basis suara terbesar pasangan Calon Gubernur dan Wakil Gubernur Ahmad HM Ali-Abdul Karim Al Jufri. Di daerah dengan jumlah daftar pemilih tetap (DPT) terbanyak, yakni 327.357 pemilih itu, Ahmad Ali menargetkan paling tidak bisa mengamankan 200 ribu lebih suara.""Kita tidak bisa berkeyakinan tanpa perjuangan. Olehnya, malam ini saya mengajak mari kita berjuang bersama-sama,"" ujar Ahmad Ali yang diamini warga.Mantan Anggota DPR RI dua periode itu ikut berkontestasi di Pilkada Sulteng dengan menawarkan sejumlah program pro rakyat, di antaranya asuransi pertanian, perlengkapan sekolah gratis, pembiayaan jaminan kesehatan gratis, perlindungan sosial pekerja informal, hingga perbaikan infrastruktur jalan.Dia pun yakin bisa merealisasikan semua program itu jika diberi mandat oleh masyarakat Sulteng yang akan melakukan pemilihan serentak 27 November mendatang.""Saya tidak dibiayai pengusaha untuk maju gubernur, saya tidak mau berhutang kepada pengusaha karena saya hanya mau melayani masyarakat. Saya ingin jabatan ini sebagai ladang amal saya kelak, sehingga saya hanya ingin melakukan yang terbaik untuk daerah ini dan masyarakat Sulteng,"" ujarnya.
            
                Lihat Juga: Kolaborasi dengan BUMN Pangan, Mentan Amran Optimalkan Kemandirian Pangan Nasional
            (skr)","Selasa, 29 Oktober 2024 - 18:35 WIB",nasional
Merayakan Seabad Kontribusi dan Menguatkan Dasar Hukum Nasional,"JAKARTA - Fakultas Hukum (FH) Universitas Indonesia (UI) menggelar Sidang Perayaan Akbar Dies Natalis ke-100 di Balai Sidang FHUI Depok, Senin (28/10/2024). Acara itu digelar menandai seabad kontribusi FHUI dalam pendidikan dan perkembangan tatanan hukum di Indonesia.Sejumlah tokoh penting hadir dalam acara tersebut, di antaranya Menteri Koordinator Bidang Hukum, Hak Asasi Manusia, Imigrasi, dan Pemasyarakatan Prof.  Yusril Ihza Mahendra  yang juga Guru Besar FHUI dan Hakim Konstitusi Dr. Arsul Sani. Sidang dipimpin oleh Dekan FHUI Dr. Parulian Paidi Aritonang, dan dihadiri oleh para guru besar, wakil rektor, dekan-dekan fakultas hukum dari universitas lain, serta perwakilan lembaga hukum nasional dan internasional.Yusril mengungkapkan apresiasi dari pemerintah atas kontribusi luar biasa FHUI sejak pendiriannya pada 28 Oktober 1924. “Tepat 100 tahun lalu, pendidikan hukum pertama di Indonesia dibuka di Batavia, yang kemudian melahirkan generasi elite baru di bidang hukum,” kata Yusril dalam sambutannya.
                
                    Baca Juga
                    
                        
                    
                        
                    
                        
                            Mahfud MD Sebut Rule by Law Tumbuh Jadi Penyakit dalam Sistem Hukum Nasional
                        
                    
                 Dia menuturkan, FHUI telah mencetak bukan hanya ilmuwan dan praktisi hukum, tetapi juga tokoh-tokoh nasional yang berperan dalam perjuangan kemerdekaan seperti Prof. Soepomo dan Mr. Muhammad Yamin yang menjadi Menteri Kehakiman pertama. Dia menuturkan, seabad pendidikan hukum yang telah dilalui FHUI bukan sekadar perjalanan waktu, melainkan cerminan komitmen yang terus diperkuat dalam melahirkan tokoh-tokoh hukum berintegritas dan berjiwa nasionalis. “Di tengah perbedaan perspektif yang ada, selalu ada titik temu yang menyatukan kami, yaitu komitmen yang teguh untuk mempertahankan dan memajukan Republik Indonesia,” kata Yusril.Yusril mengatakan, perkembangan pendidikan hukum di Indonesia memiliki pengaruh kuat dari sistem hukum Belanda. Namun, seiring waktu, FHUI berperan penting dalam mengupayakan transformasi hukum yang lebih sesuai dengan norma dan falsafah Indonesia. “Meskipun sistem hukum kita masih memiliki warisan dari hukum kolonial, kita telah berhasil melakukan transformasi sehingga hukum kita dapat lebih mencerminkan nilai-nilai yang hidup di tengah masyarakat,” tuturnya.Hakim Konstitusi Dr. Arsul Sani yang hadir mewakili Mahkamah Konstitusi turut menyampaikan selamat atas perayaan seabad FHUI. Arsul melanjutkan, peringatan 100 tahun ini menjadi momen reflektif bagi FHUI untuk melihat kembali pencapaian dan tantangan yang akan dihadapi pendidikan hukum di masa depan.
            
                Lihat Juga: Peringatan 100 Tahun Pendidikan Tinggi Hukum di Indonesia, ILUNI FHUI Gelar Pameran Seni","Selasa, 29 Oktober 2024 - 19:46 WIB",nasional
Prabowo-Gibran Diminta Libatkan Pemangku Kepentingan dalam Rumuskan Regulasi,"JAKARTA - Harapan baru banyak dinantikan di masa pemerintahan  Prabowo Subianto-Gibran Rakabuming Raka . Salah satunya seperti yang diungkapkan oleh Ketua Umum Federasi Serikat Pekerja Rokok Tembakau Makanan Minuman Serikat Pekerja Seluruh Indonesia (FSP-RTMM-SPSI) Sudarto.Dia berharap, pemerintahan baru bisa lebih memperhatikan masyarakat pertembakauan dan mulai melibatkan seluruh pihak terkait ketika melakukan merumuskan suatu kebijakan. “Kami sangat berharap pemerintah baru dapat mengakomodir seluruh pihak terkait agar kebijakan dan regulasi win/win (dapat menyesuaikan semua pihak), tidak mematikan, tetapi memberi solusi,” kata Sudarto kepada wartawan di Jakarta, Selasa (29/10/2024).Dirinya merujuk Rancangan Peraturan Menteri Kesehatan mengenai Pengamanan Produk Tembakau dan Rokok Elektronik (RPMK Tembakau) yang dirumuskan secara tiba-tiba. Di penghujung masa pemerintahan Joko Widodo (Jokowi)-Maruf Amin, Kementerian Kesehatan menyusun aturan yang dinilai dengan terburu-buru dan tidak melibatkan semua pihak terdampak.
                
                    Baca Juga
                    
                        
                    
                        
                    
                        
                            Transisi Pemerintahan Baru, Momentum Merajut Perdamaian dan Persatuan Bangsa
                        
                    
                 Termasuk buruh yang bisa terkena imbas karena adanya potensi kerugian dari industri apabila aturan tersebut diterapkan. RPMK Tembakau mendapat penolakan dari industri dan para pekerja. Salah satunya karena terdapat pengaturan mengenai standardisasi kemasan yang akan menyamaratakan seluruh kemasan produk tembakau. Aturan ini dianggap berpotensi meningkatkan peredaran rokok ilegal, yang nantinya berdampak domino terhadap proses produksi dan pekerja yang terlibat. Sekitar 6 juta jiwa yang menggantungkan hidupnya pada industri berpotensi kehilangan pekerjaan, hingga adanya risiko penutupan pabrik seperti yang sedang terjadi di industri lainnya apabila tidak segera mendapat perhatian pemerintah.“Sudah seharusnya seluruh pihak terdampak diundang dan didengar masukannya bila tidak ingin ada polemik yang meluas, (terlebih) polemik RPMK belum selesai. Pada saat kami unras (unjuk rasa) tanggal 10 Oktober lalu, disepakati tertulis kami akan diundang, diberi ruang, didengar, dan dipertimbangkan pandangan-pandangan kami, tetapi kami masih dijanjikan untuk dapat bertemu,” ujarnya.Proses pembentukan regulasi yang selama ini terjadi menurutnya belum banyak melibatkan pemangku kepentingan terkait. Tanpa adanya keterlibatan tersebut, regulasi yang dihasilkan pun berpotensi membawa dampak yang tidak diinginkan bagi mereka yang tidak dilibatkan, serta tidak memenuhi unsur keadilan.Seperti diketahui, Presiden Prabowo Subianto telah resmi dilantik pada Minggu (20/10/2024). Kabinet Prabowo-Gibran yang dinamakan Merah Putih pun telah dibentuk. Kendati demikian, beberapa posisi menteri diisi oleh nama yang sama, termasuk Menteri Kesehatan yang tetap berada di bawah komando Budi Gunadi Sadikin. Saat pertama kali memimpin Sidang Kabinet Paripurna di Kantor Presiden Jakarta, Rabu (23/10/2024), Prabowo mengatakan bahwa perlindungan terhadap masyarakat menjadi hal yang paling utama, sehingga seluruh menteri dan lembaga negara lainnya juga harus mampu mewujudkan hal ini.“Kita harus memberi contoh, fokus kita adalah pembangunan ekonomi kesejahteraan rakyat ke dalam. Ini saya minta menteri-menteri sekarang mari kita lebih berani, mari kita lebih tidak ragu-ragu, untuk memberi pelayanan yang terbaik kepada rakyat kita,"" ujar Prabowo.
            
                Lihat Juga: Wamen Perlindungan PMI: Makan Siang Bergizi Upaya Siapkan Generasi Muda Berkualitas
            (rca)","Selasa, 29 Oktober 2024 - 20:31 WIB",nasional
"9 Kolonel Dimutasi Panglima TNI pada Oktober 2024, Ini Nama-namanya","JAKARTA - Sejumlah Perwira Menengah (Pamen) TNI berpangkat Kolonel dimutasi Panglima TNI pada pertengahan Oktober 2024. Salah satunya Singgih Pambudi Arinto yang beralih dari Dosen/Patun Sesko TNI menjadi Kapoksahli Pangdam V/ Brawijaya.Mutasi TNI itu berdasarkan Surat Keputusan Panglima TNI Nomor Kep/1264/X/2024 tanggal 18 Oktober 2024. Pada ketentuannya, ada sekitar 63 perwira TNI yang masuk daftar dari ketiga matra (TNI AD, TNI AL, TNI AU).Melihat nama-nama di dalamnya, ada beberapa di antaranya yang diketahui berpangkat Kolonel. Siapa saja mereka?
                
                    Baca Juga
                    
                        
                    
                        
                    
                        
                            3 Sosok Jenderal Bintang 2 Bertugas di Baharkam Polri, Nomor 1 Berdarah Batak
                        
                    
                 Daftar Kolonel Dimutasi Panglima TNI1. Kolonel Inf Singgih Pambudi Arinto, S.I.P., M.M. Jabatan lama: Dosen/Patun Sesko TNIJabatan baru: Kapoksahli Pangdam V/ Brw, 2. Kolonel Inf Denny Marantika Jabatan lama: Paban VI/Rendukgar Srenum TNIJabatan baru: Waasrenum Panglima TNI3. Kolonel Czi Lin Nofrianto Jabatan lama: Pamen DenmabesadJabatan baru: Kapusada TNI4. Kolonel Inf Wimoko, S.E., M.Si. 
            
                Lihat Juga: Mutasi TNI Terbaru, 2 Jenderal Beralih Jadi Anak Buah Kepala BIN Herindra","Senin, 28 Oktober 2024 - 05:20 WIB",nasional
Legislator Muda NTT Stevano Adranacus Siap Kawal Kasus Rudy Soik,"JAKARTA - Anggota Komisi III DPR dari Nusa Tenggara Timur (NTT) Stevano Rizki Adranacus menyatakan siap mengawal kasus pemberhentian tidak dengan hormat (PTDH) alias pemecatan terhadap  Ipda Rudy Soik  hingga tuntas. Sebab, Stevano menegaskan bahwa warga NTT sangat membutuhkan penegakan hukum yang adil dan bermanfaat bagi rakyatnya.Hal itu dikatakannya rapat dengar pendapat (RDP) dengan jajaran Kapolda Nusa Tenggara Timur (NTT) Irjen Daniel Tahi Monang Silitonga terkait kasus pemecatan terhadap Ipda Rudy Soik. Kasus tersebut bermula dari penyelidikan kasus bahan bakar minyak (BBM) ilegal.“Pesan saya kepada Bapak Kapolda dan rekan-rekan sekalian jika benar Bapak Kapolda, maka kami back-up secara penuh, tetapi jika tidak ada yang benar kami di Komisi III akan berada di garda terdepan untuk mengingatkan saudara-saudara sekalian,” kata Stevano saat RDP Komisi III DPR dengan jajaran Polda NTT di Gedung DPR, Kompleks Parlemen, Jakarta, Senin (28/10/2024).
                
                    Baca Juga
                    
                        
                    
                        
                    
                        
                            Benny K Harman Minta Pemecatan Ipda Rudy Soik Dibahas Bareng Kapolri
                        
                    
                 Stevano menegaskan, jika memang betul apa yang diberitakan media massa selama ini bahwa Polda NTT bertindak secara sewenang-wenang tanpa dasar memberhentikan Ipda Rudy Soik, maka sangat memprihatinkan dan kemunduran dalam penegakan hukum di Tanah Air khususnya di NTT.Meski demikian, Stevano masih meyakini, jajaran Polda NTT merupakan polisi yang profesional. Untuk itu, ia berharap melalui RDP ini dapat dapat membongkar kasus tersebut secara terang benderang hingga tuntas.“Saya berharap melalui forum yang terhormat ini semua fakta, semua perspektif bisa diutarakan secara terang benderang sehingga kami di Komisi III bisa mendudukan permasalahan ini dengan seutuh-utuhnya, sehingga rakyat Indonesia khususnya masyarakat NTT bisa mendapatkan penjelasan yang seutuh-utuhnya,” tegas Stevano.
                
                    Baca Juga
                    
                        
                    
                        
                    
                        
                            Kapolda NTT Usap Kepala Ipda Rudy Soik di DPR: Anak Ayam Itu Ada di Tangan Kamu
                        
                    
                 Oleh sebab itu, Stevano menyerahkan kasus tersebut kepada institusi Polri khususnya Propam yang memiliki mekanisme internal yang profesional untuk mengungkap kasus tersebut. “Karena saya dengar bahwa Propam Polri di bawah pimpinan Irjen Abdul Karim ini sangat profesional dan ditakuti. Jadi, saya mengajak teman-teman Komisi III sekalian untuk mempercayakan kepada Propam agar kasus ini bisa terselesaikan dengan segera,” kata Stevano.
            
                Lihat Juga: Alasan Tunjangan Perumahan Anggota DPR: Rumah Dinas Diklaim Bocor hingga Banyak Tikus dan Rayap","Senin, 28 Oktober 2024 - 16:29 WIB",nasional
"Butuh 1 Tahun Tetapkan Tom Lembong Jadi Tersangka Impor Gula, Begini Penjelasan Kejagung","JAKARTA - Kejaksaan Agung (Kejagung) memberikan penjelasan mengapa baru menetapkan Menteri Perdagangan (Mendag) periode 2015-2016 Thomas Trikasi Lembong sebagai tersangka kasus dugaan korupsi importir gula di Kementerian Perdagangan (Kemendag). Padahal kasus tersebut sudah ditangani sejak 2023.“Kenapa harus sekarang? Nah, memang saya sampaikan bahwa penyidikan ini sudah dilakukan sejak Oktober 2023. Jadi persis satu tahun ya. Nah tetapi bahwa setiap penanganan perkara ada karakteristik yang dimiliki oleh perkara itu. Tidak bisa disamakan satu perkara dengan perkara yang lain, ada tingkat kesulitannya yang dialami oleh penyidik,” kata Kapuspenkum Kejagung Harli Siregar, Rabu (30/10/2024).Harli menjelaskan, dalam kurun waktu satu tahun itu, penyidik terus mendalami kasus tersebut. Penyidik, terus menganalisis bukti-bukti yang ada. “Sekecil apa pun bukti terkait ini terus dianalisis dan terus disandingkan dan diintegrasikan. Sehingga, dapat disimpulkan bahwa terhadap perkara ini sesungguhnya telah terdapat bukti permulaan yang cukup,” ujar dia.
                
                    Baca Juga
                    
                        
                    
                        
                    
                        
                            Lembong Terjerat Hukum karena Berikan Perizinan Impor saat Surplus Gula
                        
                    
                 Harli menegaskan, tidak ada unsur politisasi hukum dalam penanganan perkara yang menyeret nama mantan timses Capres Anies Baswedan itu.“Sekali lagi saya nyatakan bahwa di sini tidak ada politisasi hukum. Tetapi murni ini penegakan hukum bahwa terhadap penegakan hukum yang represif tentu harus dimaknai terhadap pemenuhan adanya bukti permulaan yang cukup,” pungkas dia.
                
                    Baca Juga
                    
                        
                    
                        
                    
                        
                            10 Fakta Tom Lembong, Tersangka Kasus Impor Gula yang Ditahan Kejagung
                        
                    
                 Sebelumnya, Direktur Penyidikan Jampidsus Kejagung RI, Abdul Qohar menjelaskan kronologis berawal pada 2015 berdasarkan rapat koordinasi antarkementerian tepatnya telah dilaksanakan pada 12 Mei 2015 telah disimpulkan Indonesia mengalami surplus gula sehingga tidak perlu atau tidak membutuhkan impor gula.”Akan tetapi, pada tahun yang sama yaitu 2015 Menteri Perdagangan saudara TTL memberikan izin persetujuan impor gula kristal mentah sebanyak 105.000 ton kepada PT AP yang kemudian gula kristal mentah tersebut di olah menjadi gula kristal putih atau GKP,"" kata Abdul di Kejagung RI, Jakarta, Selasa (29/10/2024).""Sesuai keputusan Menteri Perdagangan Nomor 527 Tahun 2004 yang diperbolehkan impor gula kristal putih adalah BUMN, tetapi berdasarkan persetujuan impor yang telah dikeluarkan oleh tersangka TTL impor gula dilakukan oleh PT AP dan impor gula kristal mentah tersebut tidak melalui rapat koordinasi dengan instansi terkait serta tanpa adanya rekomendasi dari kementerian perindustrian yang mengetahui kebutuhan ril gula di dalam negeri,"" tambahnya.
            
                Lihat Juga: Detik-detik Tom Lembong Diborgol dan Pakai Rompi Tahanan Kejagung","Rabu, 30 Oktober 2024 - 18:27 WIB",nasional
Menteri ATR/BPN Nusron Wahid Ingin Mafia Tanah Dimiskinkan,"JAKARTA - Menteri Agraria dan Tata Ruang/Kepala Badan Pertanahan Nasional ( Menteri ATR/BPN ) Nusron Wahid ingin  mafia tanah  disanksi berat. Tidak hanya dijerat secara pidana tapi juga dimiskinkan.Hal ini diungkapkan Nusron di dalam Rapat Kerja (Raker) bersama Komisi II DPR, Kompleks Parlemen, Senayan, Jakarta, Rabu (30/10/2024). Awalanya, Nusron mengungkap identitas dari para mafia tanah yang ada saat ini. Menurutnya, ada tiga unsur yang terlibat.""Yang pertama, mohon maaf kata, mungkin melibatkan oknum-oknum orang dalam. Yang nomor dua adalah pemborong tanah pasti ambil kepentingan. Yang nomor tiga pasti ada pihak ketiga yang menjadi pendukung,"" kata Nusron dalam paparannya.Pihak pendukung yang dimaksud di antaranya oknum kepala desa, oknum pengacara, oknum PPAT, hingga oknum notaris.""Juga bisa permata, persatuan makelar tanah, maupun Bimantara, bisnis makelar dan perantara. Biasanya CEO-nya itu pak Ario Bimo, Bimantara itu. Nah itu yang bisa tiga elemen itu yang bisa melibatkan mafia tanah,"" ujarnya.Menteri dari Partai Golkar itu menegaskan bahwa pihaknya tidak akan mentolerir para mafia tanah terus bisa beroperasi ke depan. ATR/BPN, kata dia, akan melaksanakan rapat koordinasi khusus bersama Polri, Kejagung, hingga PPATK untuk membahas perihal ini.""Kami akan menginisiasi adanya proses pemiskinan terhadap mafia tanah. Kami tidak hanya puas kalau mafia tanah itu dikenakan delik pidana umum, kalau itu pidana murni. Kalau melibatkan aparat negara, penyelenggara negara, pasti adalah deliknya tipikor tindak pidana korupsi,"" tuturnya.
                
                    Baca Juga
                    
                        
                    
                        
                    
                        
                            Petinggi TKN Prabowo-Gibran Ngadu ke DPR Jadi Korban Mafia Tanah
                        
                    
                 ""Tapi kalau bisa diimbangi dengan delik tindak pidana pencucian uang supaya ada efek jera. Nah ini yang perlu kita dorong dalam rakor itu, kita sedang simulasi,"" kata dia melanjutkan.Menurut Nusron, hal ini penting supaya persoalan mafia tanah ini benar-benar tidak ada di Indonesia. Pasalnya, ini menyangkut kepastian hukum dan tidak merugikan Rakyat yang memang berhak tapi diserobot haknya oleh mafia.""Supaya kita semua, baik dari pemerintah maupun yang ada di DPR tidak kategori orang yang zalim terhadap orang-orang yang kecil atau orang yang berhak,"" katanya.
            
                Lihat Juga: Diminta Prabowo Gabung Kabinet, Nusron Wahid: Negara Membutuhkan Pengabdian
            (abd)","Rabu, 30 Oktober 2024 - 12:35 WIB",nasional
PGN Siap Ambil Peran dalam Gotong Royong Bangun Jargas Nasional untuk Kurangi Subsidi Energi,"JAKARTA - PT PGN Tbk selaku Subholding Gas Pertamina berkomitmen untuk terus membangun jaringan gas (jargas) rumah tangga agar dapat memberikan manfaat bagi masyarakat maupun negara. PGN menyadari bahwa rantai bisnis pengembangan jargas cukup panjang, sehingga membutuhkan gotong royong yang sinergis agar jargas bisa optimal memberikan manfaat kepada masyarakat. Pengurangan subsidi energi menjadi salah satu highlight dalam kegiatan Focus Group Discussion (FGD) Investortrust bertajuk Gotong Royong Membangun Jargas, Selasa (29/10/2024).Pengembangan jargas PGN juga sejalan asta cita pemerintah khususnya dalam upaya swasembada energi sehingga keberlanjutan proyek akan terus dilakukan. Saat ini jumlah jargas yang dikelola oleh PGN sebanyak 820 ribu Sambungan Rumah (SR) atau setara dengan 84 ribu metrikton LPG. Namun disisi lain kapasitas infrastruktur yang telah dibangun oleh PGN sebenarnya telah melebihi dari jumlah rumah tangga atau komersial jargas yang sudah berlangganan. Masih terbuka ruang yang cukup besar dalam pemanfaatan infrastruktur eksisting dalam meningkatkan jumlah pelanggan dan optimalisasi pasokan gas yang telah disediakan SKK Migas untuk jargas dan BBG. Hal ini tentunya akan meningkatkan penyerapan volume gas bumi yang tentunya akan membantu mengurangi subsidi energi dalam pemakaian LPG subsidi.Laode Sulaeman selaku Direktur Perencanaan dan Pembangunan Infrastruktur Minyak dan Gas Bumi, Direktorat Minyak dan Gas Bumi KESDM mengatakan pihaknya menilai bahwa salah satu cara yang diperlukan untuk pengembangan jargas yaitu dengan model terintegrasi antara industri dengan rumah tangga atau model kawasan industri serta mekanisme beyond pipeline khususnya oleh badan usaha.""Kami (BPH Migas) support pada sisi harga di Rumah Tangga dan Pelanggan Kecil-nya, dalam rangka mengembangkan pemanfaatan gas domestik. Namun tetap, infratruktur adalah kunci, sehingga perlu gotong royong semua pihak, semua harus satu tujuan,"" ujar Idham Baridwan, Koordinator Pengaturan Akun, Tarif, dan Harga Gas Bumi Melalui Pipa BPH Migas.Sejalan dengan pernyataan para regulator, menurut Rosa Permata Sari selaku Direktur Strategi dan Pengembangan Bisnis PGN, kolaborasi dan kontribusi semua pihak menjadi kunci serta orkestrasi dari perencanaan dan kebutuhan masyarakat menuju swasembada energi. ""PGN siap untuk menjalankan fungsi di rantai bisnis dan gotong royong penyaluran jargas,"" ujarnya. Menurut Rosa, investasi untuk membangun jargas cukup besar. Maka salah satu konsep pembangunan yang dilakukan yaitu konsep KPBU di mana badan usaha menerima penugasan. Disaat bersamaan dilakukan integrasi atau klasterisasi sehingga cost akan lebih efisien. Insentif dari pemerintah dengan dasar hukum yang solid dalam konsep KPBU membuka peluang bagi seluruh badan usaha, baik BUMN maupun swasta untuk berkontribusi dalam program jargas.Saat ini, PGN terus melakukan pemanfaatan sumber gas bumi untuk pengembangan jargas tumah tangga. Pipa transmisi terus bertambah, dilanjutkan dengan pipa distribusi untuk penetrasi jargas ke rumah-rumah. PGN juga melakukan konsep beyond pipeline. Salah satunya CNG Clustering di Sleman, Yogyakarta. Pada tahun 2025, PGN menargertkan pembangunan jargas sebanyak 200 ribu, sehingga selama 2021 -2025 PGN menbangun tambahan jargas sebanyak 400.000 SR.Rosa juga menyatakan kesiapan PGN untuk menbangun infratruktur jargas dengan rekanan sehingga bisa semakin terintegrasi. ""Ke depan arahnya adalah integrasi bersamaan dengan rencana pengembangan industri maupun komersil. Sejalan dengan itu, tetap memerlukan dukungan diantaranya untuk kemudahan perizinan, kepastian alokasi, dan pembangunan infrastruktur jargas sebagai bagian dari infrastruktur dasar perumahan atau hunian,"" katanya.
            
                Lihat Juga: Mentan Gandeng Perguruan Tinggi Dorong Inovasi Teknologi Pertanian untuk Swasembada Pangan
            (ars)","Rabu, 30 Oktober 2024 - 12:35 WIB",nasional
Kapolri Siapkan Program 100 Hari Sukseskan Asta Cita Prabowo-Gibran,"JAKARTA   - Kapolri Jenderal Polisi Listyo Sigit Prabowo memerintahkan jajarannya mendukung Asta Cita Presiden Prabowo Subianto. Hal itu diungkap Sigit saat melakukan video conference (vicon) dengan seluruh jajaran dari polda dan polres pada Senin, 28 Oktober 2024.""Segera buat rencana jangka pendek, menengah, dan panjang"", kata Sigit mengawali arahannya kepada seluruh jajaran, dikutip melalui keterangan resminya pada Selasa (29/10/2024).
                
                    Baca Juga
                    
                        
                    
                        
                    
                        
                            Kapolri: Perlu Upaya Extraordinary untuk Cegah Kebocoran Keuangan Negara
                        
                    
                 Sigit mengungkap, instruksi Presiden Prabowo diberikan dalam kegiatan Retreat Kabinet Merah Putih di Akademi Militer (Akmil) Magelang, Jawa Tengah. Salah satu instruksinya adalah bagaimana menjadikan Indonesia sebagai negara yang kuat, dan terhormat serta disegani karena rakyatnya hidup sejahtera, juga berkontribusi positif pada kehidupan bangsa-bangsa. Untuk mendukung hal itu, Sigit menegaskan Polri telah mempersiapkan program 100 Hari untuk mendukung Asta Cita yang ditetapkan Pemerintah.
                
                    Baca Juga
                    
                        
                    
                        
                    
                        
                            41 Perwira Polisi Berpangkat Kompol Dimutasi Kapolda Metro Jaya, Ini Nama-namanya
                        
                    
                 ""Mulai dari mencegah kebocoran keuangan negara, sampai pada melakukan penegakan hukum yang tegas terhadap kasus-kasus yang menjadi perhatian Pemerintah seperti judi online, korupsi, narkoba, dan penyelundupan,"" ucapnya melalui keterangan tertulis.Sebagai informasi, pemerintahan Prabowo Subianto dan Gibran Rakabuming Raka mengusung visi 'Bersama Indonesia Maju Menuju Indonesia Emas 2045', dan akan diwujudkan dengan delapan misi yang disebut Asta Cita. Berikut delapan misi yang disebut Asta Cita: 1. Memperkokoh ideologi Pancasila, demokrasi, dan Hak Asasi Manusia (HAM);2. Memantapkan sistem pertahanan keamanan negara dan mendorong kemandirian bangsa melalui swasembada pangan, energi, air, ekonomi kreatif, ekonomi hijau, dan ekonomi biru;3. Meningkatkan lapangan kerja yang berkualitas, mendorong kewirausahaan, mengembangkan industri kreatif, dan melanjutkan pengembangan infrastruktur;4. Memperkuat pembangunan sumber daya manusia (SDM), sains, teknologi, pendidikan, kesehatan, prestasi olahraga, kesetaraan gender, serta penguatan peran perempuan, pemuda, dan penyandang disabilitas;5. Melanjutkan hilirisasi dan industrialisasi untuk meningkatkan nilai tambah di dalam negeri;6. Membangun dari desa dan dari bawah untuk pemerataan ekonomi dan pemberantasan kemiskinan.7. Memperkuat reformasi politik, hukum, dan birokrasi, serta memperkuat pencegahan dan pemberantasan korupsi dan narkoba;8. Memperkuat penyelarasan kehidupan yang harmonis dengan lingkungan, alam, dan budaya, serta peningkatan toleransi antarumat beragama untuk mencapai masyarakat yang adil dan makmur;
            
                Lihat Juga: Wujudkan Program Swasembada Pangan, Polri Rekrut Bintara Pertanian
            (cip)","Selasa, 29 Oktober 2024 - 13:13 WIB",nasional
Breaking News! Tom Lembong Tersangka Kasus Impor Gula,"JAKARTA - Mantan Menteri Perdagangan Thomas Trikasih Lembong (Tom Lembong) ditetapkan sebagai tersangka korupsi oleh Kejaksaan Agung (Kejagung). Korps Adhiaksa juga menetapkan Direktur Pengembangan Bisnis PT Perusahaan Perdagangan Indonesia (PPI) berinisial CS sebagai tersangka.Mereka menjadi tersangka kasus dugaan tindak pidana korupsi dalam kegiatan importasi gula di Kementerian Perdagangan Tahun 2015-2016. Hal itu disampaikan langsung Direktur Penyidik Jampidsus Kejagung RI Abdul Qohar dalam dugaan kasus tindak pidana korupsi importasi gula di Kemendag 2015-2016 pada Selasa (29/10/2024) malam.""Penyidik Jaksa Agung Muda Tindak Pidana Khusus Kejaksaan Agung RI menetapkan status saksi terhadap dua orang menjadi tersangka karena telah memenuhi alat bukti bahwa yang bersangkutan telah melakukan tindak pidana korupsi,"" kata Abdul Qohar.""Adapun kedua tersangka tersebut adalah satu TTL selaku Menteri Perdagangan periode 2015-2016 berdasarkan surat penetapan tersangka Nomor TAP-60/F:/FD:/10/2024 tanggal 29 Oktober 2024. Kedua tersangka atas nama DS selaku Direktur Pengembangan Bisnis PT PPI 2015-2016 berdasarkan surat penetapan tersangka Nomor TAP-60/F:/FD:/10/2024 tanggal 29 Oktober 2024,"" jelasnya.
            
                Lihat Juga: Tom Lembong Tersangka Korupsi Impor Gula, Cak Imin: Saya Turut Sedih
            (rca)","Selasa, 29 Oktober 2024 - 20:46 WIB",nasional
