Judul,Isi,Kategori
hizbullah luncur gelombang serang israel operasi,beirut hizbullah lebanon umum juang lawan islam laksana operasi lokasi tentara rezim zionis tempat selatan tenggara israel  serang gelar dukung bangsa palestina teguh jalur gaza lawan berani hormat bela lebanon bangsa dalam serang baru israel hizbullah akurat serang timur kota alkhayyam roket mortir dalam operasi hizbullah serang rudal lokasi pangkal militer tentara zionis pangkal jalul alam mukim maalot tarshiha mukim kafr faradim lawan islam lebanon tembak rudal pesawat nirawak lokasi pasu kolonial zionis kota kafr jalad dalton almanara zareit dalam operasi hizbullah serang tentara rezim zionis tempat pangkal angkat laut ras alnaqoura rudal sementara falam pesan ingat syahid pimpin hizbullah hassan nasrallah hashem safieddine komandan lawan kelompok sahabat parlemen iranlebanon selasa selamat sheikh naim qassem angkat bawa bendera hizbullah  tempur historis garis lawan lawan garis duduk tindas israel hizbullah lebanon libat konfrontasi rezim zionis bela rakyat palestina tindas anakanak wanita gaza tanggung rugi papar nyata kelompok itu kelompok harap hizbullah lanjut lawan juang hancur israel kuat belum sambil puji alam bertahuntahun sheikh qassem peran pengaruh bentuk stabilitas hizbullah ragu angkat posisi kelompok lawan terus waris syuhada sayyed hassan nasrallah komandan lawan korban nyawa lebanon alquds sheikh qassem angkat pimpin hizbullah ganti hassan nasrallah bunuh serang udara israel beirut september dalam nyata selasa hizbullah angkat sheikh qassem suara bulat pilih duduk jabat patuh prinsip tuju hizbullah  baca  warga israel ganggu sehat mental oktober lihat  israel invasi iran risiko sya,internasional
kejat jatim tangkap ronald tannur jagung  laksana putus ma,jakarta jaksa kejat jawa timur tangkap gregorius ronald tannur grt dakwa aniaya kasih sera afriyanti tewas tangkap ronald tannur benar kapuspenkum jaksa agung jagung harli siregar  iya ronald tannur aman sekira  wib rumah victoria regency surabaya harli minggu harli ronald tanur bawa kejat jawa timur laksana putus mahkamah agung ma vonis penjara  sangkut bawa kejat jatim laksana putus mahkamah agung ma ri pungkas belum ma jatuh hukum penjara gregorius ronald tannur pria aniaya kasih tinggal dunia putus ma batal vonis bebas majelis hakim adil negeri pn surabaya tingkat  amar putus  kabul kasasi tuntut batal judex facti bukti dakwa alternatif langgar pasal ayat kuhp tulis ma situs resmi rabu oktober  pidana penjara bunyi putus sebut adapun majelis hakim putus soesilo ketua majelis ainal mardhiah sutarjo anggota majelis  putus keluar selasa oktober bagai informasi perkara ketua majelis halim pn surabaya erintuah damanik bebas gregorius ronald tannur dakwa bunuh sera afriyanti  hakim ronald tannur bukti sah bunuh aniaya sebab tewas korban  bebas dakwa jpu  lihat  mahfuf md bicara zarof ricar pintu masuk bongkar makelar adil cip,nasional
kolaborasi bumn pangan tan amran optimal mandiri pangan nasional,jakarta menteri tani tan andi amran sulaiman sinergi menteri tani tan badan usaha milik negara bumn pangan kuat tahan pangan nasional dalam temu koordinasi bumn pangan tan amran gar bawah kolaborasi strategis optimal potensi lahan produksi bumn penuh butuh pangan negeri  bangun kolaborasi untung  pt sang hyang seri milik lahan potensial produksi benih padi capai ribu ton nilai capai rp triliun  potensi optimal kerja tan amran kantor pusat tan jakarta selasa lebih tan amran kuat cadang pangan nasional sinergi bulog  langkah tuju jaga stabilitas stok harga tingkat sejahtera tani  bulog milik peran jaga cadang pangan  mekanisme offtaker komoditas strategis padi jagung tani posisi untung kata tan amran rencana kerja ptpn tingkat produksi sawit gula nasional  ptpn cipta klaster kebun unggul kelola profesional teknologi modern  ptpn bangun klaster kebun produksi tinggi alat baik tenaga kerja terampil  laboratorium tingkat produksi efisien tan amran tan amran temu langkah lanjut koordinasi menteri bumn erick thohir minggu  temu bumn kesiap kuat program cetak sawah tan merauke tahan pangan nasional  temu langkah operasional hasil diskusi menteri bumn  temu rutin pantau langkahlangkah ambil efektif tingkat kerja bumn pangan tan amran  sinergi bangun tan bumn pangan tan amran optimistis citacita presiden prabowo subianto wujud swasembada pangan capai turut hadir temu wakil bumn pangan id food pihc bulog ptpn  lihat  wamentan sudaryono dorong sumber protein alternatif makan gizi gratis ars,nasional
tom lembong sangka impor gula intip harta kaya,jakarta mantan menteri dagang mendag thomas trikasih lembong alias ttl tahan jaksa agung jagung sangka duga korupsi giat importasi gula menteri dagang  pria akrab sapa tom lembong catat milik kaya capai rp  catat lapor harta kaya selenggara negara lhkpn lapor april jabat kepala badan koordinasi tanam modal bkpm  baca profil tom lembong mantan anak buah jokowi tim sukses anies milik harta capai ratus miliar thom lembong milik tanah bangun alat transportasi mesin  rekam lhkpnnya  baca didik tom lembong lulus harvard sangka impor gula catat kaya selenggara harta harta gerak nila rp  surat harga rp  kas tara kas rp  harta rp  lhkpn tom lembong milik utang rp  lihat  tom lembong sangka korupsi impor gula cak imin  sedih rca,nasional
gmni kabinet merah putih jalan program prabowo,jakarta gera mahasiswa nasional indonesia gmni taruh harap capa bangun bangsa tangan perintah prabowo subiantogibran rakabuming raka  ketua gmni immanuel cahyadi optimistis kabinet merah putih jalan programprogram kerja rakyat indonesia kabinet merah putih bentuk butuh adaptasi  gmni menteri wakil menteri pimpin menteri lembaga ekstra cepat adaptasi paham tugas pokok fungsi jalan visi misi program presiden prabowo subianto immanuel terang tulis senin  baca indonesia gabung brics prabowo  manamana immanuel perintah yakin cepat urus kerumit birokrasi jalan programprogram maslahat penting nasional  gmni optimistis komposisi kabinet merah putih isi komponen anakanak bangsa cerdas handal ahli bidang keras gmni menteri wakil kepala badan jajar solid bergotongroyong satu fokus keras jalan program perintah imbuh meski gmni pesan kabinet merah putih rakyat indonesia taruh harap menteri tantang  tangan kkn ketidakefisienan birokrasi tega hukum patuh bayar pajak besar terima negara maslahat rakyat indonesia turut keras ketidakstabilan kondisi geopolitik mudah  kapasitas l karakter kompetensi anakanak bangsa kabinet merah putih gmni tantang atas komposisi kabinet merah putih cermin satu nasional anakanak bangsa jejak rekam kenal serah pegang teguh disiplin taat pimpin jalan wajib penuh tanggung penting nasional  urus rakyat teladan rakyat sedia bakti bangsa negara  baca sritex nyata pailit ribu buruh galau khawatir usaha tutup presiden prabowo subianto kabinet keras jalan programprogram kait daulat pangan  berantas judi online program makan gizi gratis industrialisasi nasional hilir komoditas selamat sejahtera rakyat indonesia terang  lihat  tiru amerika serikat istana  ig presiden akun pribadi poe,nasional
bos teknologi berbondongbondong hadir acara mohammed bin salman arab saudi,riyadh arab saudi tuan rumah namanama bidang uang teknologi dunia pekan  acara tes minat investor ambisi raja ubah pusat global luas konflik timur tengah para eksekutif internasional saing kawasan guncang tegang geopolitik ancam konfrontasi militer israel iran tingkat tinggi dekade  darat negara hadap nyata kaya minyak limpah milik batas  baca arab saudi buka sindalah pulau mewah neom impi pangeran mohammed bin salman future investment initiative fii juluk davos padang pasir gentar rasa peluang bangun ekonomi visi nila triliun dolar milik putra mahkota mohammed bin salman  david solomon goldman sachs group inc jane fraser citigroup inc larry fink blackrock inc unjung temu puncak riyadh ini cermin fokus arab saudi teknologi cerdas buat gabung namanama muka industri  presiden alphabet inc ruth porat kepala eksekutif tiktok inc shou chew bicara temu puncak kali  benjamin horowitz usaha teknologi salah diri raksasa modal ventura andreessen horowitz hadir  lihat  arab saudi bangun gedung cakar langit kali empire state,internasional
kolonel mutasi panglima tni oktober namanamanya,jakarta perwira tengah pamen tni pangkat kolonel mutasi panglima tni tengah oktober  salah satu singgih pambudi arinto alih dosenpatun sesko tni kapoksahli pangdam v brawijaya mutasi tni dasar surat putus panglima tni nomor kepx tanggal oktober  tentu perwira tni masuk daftar tiga matra tni ad tni al tni au lihat namanama dalam pangkat kolonel  baca sosok jenderal bintang tugas baharkam polri nomor darah batak daftar kolonel mutasi panglima tni  kolonel inf singgih pambudi arinto s i p  m m  jabat  dosenpatun sesko tnijabatan  kapoksahli pangdam v brw  kolonel inf denny marantika jabat  paban virendukgar srenum tnijabatan  waasrenum panglima tni  kolonel czi lin nofrianto jabat  pamen denmabesadjabatan  kapusada tni  kolonel inf wimoko s e  m si  lihat  mutasi tni baru jenderal alih anak buah kepala bin herindra,nasional
hidup rakyat iran normal serang israel,teheran hidup seharihari jalan lancar iran pasu tahan udara negara hasil cegat agresi israel lokasi militer provinsi teheran ilam khuzestan sabtu ledak lapor kota iran jam malam jumat pasu aman iran ledak sebab aktivitas tahan udara negara itu video edar daring tangkap tahan udara iran target objek musuh wilayah udara provinsi teheran meski media arus utama lapor serang udara israel dibesarbesarkan warga iran minggu biasa rekam zona ekonomi khusus labuh imam khomeini khuzestan usaha petrokimia bandar imam bipc rusak dampak fasilitas sebut di provinsi ilam rekam video tangkap suasana tenang ganggu lansir press tv pandang teheran duduk latih pagi rutin taman laleh pengaruh klaim israel serang lokasi militer iran organisasi terbang sipil iran umum terbang lanjut ganggu singkat rekam bandara mehrabad teheran barat operasi jalan normal tumpang gerak  baca takut iran balas dendam as klaim libat serang israel lihat  israel invasi iran risiko,internasional
wamentan sudaryono ajak milenial peran tahan pangan nasional era digital,jakarta wakil menteri tani wamentan sudaryono ajak generasi milenial aktif cipta solusi inovatif sektor tani kuat tahan pangan nasional wamentan sudaryono akrab sapa mas dar generasi milenial milik potensi bawa ubah manfaat teknologi digital  hidup era teknologi informasi komunikasi alat efektif tingkat produktivitas tani  ajak milenial libat program inisiatif dukung tahan pangan nasional wamentan terang jakarta senin wamentan sudaryono tekan kolaborasi perintah laku industri generasi muda  turut sektor tani butuh tenaga kerja inovasi kelola sumber daya pasar distribusi produk  cipta platform digital fasilitas interaksi tani konsumen dukung usaha tengah bidang tani tambah lalu semangat kolaboratif manfaat teknologi wamentan optimistis milenial pilar capai tahan pangan lanjut hadap tantang pangan depan turut tani indonesia dominasi kalang orang tua  dasar data badan pusat statistik bps persen tani generasi baby boomers usia  tani muda capai persen juta orang minim tani muda tani milenial perhati serius menteri tani pangan indonesia  luncur program tingkat tani muda untuk atas masalah menteri tani dorong tumbuh tani muda program duta tani milenial dpm juta  program duta tani andal dpa terap digitalisasi tani pdp tumbuh wirausaha muda tani pwmp program tani magang negeri mas dar anak tani grobogan jawa ini dasar atur menteri tani no  tani milenial usia adaptif teknologi digital  program tuju pulih ekonomi masyarakat tani tumbuh semangat kewirausahaan tingkat produksi pangan terna  lihat  cagub sulteng ahmad ali target kantong ribu suara parigi moutong,nasional
jet siluman f israel lapor bom iran serang sistem rudal s tentara tewas,teheran jetjet tempur siluman f israel lapor bom target teheran iran kali sabtu  baterai sistem rudal s lindung situs nuklir serang korban tewas tambah tentara kerah jet tempur f ungkap sumber israel iran international minggu  militer zionis rilis video kerah jet tempur f f serang iran namun staf angkat senjata iran pesawatpesawat israel wilayah udara sedia militer as irak luncur rudal jarak luncur udara radar batas provinsi ilam khuzestan provinsi teheran israel lancar serang udara sabtu balas serang rudal teheran oktober iran respons bunuh israel kepala hamas ismail haniyeh teheran kepala hizbullah hassan nasrallah beirut jenderal korps garda revolusi islam irgc serang udara israel target situs fasilitas militer iran susul upaya amerika serikat as bermingguminggu cegah zionis target infrastruktur nuklir energi iran upaya hindar eskalasi konflik wilayah gejolak  baca israel ancam serang iran dahsyat nekat balas presiden as joe biden sabtu israel serang target militer serang iran harap tasnim news lapor korban tewas akibat serang israel tamah tentara iran  perwira unit rudal empat baterai tahan udara s lokasi strategis lindung teheran fasilitas nuklir energi iran serang tulis axios kutip sumber israel konfirmasi lapor the new york times target israel sistem tahan buat rusia sebut lapor planetary mixer komponen program rudal balistik iran serang serang udara israel  planetary mixer produksi bahan bakar padat rudal balistik jarak hancur rusak mampu iran baru sedia rudal imbuh lapor axios  lihat  banding kuat militer iran vs indonesia,internasional
tekad prabowo berantas korupsi akar dukung,jakarta tekad presiden prabowo subianto berantas korupsi akarakarnya dukung guru hukum tata negara john pieris  ketua partai gerindra anggap sosok nasionalis sejati hal john pieris acara seminar nasional kait uji materi pasal ayat pasal uu tipikor tema suap korupsi  pesan presiden prabowo subianto sempat benah berantas korupsi akarakarnya tuju jalan belakang nasionalis sejati john pieris universitas kristen indonesia uki jakarta pusat selasa  baca tengok pos aman gabung rumah prabowo hambalang nilai hukum laku efektif penuh jelas norma hukum  turut orang salah tuduh korupsi  norma hukum suap mengadangada suap kasi anak bangsa salah salah tuduh koruptor kasi depan ancam tutur tidak atur tentang vertikal horizontal  baca prabowogibran harap berantas korupsi akar pasal ayat pasal undangundang nomor berantas tindak pidana korupsi uu tipikor sorot  nasihat hukum senior maqdir ismail nilai korupsi rugi negara  lihat  prabowo rangkul orangorang optimistis pesimistis,nasional
hizbullah naim qassem pimpin,beirut hizbullah umum naim qassem pimpin baru  qassem promosi wakil pimpin umum selasa ganti hassan nasrallah sekretaris jenderal kelompok senjata markas lebanon nasrallah bunuh beirut september serang israel  jabat senior hizbullah sasar israel alih fokus kelompok september hizbullah qassem pilih duduk jabat patuh prinsip tuju hizbullah  hizbullah tuhan mahakuasa bimbing misi mulia pimpin hizbullah lawan islam papar nyata hizbullah kosong kepemimpinanpembunuhan nasrallah wujud gera syiah lebanon mata dukung wilayah luas pandang tinggal kosong kelompok hilang pimpin akibat bunuh israel berbulanbulan sepupu nasrallah hashem safieddine pandang calon favorit pimpin hizbullah kait iran tewas serang israel beirut kerabat qassem usia orang nomor hizbullah  salah ulama diri kelompok an milik sejarah aktivisme politik syiah dia jabat hizbullah senior tampil publik nasrallah sembunyi susul perang kelompok israel sejak mantan pimpin bunuh qassem pidato televisi bicara bahasa arab formal bahasa seharihari lebanon suka nasrallah pada tanggal september keluar pesan tantang hizbullah lawan israel menang  baca icj afrika selatan sodor dokumen halaman bukti genosida israel gaza lihat  iron dome israel jebol hizbullah mampu rudal penuh sya,internasional
tekateki iran luluh lantak serang pesawat israel jet siluman f,teheran israel lancar gelombang serang udara iran sabtu  negara islam luluh lantak serang zionis gaza lebanon turut lapor the new arab minggu serang target kota iran teheran provinsi barat daya khuzestan ilam  lapor kutip media israel serang jam libat jet tempur israel pesawat siluman f f f israel rudal supersonik jarak rampage rudal udarakepermukaan jarak generasi rocks gelombang serang fasilitas radar tahan udara iran fasilitas militer rudal pesawat nirawak sasar gelombang tiga  baca jet siluman f israel lapor bom iran serang sistem rudal s tentara tewas jet tempur serang kelompok unit juluk operasi tobat  tahan udara israel amerika serikat as siaga jet serang koordinasi lindung militer iran umum tentara tewas serang  tasnim news baru korban tewas tentara orang jabat senior as as ambil serang luas presisi perintah israel dorong serang risiko rendah timbul korban sipil dampak respons bela proporsional  dampak cegah serang turun mampu iran lancar serang jabat itu milier israel serang tunda kali kondisi cuaca milik kondisi iklim serang iran  serang serang baterai rudal muka udara sistem udara fasilitas buat rudal bunyi nyata militer israel  lihat  banding kuat militer iran vs indonesia,internasional
kenal latih cakra tradisi kostrad gembleng tentara gunung hutan laut,jakarta komando cadang strategis angkat darat kostrad salah pasu elite milik tni ad  satu latih khusus prajurit mampu istimewa latih cakra  kutip terang situs resmi kostrad latih cakra latih standardisasi prajurit kostrad tuju latih bentuk tanam bangga cinta satu kostrad jiwa korsa kuat wujud mampu handal laksana tugas medan operasi  latih harap lahir prajurit kostrad milik mampu teknik dasar tempur liput survival intelpur patroli tempur jarak pjd operasi raid milik fisik prima jago beladiri militer  prajurit tni ikut latih cakra kostrad  serta latih prajurit pilih lolos seleksi penuh syarat  gembleng bagi tahap tahap basis tahap gunung hutan tahap rawa laut  prajurit has selesai latih cakra hak sandang kualifiaksi brevet cakra kualifikasi khusus milik prajurit kostrad  tahap latih cakralatihan cakra kostrad laksana tahap  tahap basis gelar pekan kompleks madivif kostrad cilodong depok telah latih lanjut tahap tahap gunung hutan  latih tahap laksana rahlat kostrad sanggabuana karawang pekan  kutip komandan latih cakra xiv letkol inf roihan hidayatullah situs resmi tni ad laksana tahap gunung hutan sengaja laksana daerah latih kostrad gunung sanggabuana karawang jawa barat milik cuaca dingin bukit  pilih dasar karakteristik daerah tugas papua poso milik kontur medan bukit jurang terjal laksana materi gunung hutan awal geser pasu home base gor kartika cilodong rahlat sanggabuana karawang truk materi patroli jarak pjj titik start hanmars cikalong kulon cianjur jawa barat tuntut tugas kompleks dinamis prajurit gerak situasi medan  materi gunung hutan tuju tajam naluri tempur biasa prajurit tindak cepat cuaca ekstrem harap satu prajurit laku latih standardisasi prajurit kostrad cakra xiv berangkat tugas roihan lansir situs resmi tni ad maret  baca jenderal angkat darat mutasi tni namanamanya tahap rawa laut laksana pantai cileuteuh palampang sukabumi jawa barat pekan  latih upacara tutup pantai palampang latih cakra kostrad gelar kali kali helat  ribu prajurit tni ikut latih cakra kostrad  hak brevet cakra dasar tunjuk laksana panglima kostrad nomor  juklak tanggal maret tentu beri guna brevet cakra personel militer kostrad  lihat  letkol inf devy kristiono ajudan wapres gibran abd,nasional
jenderal tinggi zionis sesumbar israel cuil mampu serang iran,tel aviv panglima militer israel letnan jenderal herzi halevi sesumbar pasu mampu serang iran sabtu pekan lalu klaim jenderal tinggi zionis markas militer kirya temu anggota forum staf pasu tahan israel idf pesan hubung peristiwa timur ancam atas serang kepala staf idf  baca cnn jet tempur israel terobos langit iran beda klaim teheran pesan kuat signifikan  mampu halevi kami serang sistem strategis iran kembang  skenario arena imbuh kutip laman idf senin perdana menteri israel benjamin netanyahu klaim serang udara iran presisi kuat  turut tuju serang capai lumpuh mampu produksi rudal teheran  janji tanggap serang iran sabtu serang  serang iran presisi kuat capai tuju netanyahu pidato minggu serang israel balas serang iran oktober teheran tembak rudal negara yahudi klaim rezim zionis misil cegat sistem tahan udara  iran serang israel ratus rudal balistik serang gagal netanyahu  tepat janji  angkat udara serang iran hantam mampu tahan produksi rudal iran  lihat  israel invasi iran risiko,internasional
senyum tom lembong pakai rompi tahan jagung,jakarta mantan menteri dagang thomas trikasih lembong tom lembong langsung tahan jaksa agung jagung tetap sangka duga korupsi giat importasi gula menteri dagang  mantan cocaptain tim nasional menang anies baswedanmuhaimin iskandar tim amin kena rompi tahan jagung rompi warna merah muda tulis tahan tindak pidana korupsi jaksa agung ri  tom jagung tetap direktur kembang bisnis pt usaha dagang indonesia ppi cs sangka tahan tetap sangka direktur sidik jampidsus jagung ri abdul qohar jagung jakarta selasa malam  pantau lokasi sangka cs nomor kondisi tangan borgol  baca profil tom lembong mantan anak buah jokowi tim sukses anies susul thomas lembong nomor tebar senyum awak media patah  gelandang mobil tahan jagung belum tim sidik jaksa agung muda tindak pidana khusus jampidsus jagung tetap thom lembong cs sangka  langsung direktur sidik jampidsus jagung abdul qohar selasa malam  baca breaking news tom lembong sangka impor gula sidik jaksa agung muda tindak pidana khusus jaksa agung ri tetap status saksi orang sangka penuh alat bukti sangkut tindak pidana korupsi abdul qohar adapun sangka ttl menteri dagang periode dasar surat tetap sangka nomor tapf  fd  tanggal oktober  sangka nama ds direktur kembang bisnis pt ppi dasar surat tetap sangka nomor tapf  fd  tanggal oktober  lihat  didik tom lembong lulus harvard sangka impor gula rca,nasional
anies kejut tom lembong sangka korupsi gula proses hukum jalan transparan,jakarta anies baswedan kejut tetap sangka thomas trikasih lembong tom lembong jaksa agung duga korupsi impor gula  tom lembong mantan cocaptain timnas amin tim menang anies baswedanmuhaimin iskandar pilpres kabar amatamat kejut  proses hukum hormat  percaya aparat tegak hukum adil jalan proses transparan adil tulis aniesbaswedan akun sosial media x rabu anies dukung moral tom lembong  harap tetap tom henti cinta indonesia tom henti cinta indonesia rakyat jalan bukti  i still have my trust in tom doa dukung putus ujar kami negeri bukti tulis jelas uud valid negara indonesia negara dasar hukum rechtsstaat negara dasar kuasa belaka machtstaat sambung anies aku sahabat tom  sebut tom sosok integritas juang kelas tengah indonesia terhimpit tom orang lurus tipe orang suka nekoneko  karierpanjang dunia usaha kariersingkat perintah segani lingkup domestik internasional tutur belum tom lembong tetap sangka duga lantar izin tuju impor gula kristal mentah ribu ton pt ap  baca detikdetik tom lembong borgol pakai rompi tahan jagung dirdik jampidsus jagung abdul qohar impor gula bumn  tom lembong izin pt ap impor  indonesia kondisi surplus gula selain direktur kembang bisnis pt usaha dagang indonesia ppi inisial cs tetap sangka sidik jaksa agung muda tindak pidana khusus jaksa agung ri tetap status saksi orang sangka penuh alat bukti sangkut tindak pidana korupsi abdul qohar  lihat  tom lembong sangka korupsi impor gula cak imin  sedih abd,nasional
prabowo rangkul orangorang optimistis pesimistis,jakarta ketua lingkar nusantara hendarsam marantoko presiden prabowo subianto harus rangkul orangorang optimistis  bangun indonesia arah baik memang bangun perintah butuh orangorang optimis  prabowo rangkul orangorang optimis pesimis hendarsam acara rakyat suara inews selasa oleh lepas latar menteri wakil menteri susun kabinet acara magelang kemarin satu tegas depan tim  baca prabowo menaker prioritas isu anggur cipta lapang kerja prabowo undang gabung kabinet merah putih magelang kumpul giat ala militer  menteri wakil menteri kepala badan presiden wakil presiden kumpul hari kita beliau prabowo ajar perintah reshuffle sebab kerja menterimenteri imam hendarsam turut halhal terap prabowo subianto  hendarsam prabowo visi misi anggota kabinet merah putih  lihat  tekad prabowo berantas korupsi akar dukung rca,nasional
serang israel iran anggap gagal alas,teheran guna media sosial reaksi agresi israel iran ejek skala serang puji mampu tahan udara iran tangguh pada sabtu jabat iran suara dengar teheran sebab aktivasi tahan udara iran target objek musuh wilayah udara provinsi teheran media israel usaha membesarbesarkan signifikansi serang bingka operasi hasil namun guna x tanggap sarkasme agresi israel puji tahan udara iran kuat efektif gagal agresi israel serang israel iran anggap gagal alas  iran milik sistem tahan udara kuatmoshi jurnalis puji respons tahan udara iran agresi israel iran bukti milik tahan udara kuat  analis geopolitik bas as will schryver tulis x ringkas agresi israel respons tahan udara iran  catat israel luncur rudal  lapor bukti video serang target iran  amat kait serang israel iran  israel luncur rudal jarak aman maksimum  iran pasang rudal tahan udara  lapor bukti video serang rudal target iran  iran cegat rudal serang aku hasil lolos  sedia empirepropaganda klaim israel hancur tahan udara iran hancur target tuju moshi lansir press tv  kesan moshi israel serang demonstrasi betapa batas mampu serang jarak israel betapa tangguh tahan udara iran  rusa besardan cohen jurnalis buat film bas as menggarisbawahi propaganda israel coba jual serang israel hasil  serang israel iran gagal sebab rusa signifikan propaganda israel jual serang hasil  tunjuk sedih coba selamat muka alami hancur lebanon minggu  baca iran bantah serang israel lokasi  pangkal militer as timur ajang balas dendampeneliti sarjana helyeh doutaghi keluar posting singkat bahas tindak agresi israel republik islam  gambar pangkal israel as wilayah target sah  as israel tindak perang iran  pangkal as israel wilayah target sah   serang israel tipu muslihatrobert inlakesh buat film jurnalis tinggal palestina sorot heboh media putar upaya membesarbesarkan skala agresi israel iran  serang israel iran lemah sampaisampai malu media  lancar serang tipu upaya selamat muka israel bagi videofoto  sulit paham  lihat  netanyahu klaim serang israel lumpuh produksi rudal iran ahm,internasional
rusia iran sukses laden serang pesawat israel f,teheran peran rusia sukses iran laden serang udara israel libat pesawat militer jet tempur siluman f adir sabtu hari kutip lapor sky news arabia minggu jam operasi israel luncur jabat rusia iran serang bagi informasi intelijen target potensial manuver zionis peran rusia ungkap sumber bicara sky news arabia  kolaborasi menggarisbawahi komitmen rusia jaga stabilitas regional bantu teheran tahan  iran rusia komentar lapor bagi intelijen sebut meski alami rusa instalasi militer provinsi teheran khuzestan ilam akibat mati tentara iran otoritas iran lapor tahan udara cegat rudal zionis serang  baca tekateki iran luluh lantak serang pesawat israel jet siluman f lapor tentang muncul gelombang serang israel  sumbersumber barat israel beda laporanlaporan iran gelombang serang jadi strategi israel andal rudal jarak luncur udara tembak posisi wilayah udara iran minimal risiko pesawatpesawat militer media zionis lapor serang kemarin libat pesawat militer f f jet tempur siluman f lapor axios papar israel komunikasi langsung iran antara tiga serang luncur desak ekang ancam serang dahsyat teheran balas serang  militer zionis ban lapor sebut pada oktober menteri negeri belanda kaspar veldkamp seru deeskalasi cakap kolega iran  lihat  iran incar kapal induk as timur,internasional
wujud program swasembada pangan polri rekrut bintara tani,jakarta kapolri jenderal polisi listyo sigit prabowo langkah dukung cepat swasembada pangan program presiden prabowo subianto  polri sosialisasi rekrut bintara kompetensi khusus bakomsus  rancang susun tindak salah satu menindaklanjuti program tahan pangan inisiasi as sdm kemarin papar rencana rekrut bakomsus asal tani kadiv humas polri irjen pol sandi nugroho rabu sandi polri kerja menteri lembagalembaga didik fokus bidang tani ahli gizi  baca kapolri siap program sukses asta cita prabowogibran rencana kick off november sosialisasi desember rekrut caloncalon baik awal tahan pangan ahli bidang gizi  baca kolaborasi bumn pangan tan amran optimal mandiri pangan nasional polri rekrut orang bakomsus sekolah inspektur polisi sumber sarjana sipss  tugas bantu tahan pangan  siap lahan padi tanamantanaman palawija jagung  kolaborasi penuh makan siang gratis sesuai standar gizi  butuh polisipolisi paham kolaborasi sebaikbaiknya  lihat  kolaborasi bumn pangan tan amran optimal mandiri pangan nasional cip,nasional
cagub sulteng ahmad ali target kantong ribu suara parigi moutong,parigi moutong parimo calon gubernur cagub sulawesi sulteng nomor urut ahmad hm ali sambut antusias masyarakat gelar kampanye dialogis desa siniu camat siniu kabupaten parigi moutong parimo senin malam baru lokasi kampanye ahmad ali langsung kerumun warga  ibuibu dominasi kampanye malam rebut temu calon gubernur idola  langsung ajak suami nilam sari lawira joget gemoy goyang khas ahmad ali angkat jari bapak pidato menang teriak warga sementara cagub sulteng ahmad ali ajak simpatisan masyarakat ubah daerah samasama juang harap pilih calon kepala daerah program realistis kabupaten parigi moutong yakin basis suara besar pasang calon gubernur wakil gubernur ahmad hm aliabdul karim al jufri  daerah daftar pilih dpt  pilih ahmad ali target aman ribu suara kita yakin juang  malam ajak mari juang bersamasama ahmad ali amin warga mantan anggota dpr ri periode berkontestasi pilkada sulteng tawar program pro rakyat asuransi tani lengkap sekolah gratis biaya jamin sehat gratis lindung sosial kerja informal baik infrastruktur jalan dia realisasi program mandat masyarakat sulteng pilih serentak november datang saya biaya usaha maju gubernur hutang usaha layan masyarakat  jabat ladang amal kelak baik daerah masyarakat sulteng  lihat  kolaborasi bumn pangan tan amran optimal mandiri pangan nasional skr,nasional
sumpah pemuda refleksi pkb partai anak muda,muhammad rodli kaelanisekretaris jenderal dkn garda bangsa wakil ketua dpp ikat pemuda tionghoa indonesiasetiap tanggal oktober ingat sumpah pemuda  sumpah pemuda tonggak sejarah bangsa indonesia semangat satu bangsa lopor anakanak muda  momentum puncak gerakangerakan anak muda muncul bangkit nasional lopor budi utomo sejak peran anak muda baharu sosial politik pisah dinamika ubah bangsa  era reformasi anakanak muda mahasiswa garda depan tuntut ubah rezim otoritarianisme demokrasi buka  jalan bangsa indonesia warna spirit pelopor kaum pemuda namun sumpah pemuda tantang hadap generasi muda kompleks  fenomena bonus demografi anggap berkah bangsa nyata simpan paradoks  generasi milenial gen z tumpu harap bangsa bawa potensi hadap tantangantantangan serius  paradoks bonus demografibonus demografi lonjak duduk usia produktif anggap dorong tumbuh ekonomi  momen langka pasal negara milik sempat emas  mana duduk usia produktif banding usia  realitas bonus demografi simpan tantang serius tingkat anggur kalang anak muda  data badan pusat statistik bps lapor anggur kalang anak muda tembus capai persen total duduk usia muda  situasi parah rentan psikologis akibat tekan sosial ekonomi budaya digital kuat  alihalih kelas tengah kuat jebak kondisi ekonomi stagnan daya beli turun sikap individualistik kuat aksi kriminalismekekerasan usia mudah parah gejala prediksi baca tumbuh ekonomi indonesia jalan lambat  mana angka tumbuh ekonomi indonesia angka bappenas   realitas dampak trend turun daya beli  plt kepala bps amalia adininggar widyasanti lapor september deflasi persen voa indonesia faktor ekonomi parah rentan psikologis hadap generasi  kemenkes rilis persen duduk indonesia usia alami ganggu sehat mental  ganggu sehat mental hadap gen z tingkat capai  ekonomi pelik hadap gen z kuat sikap individualistik kalang mereka paradoks anak muda hadap dunia kerja kompetitif dunia politik bangun kendali kuat uang modal  partai bangkit bangsa pkb hasil geser nilai antisipasi  pkb partai konsisten rangkul anak muda fenomena tantang peluang kuat peran generasi muda depan alih pimpin  tanggung generasi peran partai politiktantangan relevan konteks alih pimpin nasional  prabowo subianto pilih presiden ri milik tanggung  fenomena muncul anakanak muda ambil peran jabat publik sinyal positif  konsentrasi partai politik dorong ceruk pilih muda signifkan  partai politik sadar bangsa tangan anak muda peran kuat  lihat  prabowo  pkb dukung,nasional
jet tempur siluman f israel wilayah udara yordania serang iran,teheran militer zionis israel lapor kerah pesawat jet tempur siluman f adir serang iran sabtu hari beberapa saksi mata yordania dengar suara pesawat tempur wilayah udara yordania israel serang iran suriah guna media sosial yordania unggah video jet tempur langit serta komentar milik israel perintah raja yordania gegas ban saksi  izin israel wilayah udara yordania serang iran kemarin  baca jet siluman f israel lapor bom iran serang sistem rudal s tentara tewas sumber militer angkat darat yordania  pesawat militer izin lintas wilayah udara yordania angkat senjata ikut cermat eskalasi militer jam  militer raja yordania  angkat udara raja pantau situasi lindung tanah air  sumber militer yordania kutip media lokal tekan warga ambil informasi sumber resmi dengar rumor dasar edar sementara the jerusalem post lapor wilayah udara negara acu wilayah udara darat laut angkasa tidak tinggi pakat universal tanda wilayah udara negara angkasa tulis media zionis israel terseut seraya tinggi kilometer muka laut anggap wilayah udara daulat negara  tinggi angkasa bebas daulat nasional bebas aktivitas internasional lapor  lihat  israel invasi iran risiko,internasional
lembong jerat hukum izin impor surplus gula,jakarta thomas trikasih lembong ttl alias tom lembong tetap sangka jaksa agung jagung  jagung nilai tom lembong izin impor indonesia surplus gula direktur sidi jampidsus jagung abdul qohar surplus gula dasar rapat koordinasi rakor antarkementerian mei salah satu simpul indonesia alami surplus gula  tom lembong izin tuju impor gula kristal mentah gkm pt ap  ton  qohar lanjut sesuai putus menteri dagang peridustrian nomor boleh impor gula kristal putih gkp bumn tetapi dasar persujuan impor keluar sangka ttl impor gula pt ap qohar impor gkm rakor intansi kait  impor rekomendasi kementeriankementerian butuh riil gula negeri bahwa rugi negara akibat buat importasi gula sesuai tentu perundangundangan laku negara rugi rp miliar  lihat  gaji tunjang tom lembong menteri dagang ri abd,nasional
kutuk hamas pimpin islam tanggung genosida gaza,gaza pimpin negaranegara islam tahun wacana dialektika bicara kejam israel gaza  kutuk kecam tindak keji israel  tindak banyak bosan kutu kecam negaranegara islam hamas hamas seru pimpin arab islam tegak tanggung perang genosida gaza pimpin negaranegara arab islam tegak tanggung tuju nyata kutu hamas lansir middle east monitor  gera desak  ambil tindak henti perang genosida bersih etnis alami rakyat  gera nyata pers terima quds press serbu rumah sakit martir kamal adwan proyek beit lahia tentara duduk teroris jahat perang langgar terangterangan hukum internasional  baca serang israel iran anggap gagal alas perintah duduk zionis perang genosida jalur gaza utara peduli akibat dukung lindung penuh perintah as tambah gera tekan bantai jalur gaza utara bom kriminal fokus rumahrumah bongkar blokblok rumah hun desa zionis kampanye bersih etnis laku jalur gaza utara hamas seru pimpin negara arab islam teguh tanggung lindung rakyat palestina  pimpin islam puas nyata kutu tindak henti perang genosida bersih etnis hamas kritik  masyarakat internasional lembagalembaganya bungkam kejahatankejahatan pikul tanggung politik moral lanjut runtuh saksi dunia sistem nilainilai hukum atur pelanggaranpelanggaran zionis luas  lihat  padang mahsyar dunia palestina dalil ahm,internasional
lapor media iran  pangkal militer barat teheran serang israel,teheran kantor berita tasnim iran ledak lapor kantor pusat militer garda revolusi belah barat barat daya teheran suara dengar kait libat tahan udara tentara teheran tanggap serang israel lapor kutip sumber  informasi tambah alas suara ledak umum papar sumber itu loud sirens were heard in sadeghiyeh aryashahr neighborhood in western tehran as israel started its airstrikes a video obtained by iranintlen shows  pic twitter comvpagculy iran international english iranintlen october lapor kantor berita fars pangkal militer belah barat barat daya kota iran sasar serang israel lidi awal foad izadi profesor madya studi dunia universitas teheran bicara al jazeera kota iran dia kota teheran tenang sekarang sekitar pagi teheran aktivitas gera dia dia kota fungsi serang serang  direktur bandara internasional imam khomeini teheran bandara operasi sesuai jadwal insiden aman lapor lapor rekanrekan al jazeera arabic  baca israel luncur serang iran ledak dengar teheran lihat  hassan nasrallah pimpin hizbullah turun nabi muhammad sya,internasional
retreat mentanwamentan kesan akmil magelang,magelang menteri tani tan andi amran sulaiman wakil menteri tani wamentan sudaryono kesan rampung retreat kabinet merah putih  kompak kabinet merah putih kompak tan amran tinggal kompleks akademi militer akmil magelang jawa minggu amran latih kuat sama jabat kabinet merah putih mantap komitmen wujud citacita bangsa  bekal komitmen hati penuh integritas kompak komando presiden prabowo ujar sepakat tan amran wamentan sudaryono aku semangat jalan perintah abdi penting rakyat  salah satu wujud gagas swasembada pangan  arah presiden benarbenar fokus kompak  sukses perintah prabowogibran  semangat swasembada swasembada tawar ucap seperti presiden prabowo subianto kumpul jajar jabat kabinet merah putih ikut bekal  giat retreat tekan sama disiplin satu visi menteri kabinet merah putih dalam sempat akmil magelang tan amran wamentan sudaryono diskus serius selasela giat  kompak sama punggawa menteri urus produksi pangan rakyat indonesia kerap kali sorot menteri  menteri wamennya kompak nih tani  mobil golf car aja bareng celetuk salah menteri kabinet merah putih di suasana diskusi evaluasi kerja solid cermin harmonis upaya bangun sektor tani indonesia  lihat  kolaborasi bumn pangan tan amran optimal mandiri pangan nasional,nasional
suap mantan jabat ma cermin bobrok adil,jakarta suap perkara kasasi gregorius ronald tannur jerat mantan jabat mahkamah agung ma zarof ricar zr buka tabir praktik mafia markus gentayang adil indonesia lebih rumah zr mantan kepala balitbang diklat kumdil ma sita uang nila fantastis rp miliar kg emas  sangka duga terima gratifikasi  baca profil zarof ricar eks jabat ma sangka suap ronald tannur barang bukti rp miliar kg emas wakil ketua dewan bina dpp kongres advokat indonesia kai henry indraguna nilai tetap zarof ricar sangka antara suap ronald tannur cermin bobrok dunia adil indonesia  perhati hukum temu uang duga hasil urus perkara aparat memperjualbelikan vonis hukum kebiri adil korban masyarakat  tutup dalam sidi kuak aktor praktik suap jualbeli selesai perkara henry indraguna anggota dewan pakar partai golkar senin turut indonesia darurat korupsi timbul krisis percaya masyarakat  dinamika krisis percaya masyarakat hukum indonesia akut doktor hukum uns surakarta universitas borobudur jakarta ini henry harap perintah prabowogibran tata sistem mekanisme adil kelola profesional prinsip transparansi akuntabel  jadi ulang pola rewards punishment  laku hakim panitera asn lingkung ma  lihat  gpa jagung usut tuntas sumber uang rp miliar kg emas eks jabat ma,nasional
profil mehdi hasan jurnalis muslim ancam bunuh ryan girdusky acara live,london jurnalis muslim mehdi hasan viral komentar ras ancam bunuh ryan girdusky acara diskusi live cnn  cnn komentator sayap kanan ryan girdusky terima tampil live nyata ras acara cnn newsnight with abby phillip pada acara utama senin jurnalis muslim mehdi hasan dukung palestina komentator konservatif ryan girdusky tanggap harap pager bunyi  komentar girdusky rujuk ribu ledak pager lebanon target warga sipil juang hizbullah  cnn serang israel hasan phillip tamu bunuh tv live girdusky tanggap keliru sama dukung hasan palestina kelompok hamas itu masuk akal  phillip girdusky  phillip maaf pirsa nyata girdusky  girdusky maaf hasan dukung hamas klaim ban phillip hasan beberapa menit acara jeda iklan phillip pirsa hasan komentar terima girdusky girdusky keluar acara sebut ada batas langgar terima  terima jaring  diskus  orangorang dapat bicara  lewat batas kurang sopan acara phillip  lihat  fakta hubung pangeran william harry keluarga saing saudara,internasional
ampas aset tindak pidana bukti balik,romli atmasasmitasetelah undangundang uu tindak pidana korupsi tipikor uu tindak pidana cuci uang tppu undang bukti upaya tega hukum berantas korupsi alami hambat kembali rugi negara pulih aset tindak pidana maksimal  sebab kitab undangundang hukum acara pidana hap uu tipikor uu tppu aquo atur rinci hukum materiil hukum formil norma prosedur ampas aset tipikor optimal  timbang ruu ampas aset tindak pidana muka b kembang tindak pidana tuju untung ekonomis potensi rusak tatanan ekonomi nasional kurang mampu perintah indonesia wujud sejahtera atur ampas aset kait tindak pidana  ruu ampas aset tindak pidana tuju hukum pelakupemilik aset duga asal tindak pidana muka pasal angka  ampas aset tindak pidana ampas aset upaya paksa negara ambil alih kuasa danatau milik aset tindak pidana dasar putus adil oleh kuat hukum dasar hukum laku  baca ampas aset tindak pidana pola ampas aset tindak pidana atur ruu ampas aset tindak pidana anut ampas aset tindak pidana kenal in rem forfeiutre anut in personam forefeiture ampas aset tindak pidana dasar putus adil kuat hukum jatuh hukum laku tindak pidanapemilik aset tindak pidana bukti asalusul oleh sah  ruu ampas aset tindak pidana anut dekat inrem forefeiture arti jadi target ampas aset tindak pidana laku tindak pidana kuasa aset tindak pidana  ampas aset inrem forfeiture tuju hukum laku tindak pidana  pola dekat relatif ruu ampas aset tindak pidana ubah dasar strategi berantas tindak pidana tindak pidana korupsi hasil praktik negara anggota uni eropa amerika serikat  ubah akibat ubah hukum pidana formil hukum acara ampas aset tindak pidana ampas dasar prosedur gugat perdata laksana jaksa perdatun tata usaha negara jadatun  ruu ampas aset tindak pidana prosedur hukum acara ampas tahap  a telusur b henti transaksi c blokir d sita  ampas aset pidana dasar putus adil kuat hukum dasar hukum laku  jaksa acara negara wajib dalildalil dasar mohon wajib bukti aset mohon rampas aset tindak pidana pasal rat mohon jaksa acara negara wajib aju upaya hukum lawan  alat bukti atur ruu ampas aset tindak pidana atur tentu alat bukti nyata affidavit sedia layan aset mohon akun benda wujud saham  rujuk tentu pasal mohon ampas aset tindak pidana hapus wenang tuntut pasal tuntut tindak pidana objek aset tindak pidana aset tindak pidana mohon rampas mohon ampas aset tindak pidana proses gugat tunda putus adil kuat hukum laku  lihat  kausa jahat viktimisasi,nasional
kapolri terima harga raja malaysia alwi  aku prestasi dedikasi,jakarta kapolri jenderal polisi listyo sigit prabowo jadwal terima harga panglima gagah pasu polis raja malaysia sultan ibrahim  harga istana negara malaysia ini diri haidar alwi institute hai r haidar alwi nilai harga bentuk aku negara prestasi dedikasi polri pimpin kapolri jenderal polisi listyo sigit prabowo baik jaga aman nasional kawasan hubung kerja antarnegara sahabat polisi diraja malaysia  baca perwira polisi pangkat kompol mutasi kapolda metro jaya namanamanya prestasi dedikasi polri pimpin kapolri jenderal listyo sigit prabowo aku dunia jadi layak ganjar harga r haidar alwi rabu haidar ungkap hasil riset international police science association ipsa bas amerika serikat kolaborasi institute for economic and peace iep daftar autralia  baca perwira lemdiklat polri mutasi september kapolres ketua stik lapor tajuk world internal security and police index wispi ipsa iep ukur mampu polisi negara jaga aman tertib masyarakat selamat anggota hasil polri tempat peringkat negara peringkat banding posisi negara  salah varibel polri baik dunia jelas gallup lembaga survei amerika serikat aku kerja positif polri  ukur persepsi masyarakat kerja polisi negara wawancara  orang dewasa dari lapor global law and order rilis gallup polri pimpin kapolri jenderal listyo sigit prabowo masuk polisi kerja baik dunia pungkas r haidar alwi lihat  wujud program swasembada pangan polri rekrut bintara tani cip,nasional
truk tabrak halte israel sopir tembak warga yahudi,tel aviv orang luka kondisi kritis ringan truk tabrak halte bus glilot israel minggu  orang kondisi kritis sourasky medical center  magen david adom paramedis rawat enam orang luka parah orang luka sedang sekitar orang alami luka ringan orang derita cemas rawat medis mda seraya korban orang dewasa lansir times of israel mda pindah korban luka sourasky medical center rabin medical centerbeilinson campus meir medical center laniado hospital shamir medical center sheba medical center polisi israel warga sipil jadi tembak kemudi truk  polisi catat periksa bus henti halte bus daerah truk tabrak bus orangorang diri halte bus turut media israel polisi laku insiden serang teror rawan paramedis united hatzalah aharon yaakobson lokasi jadi kali lokasi jadi paramedis yaron schiff eliyah tubul yair porush lapor lokasi jadi sulit truk bus pejal kaki  awat lokasi jadi orang tahap alami tingkat cedera  baca citra satelit tunjuk fasilitas senjata nuklir iran target serang israel selamat tugas madam bakar kondisi serius jebak truk  anggota unit tanggap krisis psikotrauma united hatzalah bantu lokasi jadi orang derita syok emosional polisi pasu kerah daerah kemudi alih rute daerah  lihat  dosa israel indonesia salah satu luka tni ahm,internasional
arab saudi buka sindalah pulau mewah neom impi pangeran mohammed bin salman,riyadh kota futuristik arab saudi neom umum buka sindalah minggu  sindalah pulau mewah laut merah lengkap restoran hotel labuh kapal pesiar neom kota impi gagas putra mahkota arab saudi mohammed bin salman gambar sindalah pamer fisik pertama yang fungsi pintu gerbang neom laut merah sedia akses mudah milik kapal pesiar eropa saudi gcc dewan kerjasama teluk otoritas neom  baca mohammed bin salman pulau mewah neom rentet fasilitas neom komitmen dukung era pariwisata mewah raja buka sindalah imbuh ceo neom nadhmi alnasr nyata kutip al arabiya english senin  destinasi perdana neom tawar unjung pandang portofolio destinasi kembang luas papar sindalah sebar lahan luas  meter persegi hektare terima  tamu imbuh nyata bos neom pertama kali umum putra mahkota arab saudi mohammed bin salman desember neom buka sindalah tanda tonggak sejarah tarik maju neom gelombang tamu undang sambut sindalah rasa daya tarik pulau lapor saudi press agency spa neom ubah sindalah ide nyata hasil upaya kerja keras  tanda langkah wujud ambisi pariwisata raja visi saudi mampu neom rancang hadir destinasi tarik imbuh nyata alnasr  lihat  who kolaborasi arab saudi inisiatif kartu sehat haji mas,internasional
pasu korea utara tugas usir pasu ukraina kursk rusia,moskow pasu korea utara kerah rusia operasi wilayah batas kursk pasu ukraina pijak  tugas usir pasu ukraina wilayah  sekretaris jenderal nato mark rutte konfirmasi kerah bermingguminggu spekulasi susul temu jabat intelijen tahan korea selatan senin kepala nato lantik kerah eskalasi signifikan ekspansi bahaya perang rusia ukraina minggu presiden vladimir putin tolak sangkal pasu korea utara rusia susul lapor pyongyang kirim ribu pasu bantu sekutu badan matamata korea selatan  tentara korea utara rusia dorong seoul keluar tegur diplomatik keras moskow  baca cawapres partai republik tegas as perang rusia alas intervensi rutte senin tanda kali nato resmi aku pasu pyongyang operasi rusia  korea utara kirim juta amunisi rudal balistik moskow ukraina bagai balas presiden putin tuju kirim teknologi militer dukung bantu korea utara hindar sanksi internasional rutte  mitra rusak damai aman global lansir bbc ingat pasu korea utara operasi kursk timbul khawatir kota barat  bentrok lanjut pasu moskow kyiv pasu ukraina kali pasuk wilayah operasi kejut  lihat  presiden joe biden syarat ukraina serang pasu korea utara ahm,internasional
kisah michiko gadis hiroshima selamat bom nuklir amerika,tokyo michiko kodama usia tujuh milik ingat pagi tanggal agustus hiroshima jepang  cerah   sekolah duduk meja kelas kilat putih dahsyat langitlangit runtuh  potong kaca sangkut bahu keliling orangorang jebak pecah puing orang hidup  ingat klinik sekolah salah guru lepas kaca  robek tirai bersih luka  ayah  baring punggung jalan pulang michiko  baca truman sesal bom atom hiroshima  persetan michiko hibakusha orang kena bom sintas bom nuklir jatuh amerika serikat as kota hiroshima nagasaki jepang  hibakusha turun alami bom  orang hampir sembilan dekade peristiwa keri nihon hidankyo organisasi wakil hibakusha anugerah hadiah nobel damai oktober  upaya capai dunia bebas senjata nuklir saksi saksi senjata nuklir nobel foundation kait alas hadiah nobel damai nihon hidankyo nihon hidankyo diri tingkat sadar publik dunia pamer alam hibakusha efek jangka senjata nuklir  lihat  indonesiajepang kuat transformasi digital atas stunting layan sehat ibuanak,internasional
tum partai perindo angela tanoesoedibjo ajak generasi muda pandai syukur,jakarta ketua partai perindo angela tanoesoedibjo ajak generasi muda pandai syukur banding orang  banding lampau syukur modal besar generasi muda angela audiens acara m blok jakarta selatan senin  baca dorong dialog pemerintahgenerasi muda angela tanoesoedibjo  bijak pihak angela nilai syukur banding orang  banding orang  angela saran generasi muda banding lampau  banding banding pungkas  lihat  dorong dialog pemerintahgenerasi muda angela tanoesoedibjo  bijak pihak cip,nasional
serang lebanon jet tempur israel tabrak,tel aviv jet tempur israel tabrak pesawat tempur landas pacu pangkal udara ramat david sabtu malam  insiden jet tempur f lepas landas pangkal udara ramat david jalan misi serang lebanon  pesawat identifikasi jet tempur lintas jalur dua pesawat tempur manuver hindar tabrak rekam insiden bocor media senin picu pasu tahan israel idf luncur lidi  baca serang israel klaim hancur sistem rudal s iran teheran bahaya tanggap media perihal insiden idf insiden tabrak pesawat tempur akibat salah operator menara awas lintas udara  akibat terbit tuju lepas landas salah menara awas lintas udara pesawat landas pacu idf kutip times of israel selasa para kru respons cepat profesional insiden selamat serius hindar idf pada september tentara tewas tujuh cedera helikopter militer jatuh rafah gaza selatan lidi temu kondisi jarak pandang buruk sebab celaka  lihat  dosa israel indonesia salah satu luka tni mas,internasional
bendum perindo angkie yudistia terima harga youth humanitarian award,jakarta bendahara bendum partai perindo angkie yudistia raih harga youth humanitarian award gelar human initiative  angkie staf khusus presiden ri periode raih harga kategori individu  temu serah harga angkie terima kasih selenggara  raih harga turut bukti nyata generasi muda kembang seluasluasnya yakin  harga karier generasi muda social entrepreneur bukti nyata generasi muda kembang dampak seluasluasnya angkie hotel bidakara jakarta selasa  baca partai perindo angkie  rekrut sebanyakbanyaknya sandang disabilitas harga temanteman disabilitas juta jiwa indonesia disabilitas tara sambung  kendati angkie puas harga  harap henti jalan gampang mudah sebentar masyarakat butuh panjang tangan  lihat  bank jatim sabet platinum awardbest issuer bank atm ajang prima awards rca,nasional
iran israel irak tutup wilayah udara serang zionis,teheran ingat keluar pilot otoritas iran tutup wilayah udara negara serang militer israel tidak tutup wilayah udara langsung otoritas israel tutup wilayah udara israel  pagi  pagi gmt lapor media israel selain menteri transportasi irak umum tangguh lintas udara bandara negara pemberitahuan lanjut belum kantor berita lebanon al mayadeen koresponden irak lapor ledak pinggir provinsi diyala salah aldin  harap dengar militer israel jam kait spesifik jenis perangkat keras serang  fase serang serang lapor jurnalis al jazeera  jelas dengar tentara israel depan  paham israel naik status siaga kait komando front negeri arah warga negara  ubah jam papar lapor itu militer israel serang target militer iran mampu defensif ofensif mobilisasi sepenuh perintah iran komentar rinci ledak lapor kota iran teheran  lihat  iran incar kapal induk as timur,internasional
mahfud md saran ma jagung bentuk tim gabung bongkar mafia adil,jakarta mantan menko polhukam guru hukum tata negara mahfud md perintah campur adil wilayah wenang yudikatif  muncul tangkap mantan jabat mahkamah agung ma zarof ricar uang tunai emas capai rp triliun duga bentuk mafia adil perintah masuk benah sengkarut hukum area adil selain momentum ma milik ketua bersihbersih  tangkap jaksa agung mantan jabat ma sebut mahfud dapat ketua ma sunarto sosok tahu bersih  mahfud saran mahkamah agung jaksa agung bentuk tim gabung kembang tindak jahat zarof ricar pintu masuk membongkat mafia adil  presiden prabowo janji publik berantas korupsi toh sebentar narto pensiun coba buat republik bentuk tim buka suruh jaksa agung bentuk tim gabung mahkamah agung jaksa agung buka bongkar pro justicianya biar jaksa agung mahfud podcast terang mahfud md kanal youtube mahfud md official rabu kait peran komisi yudisial ky badan awas bawas ma mahfud efektif ronald tannur  putus hakim protes ky bentuk tim keluh ma sungguhsungguh selidik itu bahkan telpon telpon orang ky iya nggak sungguhsungguh kayak bersungguhsungguh mahkamah agung ma tangkap mahfud itu mahfud analisis aneh putus hukum tangkap  milik bukti mahfud dapat atur jagung hari tangkap ma umum malu  baca tampak uang rp miliar kg emas batang sita eks jabat ma mahfud wajar apaapa tangkap ma keluar umum  mahfud ma mafiamafia adil sarang main mengaturatur perkara  lihat  mahfud md apresiasi tegas tan amran copot pegawai terima suap,nasional
izin israel wilayah udara irak serang iran,baghdad israel wilayah udara irak lancar serang udara iran  perintah irak izin militer amerika serikat as bantu israel wilayah  kelompok lawan antiteror irak kataib hezbollah ingat amerika serikat bayar harga buka koridor angkasa rezim zionis serang udara instalasi militer negara tetangga iran as tanggung ceroboh kendali wilayah udara irak  as bayar harga kataib hezbollah brigade hezbollah lansir press tv  tolong tuhan  zionis kecuali nyata itu turut staf angkat senjata iran jet tempur israel wilayah udara kontrol as irak luncur rudal lokasi militer iran menteri negeri iran abbas araghchi libat amerika serikat tindak agresi israel negara sedia alat militer wilayah udara rezim serang udara kata ib hezbollah kecam serang israel iran preseden bahaya tekan faktor genting tangan  tantang takut guna wilayah udara irak lancar serang fasilitas iran ulang kali jam  pasu israel berani serang iran berani serang irak bayar harga mahal agresi kelompok lawan irak nyata kata ib hezbollah lanjut indikasi wilayah udara arab saudi yordania serang israel iran  lihat  rusia iran sukses laden serang israel,internasional
iran eksekusi warga as tuduh matamata israel,teheran otoritas wenang iran eksekusi mati warga amerika serikat as tuduh matamata zionis israel  adil iran jamshid sharmahd pimpin kelompok teroris tondar bas amerika bertahuntahun rencana operasi teroris iran perintah tuan organisasi matamata zionis israel hukum tindak eksekusi telah proses hukum tuju putus adil mahkamah agung jamshid sharmahd lapor milik kewarganegaraan jerman eksekusi senin pagi  baca serang israel klaim hancur sistem rudal s iran teheran bahaya sharmahd hukum rencana serang teroris pusat kumpul agama kota shiraz provinsi fars iran selatan tewas orang luka lain pada april mahkamah agung iran kuat hukum mati sharmahd jatuh februari bicara sidang adil acara wakil gugat sharmahd aku tanggung serang teroris media milik rencana aksi teror as resmi dukung kelompok teroris tondar markas kelompok teroris pusat amerika acara  as diberitahu berkalikali interpol kelompok teroris tindak ambil cegah aksi kelompok dukung acara wakil gugat perintah as dukung finansial kelompok teroris bayar uang agen iran di sidang adil hakim hosseinzadeh dakwa negeri panggil resmi perintah otoritas as tanggap pilih acara  adil sidang sesuai tentu periksa buktibukti putus imbuh kutip irna selasa ekskusi sharmahd seteru iran israel panas  rezim zionis serang udara iran sabtu pekan respons serang ratus rudal teheran oktober  lihat  hassan nasrallah pimpin hizbullah turun nabi muhammad mas,internasional
legislator muda ntt stevano adranacus kawal rudy soik,jakarta anggota komisi iii dpr nusa tenggara timur ntt stevano rizki adranacus awal henti hormat ptdh alias pecat ipda rudy soik tuntas  stevano warga ntt butuh tega hukum adil manfaat rakyat hal rapat dengar dapat rdp jajar kapolda nusa tenggara timur ntt irjen daniel tahi monang silitonga kait pecat ipda rudy soik  lidi bahan bakar minyak bbm ilegal  pesan kapolda rekanrekan kapolda backup penuh komisi iii garda depan saudarasaudara stevano rdp komisi iii dpr jajar polda ntt gedung dpr kompleks parlemen jakarta senin  baca benny k harman pecat ipda rudy soik bahas bareng kapolri stevano berita media massa polda ntt tindak sewenangwenang dasar henti ipda rudy soik prihatin mundur tega hukum tanah air ntt meski stevano jajar polda ntt polisi profesional  harap rdp bongkar terang benderang tuntas  harap forum hormat fakta perspektif utara terang benderang komisi iii duduk masalah seutuhutuhnya rakyat indonesia masyarakat ntt jelas seutuhutuhnya stevano  baca kapolda ntt usap kepala ipda rudy soik dpr  anak ayam tangan stevano serah institusi polri propam milik mekanisme internal profesional ungkap  dengar propam polri pimpin irjen abdul karim profesional takut  ajak temanteman komisi iii percaya propam selesai stevano  lihat  alas tunjang rumah anggota dpr  rumah dinas klaim bocor tikus rayap,nasional
trump kecam harris asyik pesta timur bara,washington calon presiden partai republik donald trump komentar situasi timur rapat michigan kita perang pesta trump rujuk lawan partai demokrat kamala harris wakil presiden as ada rapat kampanye houston texas beyonce selebritas lain bicara rapat traverse city michigan mantan presiden trump alih perhati juang harris suara populasi arab amerika negara itu dukung harris perang israel gaza asing pilih arab amerika dukung presiden biden milu kamala benarbenar jatuh bebas populasi arab muslim michigan  benarbenar jatuh bebas trump dia kirim kerja negeri bawa jahat kotakota malam timur kotak api ledak  orangorang bunuh tingkat lihat  trump  trump usaha sorot kritik terima harris sorot dukung mantan anggota dpr partai republik liz cheney ayah mantan wakil presiden dick cheney  muslim dukung kamala rangkul liz cheney benci muslim percaya liz cheney cundang total ayah bawa perang mati bertahuntahun timur papar trump nyata trump rujuk cheney tua salah tokoh kuasa perintah george w bush lancar perang afghanistan irak serang september teliti universitas brown korban tewas kolektif perang pasca september capai juta jiwa sakit faktor langsung  ayah bunuh orang arab manusia bumi  dorong bush pergi timur papar trump dick cheney  baca israel serang iran ledak dengar teheran lihat  iron dome israel jebol hizbullah mampu rudal penuh sya,internasional
projo putus partai politik kongres,jakarta putus organisasi pro jokowi projo transformasi partai politik tentu kongres tiga gelar desember  forum bahas kondisi tantang kini transformasi projo partai politik jadi gin isu transformasi projo bahas kongres  kongres projo kongres tiga insyaallah laksana desember bendahara projo panel barus selasa panel kongres mekanisme organisasi rutin  kongres forum tinggi ambil putus projo  forum urus projo tingkat daerah pusat bahas isu strategis khusus kondisi tantang kini  baca projo muda tangan dingin jokowi butuh generasi muda situasi kondisi tantang objektif kondisi beda  ubah organisasi alat juang adaptif sesuai kondisi tantang ubah tutur jadi haram bicara transformasi organisasi  apaseperti transformasi bahas kongres  kongres bahas ubah adart kongres bicara ubah bentuk organisasi kongres angkat pimpin urus kongres bicara perubahanperubahan strategi taktik organisasi imbuh  baca perwira polisi pangkat kompol mutasi kapolda metro jaya namanamanya panel transformasi projo partai politik sepakat anggota organisasi indonesia  timbang aspirasi rakyat ubah projo partai kena projo partai hendak rakyat  bilang hendak rakyat penguruspengurus projo daerah tindak pikir pengaruh hendak rakyat tuturnyapanel projo jemput takdir  rakyat sambung projo partai politik  komitmen projo awal perintah prabowo gibran solid sukses  garis bawa indonesia citacita indonesia emas ucap nah organisasi bentuk diskusi kongres desember  kongres iii desember jakarta solo panel  lihat  projo deklarasi dukung ridwan kamilsuswono pilkada jakarta cip,nasional
israel serang iran arab saudi marah,teheran arab saudi kutuk serang israel iran langgar daulat negara langgar hukum norma internasional  raja arab saudi posisi tolak eskalasi lanjut kawasan luas konflik ancam aman stabilitas negara masyarakat kawasan menteri negeri saudi nyata lansir al jazeera  riyadh desak tahan sepenuh kurang eskalasi ingat konsekuensi konflik militer lanjut kawasan sebut hal militer israel serang udara iran sabtu hantam pangkal militer lokasi rudal sistem wilayah  baca as ingat iran balas serang israel baru raja saudi seru masyarakat internasional pihakpihak pengaruh aktif jalan peran tanggung kurang eskalasi konflik kawasan  menteri negeri malaysia rilis nyata tanggap serang israel malam lokasi iran sebut serang langgar hukum internasional serius rusak aman regional  malaysia seru henti musuh siklus keras nyata sebut menteri negeri serang israel lanjut negaranegara timur bawa kawasan ambang perang luas  lihat  netanyahu damai negaranegara arab ahm,internasional
menteri uang israel qatar musuh,tel aviv menteri uang israel bezalel smotrich serang negara qatar partisipasi lanjut negosiasi kembali sandera salah serius  gambar qatar negara musuh smotrich anggap haluan kanan ekstrem sesal dalam perintah perdana menteri benjamin netanyahu kirim kepala mossad david barnea qatar partisipasi negosiasi mengapa menteri uang israel qatar musuh  qatar dukung hamas qatar negara musuh dukung hamas dukung posisi negosiasi tuju cegah hancur  qatar milik aljazeera rusak citra israel dunia upaya perang eksistensi lansir middle east monitor   perang solusi israel negosiasismotrich saran satusatunya bawa sandera  serah hamas lanjut tekan militer juang heroik utara jalur gaza  qatar serang kelompok sayap kanan ekstrem israel pimpin netanyahu menteri smotrich ekstremis barat tekan qatar bebas sandera januari  baca israel serang iran banding kuat militer negara perang  politikus sayap kanan israel memusuhu qatarpemerintah qatar komentar nyata smotrich doha kecam nyata kelompok sayap kanan pimpin netanyahu nyata menteri uang israel muncul hari umum berangkat barnea qatar minggu bahas runding tawan gaza qatar main peran upaya mediasi henti agresi israel jalur gaza luncur runding tahan  november qatar capai sepakat ratus tahan tukar belah  lihat  profil mehdi hasan jurnalis muslim ancam bunuh ryan girdusky acara live ahm,internasional
cawapres partai republik tegas as perang rusia alas,washington as perang rusia cari perang  calon wakil presiden partai republik j d  vance cap presiden vladimir putin musuh amerika senator ohio tampil acara meet the press nbc minggu pimpin rusia sekutu musuh  putin musuh saing washington cerdas diplomasi vance hanya suka libat cakap saran lansir rt bawa acara kristen welker desak langsung sebut putin musuh kami perang dengan  perang rusia pimpin vladimir putin senator  pikir coba cari jalan damai  baca izin israel wilayah udara irak serang iran logika laku tiongkok vance seraya anggap ancam penting amerika rusia  as suka bicara saing konflik ukraina selesai negosiasi senator sebut ketika mantan presiden donald trump keluar as nato vance laku  calon wakil presiden jabat negara hormat komitmen organisasi blok klien sejahtera aliansi nyata  vance rujuk kritik trump kurang anggar tahan negaranegara anggota eropa moskow identifikasi luas nato eropa ancam aman nasional alas utama buruk hubung barat  lihat  rusia iran sukses laden serang israel,internasional
tolak hasil milu georgia duga campur tangan rusia,moskow hasil milu georgia tolak  sikap hasil duga penuh curang ribu orang unjuk gedung parlemen georgia tbilisi senin aksi protes partai kuasa negara georgian dream menang pilih  partai oposisi dukung negaranegara barat seru lidi hasil pilih tuding simpan curang reuters lapor georgian dream oleh suara  kalang partai oposisi protes hasil lapor langgar signifikan kenapa tolak hasil milu georgiasalah tolak hasil milu georgia presiden georgia probarat salome zourabichvili  umum aku hasil pilih parlemen barubaru tuding campur tangan rusia tuju konsolidasi pengaruh georgia bicara istana presiden zourabichvili kutuk proses milu  gambar perang hibrida sebut strategi rusia luas jangkau politik georgia zourabichvili seru warga georgia turun jalan unjuk pusat kota tbilisi  masyarakat dukung penuh putus umum dunia georgia aku milu ini belum hasil milu warga georgia pandang mungut suara status referendum tentu jalan hubung negara rusia uni eropa  lihat  putin harap nato dengar ingat risiko serang rudal jarak ukraina,internasional
iran aktivitas tahan sebab suara dengar teheran,teheran kantor berita resmi iran irna kutip sumber aman suara dengar kota sebab aktivitas tahan teheran tahan udara hasil insiden ini dalam unggah telegram pisah kantor berita lapor insiden bantu  tambah situasi bandara internasional mehrabad bandara internasional imam khomeini normal serang israel lapor target lokasi iran  rusa akibat serang zionis  lapor berkalikali pekan serang iran tel aviv tanggal oktober amerika serikat as ingat israel israel putus balas israel hindar serang fasilitas nuklir iran hindar serang fasilitas minyak iran kena dukung as israel as dukung unggul teknologi militer israel kawasan timur tengah tiap jual senjata as israel israel milik unggul teknologi negaranegara tetangga iran perlu catat as tempat kelompok serang kapal induk wilayah bantu tahan warga negara israel wilayah israel dan pekan as kerah thaad sistem terminal high altitude area defense tentara as israel bantu lindung israel serang iran benarbenar asumsi iran balas sama serang baru israel iran picu serang balas lanjut teheran  baca israel luncur serang iran ledak dengar teheran lihat  hassan nasrallah pimpin hizbullah turun nabi muhammad sya,internasional
icj afrika selatan sodor dokumen halaman bukti genosida israel gaza,den haag afrika selatan serah dokumen halaman bukti genosida israel jalur gaza mahkamah internasional icj dokumen isi bukti perintah israel langgar konvensi genosida promosi hancur warga palestina tinggal gaza kantor presiden cyril ramaphosa senin rezim zionis ban keras genosida jalur gaza palestina bukti saksi kelompok hak asasi manusia ham muncul  baca kutuk hamas pimpin islam tanggung genosida gaza jabat adil pusat den haag senin konfirmasi terima dokumen tolak perinci lanjut bukti dasar tindak genosida israel niat khusus genosida gagal israel cegah hasut genosida cegah genosida gagal hukum hasut tindak genosida kantor presiden ramaphosa kutip afp selasa memorial nama dokumen merinci afrika selatan israel icj publikasi papar bukti halaman teks  dukung bukti lampir  halaman imbuh kantor presiden ramaphosa afrika selatan desember aju icj alas perang brutal israel gaza langgar konvensi genosida serikat bangsabangsa pbb tuduh ban keras israel beberapa negara dukung proses hukum afrika selatan israel spanyol bolivia kolombia meksiko turki chili libya meski putus icj ikat hukum adil milik konkret tegak perang brutal israel gaza tewas  warga palestina warga sipil angka menteri sehat gaza anggap kredibel pbb perang picu serang hamas oktober akibat tewas  orang israel hitung afp dasar angka resmi israel cakup sandera tewas tawan dari sandera tawan serang tahan gaza orang militer israel tewas  lihat  iron dome israel jebol hizbullah mampu rudal penuh mas,internasional
detikdetik tangkap pidana gregorius ronald tannur,jakarta tugas jaksa kejat jawa timur tangkap gregorius ronald tannur pidana aniaya kasih sera afrianti tewas  tangkap diam surabaya  kapuspenkum jagung harli siregar tangkap pidana gregrorius ronald tannur dasar putus mahkamah agung ma nomor  kpid tanggal oktober  putus putus salah tindak pidana aniaya sebab mati atur pasal ayat kuhp pidana penjara harli siregar minggu  baca kejat jatim tangkap ronald tannur jagung  laksana putus ma tangkap pidana pakuwon city virginia regency kota surabaya minggu oktober  wib   wib tim berangkat kantor diam pidana gregorius ronald tannur  wib  tim masuk rumah pidana maksud tuju datang jemput rangka laksana eksekusi  sangkut damping asisten rumah tangga art  baca tunduk lesu tampak ronald tannur tangkap surabaya  wib pidana gregorius ronald tannur hasil bawa aman tim intelijen kejat jatim tim jaksa eksekutor kejar surabaya langsung bawa kantor jaksa jawa timur   wib pidana gregorius ronald tannur kantor kejat jatim aman tim gabung intelijen  upaya tangkap rangka eksekusi hasil kerja keras tim intelijen monitoring ada pidana gregorius ronald tannur putus kasasi mahkamah agung ri nomor  kpid tepat minggu tanggal oktober  wib lari pidana gregrorius ronald tannur surabaya telah hasil tangkap bawa kantor jaksa jawa timur pidana gregrorius ronald tannur eksekusi jaksa eksekutor lembaga masyarakat kelas i surabaya medaeng pungkas  lihat  mahfuf md bicara zarof ricar pintu masuk bongkar makelar adil cip,nasional
menlu ri sugiono retno marsudi kapten diplomasi,jakarta menteri negeri menlu ri sugiono ulas artikel  nama jabat kabinet beda tahu menlu ri jabat salah percaya presiden prabowo subianto sugiono  pria lahir takengon aceh februari lantik menlu kabinet merah putih oktober beberapa lantik sugiono langsung terbang rusia hadir konferensi tingkat ktt brics plus selenggara oktober  menlu ri sugiono ulas   retno marsudiretno marsudi  fotodok sindonewsretno lp marsudi lahir semarang november  retno wanita jabat menlu ri  lantik tanggal oktober presiden joko widodo jokowi  retno menlu kabinet kabinet kerja kabinet indonesia maju belum angkat menlu kabinet kerja presiden jokowi retno duta republik indonesia raja belanda direktur jenderal amerika eropa duta republik indonesia raja norwegia republik islandia  baca retno marsudi kapten diplomasi indonesia utus khusus sekjen pbb kutip laman resmi kemlu retno lulus universitas gadjah mada yogyakarta jurus ilmu hubung internasional  retno ambil program studi undangundang uni eropa haagse hogeschool den haag studi hak asasi manusia universitas oslo saat rapat komisi i dpr retno pamit anggota dewan mitra  hormat amanah tanggung kapten diplomasi indonesia  amanah sebentar selesai ucap belum tugas menlu september retno marsudi utus khusus sekjen pbb isu air  tunjuk retno tuju galang mitra upaya maju agenda air tindak hasil konferensi air serikat bangsabangsa pbb  utus khusus manfaat hasilhasil siap proses air global konferensi air pbb sekjen pbb antonio guterres  marty natalegawaraden mohammad marty muliana natalegawa kenal nama marty natalegawa diplomat  pria lahir bandung maret angkat menlu kabinet indonesia satu ii  lihat  kemlu diplomasi indonesia hitung tingkat global,nasional
tan gandeng guru dorong inovasi teknologi tani swasembada pangan,jakarta menteri tani tan pimpin menteri tani tan andi amran sulaiman jalin kerja menteri didik sains teknologi dikti saintek dukung visi presiden prabowo subianto kait swasembada pangan  kolaborasi tuju dorong inovasi teknologi tani langkah strategis tingkat produksi pangan nasional tan amran guru milik peran strategis kembang teknologi inovasi sektor tani  guru peran maju bangsa  kolaborasi cepat capa target swasembada pangan harap presiden tan amran forum diskusi rektor tan mendikti saintek kantor pusat tan jakarta selasa  kerja tan kemendikti saintek cakup inisiatif teliti latih teknologi baru tani manfaat hasil riset guru tingkat kualitas produksi  teknologi tani  butuh teknologi guru  gantung negara  orangorang baik dosen baik bantu riset air benih alat mesin tani amran menteri didik sains teknologi mendikti saintek satryo soemantri brodjonegoro dukung penuh kolaborasi lintas menteri  sejarah jalan amanat presiden kolaborasi antarsektor  guru libat kait manfaat kembang teknologi inovasi bidang tani satryo satryo dorong dosen ahli mahasiswa aktif sukses program strategis tan jaga tahan pangan  dikti saintek luas dosen mahasiswa program swasembada pangan maju tani indonesia tingkat ahli  teliti hasil inovasi mahasiswa tani dorong tani milenial tutur dalam sempat tan amran transformasi tani tradisional tani modern sukses program strategis capai swasembada pangan indonesia  sinkron sumber daya alam generasi muda teknologi  indonesia lumbung pangan dunia  lihat  kampanye ampibabo cagub sulteng ahmad ali pasti tani rugi ars,nasional
ungkap tom lembong kali periksa sangka impor gula,jakarta jaksa agung jagung tetap mantan menteri dagang mendag periode thomas trikasih lembong ttl sangka duga korupsi importir gula menteri dagang  tetap sangka tom lembong kali periksa saksi  kait periksa sangkut kurun kali periksa saksi kapuspenkum jagung harli siregar rabu harli sidik gelar perkara periksa tom lembong kemarin  hasil gelar perkara sidik jagung tetap tom lembong sangka  baca fakta tom lembong sangka impor gula tahan jagung periksa saksi sidik ekspose perkara  tetap sangkut sangka  sidik wenang rangka tahan sangka ttl cs dia belum direktur sidi jampidsus jagung abdul qohar kronologis dasar rapat koordinasi antarkementerian tepat mei simpul indonesia alami surplus gula butuh impor gula  baca tom lembong sangka impor gula jagung klaim politisasi menteri dagang saudara ttl izin tuju impor gula kristal mentah  ton pt ap gula kristal mentah olah gula kristal putih gkp abdul konferensi pers jagung jakarta selasa oktober sesuai putus menteri dagang nomor boleh impor gula kristal putih bumn dasar tuju impor keluar sangka ttl impor gula pt ap impor gula kristal mentah rapat koordinasi instansi kait rekomendasi menteri industri butuh riil gula negeri tambah qohar sebut desember rapat koordinasi bidang ekonomi hadir menteri menko ekonomi salah bahas indonesia kurang gula kristal putih  ton rangka stabilisasi harga gula penuh stok gula nasional  lihat  tom lembong sangka korupsi impor gula cak imin  sedih,nasional
dosa israel indonesia salah satu luka prajurit tni unifil,beirut riwayat dosa israel indonesia telusur  baru tentara zionis luka prajurit tni tugas pasu damai unifil sejak israel deklarasi negara merdeka indonesia aku ada negara yahudi  indonesia dukung penuh juang palestina raih bebas tuntut tel aviv angkat kaki wilayah duduk meski libat konflik langsung israel dosa indonesia  tahu dosa israel indonesia  serang rs indonesia gazarumah sakit indonesia gaza luput seranganserangan israel  status fasilitas sehat tentara zionis segan serang capai tuju  rs indonesia gaza salah fasilitas sehat besar  tuju diri bantu butuh medis warga palestina dampak konflik iring masif serang israel gaza rs indonesia alih evakuasi warga luka  status aman susul serang udara tentara zionis fasilitas publik rumah sakit jalur gaza salah contoh baru pasien tinggal dunia rumah sakit indonesia gaza utara serang israel sabtu  arab news lapor puluh orang jebak dalam  lihat  banding kuat militer iran vs indonesia,internasional
netanyahu klaim serang israel lumpuh produksi rudal iran,tel aviv perdana menteri benjamin netanyahu klaim serang udara israel iran presisi kuat  turut tuju serang capai lumpuh mampu produksi rudal teheran kami janji tanggap serang iran sabtu serang  serang iran presisi kuat capai tuju netanyahu pidato minggu lansir afp senin  baca tekateki iran luluh lantak serang pesawat israel jet siluman f serang israel balas serang iran oktober teheran tembak rudal negara yahudi klaim rezim zionis misil cegat sistem tahan udara iran serang israel ratus rudal balistik serang gagal netanyahu kami tepat janji  angkat udara serang iran hantam mampu tahan produksi rudal iran dia iran konfirmasi israel target lokasi militer kota provinsi serang sebab rusa batas tewas tentara republik islam iran sinyal tanggap serang israel sabtu lapor libat pesawat jet tempur siluman f serang mengantam target kota iran teheran provinsi barat ilam khuzestan sementara pimpin tinggi iran ayatollah ali khamenei hitung israel gagal  serang iran remeh dibesarbesarkan kata ketua parlemen iran mohammad baqer qalibaf negara hak bela tanggap sesuai syarat  lihat  dosa israel indonesia salah satu luka tni,internasional
prabowo menaker prioritas isu anggur cipta lapang kerja,jakarta presiden prabowo subianto menteri ketenagakerjaan menaker yassierli prioritas isu anggur cipta lapang kerja  yassierli awak media istana presiden jakarta selasa  kait anggur concern presiden program strategis tugas jadi peluang cipta lapang kerja yassierli yassierli langkah revitalisasi balaibali latih kerja blk  harap tingkat efektivitas tenaga kerja terampil kerja  baca prabowo putus sritex ekspor impor pailit revitalisasi balaibalai latih kerja tingkat efektivitas tingkat akses tingkat skala ujar yassierli target blk kontribusi cetak tenaga kerja terampil juta tahun  prioritas utama  bicara ribu ya bicara balaibalai kontribusi ya hitung juta ya orang bekal latih ya  prioritas utama pungkas  lihat  mensesneg pasti anggota kabinet merah putih pakai mobil dinas maung sewa rca,nasional
hadap perang dunia iii rusia gelar latih senjata nuklir darat laut udara,moskow presiden rusia vladimir putin luncur latih kuat nuklir negara tampil luncur rudal simulasi serang balas tingkat tegang barat ukraina  tingkat tegang geopolitik muncul ancam risiko eksternal milik kuat strategis modern putin lansir al jazeera  komentar siar televisi menteri tahan andrei belousov putin tuju latih latih lancar serang nuklir besarbesaran pasu ofensif strategis respons serang nuklir musuh latih libat rangka nuklir rusia rudal luncur darat laut udara  baca sekutu zionis kutuk langkah israel larang unrwa rudal balistik antarbenua yars luncur kosmodrom plesetsk rusia barat laut kamchatka semenanjung timur  rudal balistik sineva bulava tembak kapal selam rudal jelajah luncur pesawat bom strategis menteri tahan latih rudal kritis perang rusiaukraina bermingguminggu rusia sinyal barat moskow tanggap amerika serikat sekutu izin kyiv tembak rudal jarak wilayah rusia pada senin nato korea utara kirim pasu rusia barat klaim ban moskow  minggu putin terap janji mitra pyongyang moskow urus sendiri perang pasuk jabat rusia fase bahaya barat timbang kuat ukraina pasu rusia gerak maju wilayah timur negara sebut putin tekan selasa senjata nuklir rusia jamin daulat aman negara andal  lihat  israel takut iran analisanya,internasional
israel serang iran banding kuat militer negara perang,teheran israel serang lokasi iran sabtu pagi klaim serang fasilitas militer tanda babak baru spiral eskalasi rival timur  serang arah target militer iran gagal ancam langsung negara israel juru bicara militer israel daniel hagari posting x umum gelombang serang lansir al jazeera  ledak dengar teheran  al jazeera lapor kota iran jabat iran anggap ledak sebab intersepsi rudal sistem tahan udara iran lansir al jazeera bom israel bulan iran serang kotakota israel rudal balistik tanggal oktober  korps garda revolusi islam irgc iran rudalrudal tembak respons teheran bunuh warga sipil gaza barubaru lebanon serang israel bunuh pimpin irgc hamas hizbullah  irgc rudal khusus pangkal militer tel aviv perdana menteri israel benjamin netanyahu sumpah balas serang oktober iran salah bayar iring israel iran musuh dekade libat tempur proksi arah konfrontasi langsung  milik mampu militer masingmasing mampu serang tahan wilayah mereka israel serang iran banding kuat militer negara perang  tentaramenurut the military balance terbit lembaga pikir bas inggris international institute for strategic studies iiss  iran milik  personel aktif  angkat darat  irgc  angkat laut  angkat udara  tahan udara  iran milik pasu cadang  wajib militer wajib pria iran usia kecuali israel milik  personel aktif  angkat darat  angkat laut  angkat udara  israel milik pasu cadang  israel amanat wajib militer pria wanita muda usia kecuali  anggar militermenurut lembar fakta terbit stockholm international peace research institute sipri april  iran habis usd miliar tingkat persen israel habis usd miliar tingkat persen lonjak dorong perang gaza oktober  angkat daratmenurut the military balance iran milik  tank tempur  senjata artileri angkut pribadi lapis baja  angkat darat milik helikopter irgc milik helikopter  lihat  ayatollah khamenei sakit parah serang israel fakta sehat bugar,internasional
retreat kabinet merah putih magelang pakai uang pribadi prabowo,magelang presiden prabowo subianto rogoh kocek pribadi biaya retreat kabinet merah putih akademi militer magelang jawa tengah ya  prabowo biaya menteri lindung kerja migran indonesiakepala bpmi abdul kadir karding senin  baca kelakar prabowo retreat kabinet merah putih  bikin nyaman retreat kabinet merah putih jumat oktober minggu oktober akmil magelang pada retreat jajar kabinet bangun pagi ikut olahraga pagi  olahraga jajar kabinet latih barisberbaris usai latih barisberbaris jajar kabinet arah prabowo  menteri kabinet materi sore hari prabowo wakil presiden gibran rakabuming raka jajar kabinet ikut upacara parade senja turun bendera akmil  upacara khidmat guyur hujan malam hari prabowo ajak jajar kabinet taruna tugas upacara makan malam sama hari agenda pagi  jajar kabinet olahraga latih barisberbaris telah jajar menteri materi narasumber menteri kabinet merah putih malam hari prabowo ajak jajar kabinet hadir acara malam akrab  jajar kabinet kompak kena pakai batik acara sebut esok hari jajar olahraga pagi  telah prabowo ajak jajar sarap  prabowo gibran jajar kabinet jakarta  lihat  tiru amerika serikat istana  ig presiden akun pribadi jon,nasional
alas israel serang iran tahap,teharan israel laksana serang balas dendam iran  serang skala milik dampak serius teheran ada indikasi serang israel lanjut tahap  situasi kondisi iran lemah  kondisi timur situasi panas  alas israel serang iran tahap  iran lemah serang dilanjutkanhassan mneimneh analis politik middle east institute al jazeera serang israel iran serang serang lanjut saya pikir serang  mneimneh jelas netanyahu penting cari citra momen sempat bagi jalan nyata perintah amerika benarbenar kondisi lemah kata as mneimneh tandatanda kuat tahun ikut persis naskah netanyahu tambah tetapi momen benarbenar tuju seret as perang lawan israel iran  momen  kejut serang benarbenar   serang dahsyattrita parsi wakil presiden eksekutif lembaga pikir quincy institute for responsible statecraft gelombang serang israel iran khawatir indikasi buruk  pikir berhatihati fase serang  fase parsi al jazeera  serang dahsyat serang fokus sistem tahan udara hancur buka jalan serang dahsyat telah parsi  dengar korban rusa batas dasar upaya kecil rusa akibat serang israel indikasi iran eskalasi kata namun jam benarbenar fase fase fase  lihat  ayatollah khamenei luncur akun media sosial bahasa ibrani,internasional
rampai nusantara silaturahmi rumah jokowi apresiasi kerja,jakarta urus dewan eksekutif nasional rampai nusantara silaturahmi rumah presiden ri joko widodo jokowi solo jawa selasa  datang terima langsung jokowi ketua rampai nusantara mardiansyah mar kunjung rangka apresiasi kerja jokowi pimpin bangsa indonesia prestasi bangga  rampai nusantara apresiasi pimpin jokowi dedikasi prestasi beliau pimpin negara rasa kebijakankebijakan beliau pimpin bawa negara gerak maju perata bangun rasa masyarakat indonesia sabang merauke miangas pulau rote mar  baca rampai nusantara kawal perintah prabowogibran infrastruktur mar perintah presiden jokowi bangun hilir sumbersumber kaya negara dampak nilai sumber daya alam indonesia lipat  hilir sektor tambang industri jokowi dongkrak nilai manfaat sumbersumber kaya negara maksimal sektor pariwisata tahan pangan umkm dana desa bukti prestasi hasil beliau pimpin bangsa manfaat masyarakat luas mar  mar harap jokowi rakyat tambah semangat juang hadap tantang hidup kondisi dunia tentu  nilai jokowi sumbang pikir gagas bangsa masukanmasukan pemerintahaan prabowogibran  programprogram jokowi terus perintah prabowogibran lanjut beliau sama rakyat indonesia aktivis  tambah semangat juang hadap mudah lewat harap beliau saran gagas perintah pungkas  lihat  retreat kabinet merah putih olahraga pagi latih barisberbaris rca,nasional
pgn ambil peran gotong royong bangun jargas nasional kurang subsidi energi,jakarta pt pgn tbk subholding gas pertamina komitmen bangun jaring gas jargas rumah tangga manfaat masyarakat negara  pgn sadar rantai bisnis kembang jargas butuh gotong royong sinergis jargas optimal manfaat masyarakat  kurang subsidi energi salah highlight giat focus group discussion fgd investortrust tajuk gotong royong bangun jargas selasa kembang jargas pgn jalan asta cita perintah upaya swasembada energi lanjut proyek  jargas kelola pgn ribu sambung rumah sr tara ribu metrikton lpg  sisi kapasitas infrastruktur bangun pgn lebih rumah tangga komersial jargas langgan  buka ruang manfaat infrastruktur eksisting tingkat langgan optimalisasi pasok gas sedia skk migas jargas bbg  tingkat serap volume gas bumi bantu kurang subsidi energi pakai lpg subsidi laode sulaeman direktur rencana bangun infrastruktur minyak gas bumi direktorat minyak gas bumi kesdm nilai salah kembang jargas model integrasi industri rumah tangga model kawasan industri mekanisme beyond pipeline badan usaha kami bph migas support sisi harga rumah tangga langgan kecil rangka kembang manfaat gas domestik  infratruktur kunci gotong royong tuju idham baridwan koordinator atur akun tarif harga gas bumi pipa bph migas jalan nyata regulator rosa permata sari direktur strategi kembang bisnis pgn kolaborasi kontribusi kunci orkestrasi rencana butuh masyarakat swasembada energi  pgn jalan fungsi rantai bisnis gotong royong salur jargas  rosa investasi bangun jargas  salah konsep bangun konsep kpbu badan usaha terima tugas  saat sama integrasi klasterisasi cost efisien  insentif perintah dasar hukum solid konsep kpbu buka peluang badan usaha bumn swasta kontribusi program jargas saat pgn manfaat sumber gas bumi kembang jargas tumah tangga  pipa transmisi tambah lanjut pipa distribusi penetrasi jargas rumahrumah  pgn konsep beyond pipeline  salah satu cng clustering sleman yogyakarta  pgn menargertkan bangun jargas ribu pgn menbangun tambah jargas  sr rosa kesiap pgn menbangun infratruktur jargas rekan integrasi  arah integrasi sama rencana kembang industri komersil  jalan dukung mudah izin pasti alokasi bangun infrastruktur jargas infrastruktur dasar rumah huni  lihat  tan gandeng guru dorong inovasi teknologi tani swasembada pangan ars,nasional
partai kuasa jepang kalah milu sejarah malu,tokyo koalisi kuasa jepang hilang mayoritas parlementer kalah signifikan pilih nasional  tingkat ketidakpastian susun perintah prospek ekonomi besar empat dunia dengan kursi rebut partai demokrat liberal ldp perdana menteri shigeru ishiba perintah jepang sejarah pascaperang mitra koalisi junior komeito oleh kursi majelis rendah parlemen  turun kursi milik tanda hasil pilih buruk koalisi hilang kuasa sebentar partai kuasa jepang kalah milu sejarah malu  milu sulitpemilihan sulit ishiba muram tv tokyo keiichi ishii pimpin komeito mitra koalisi jangka ldp kalah distrik lalu menang besar malam oposisi utama partai demokrat konstitusional jepang cdpj oleh kursi kursi pilih hukum partai ishiba skandal dana inflasi  baca jenderal tinggi zionis sesumbar israel cuil mampu serang iran  bangun sepakat kekuasaanhasilnya paksa partaipartai sepakat bagi kuasa kuasa potensi sebab ketidakstabilan politik negara hadap tantang ekonomi situasi aman tegang asia timur ini pimpin cdpj yoshihiko noda konferensi pers lansir al jazeera  partai partaipartai oposisi upaya ubah perintah perdana menteri ishiba tunggu hasil harap senin timbang koalisi sepakat bagi kuasa lain bulan ishiba kalah delapan kandidat ketua ldp konservatif perintah jepang ganggu tujuh dekade ganti pimpin ia memang jabat ganti fumio kishida hadap ketidakpuasan naik harga skandal dana gelap hubung ldp gera kristen bunuh mantan perdana menteri shinzo abe  salah prediksi burukishiba seru pilih dada pilih harap menang mandat publik jabat perdana menteri  lihat  eks menhan shigeru ishiba pilih perdana menteri jepang,internasional
netanyahu tuduh iran kembang stockpile bom nuklir hancur israel,tel aviv perdana menteri pm benjamin netanyahu tuduh iran kembang stockpile cadang bom nuklir hancur israel  tuduh pimpin rezim zionis israel bom situssitus militer republik islam iran pada sabtu israel serang udara situs militer iran respons serang ratus rudal teheran oktober balas bunuh pimpin milisi proiran komandan korps garda revolusi islam irgc iran upaya keras kembang stockpile bom nuklir hancur lengkap rudal jarak rudal antarbenua upaya iran netanyahu pidato anggota parlemen israel senin  baca jenderal iran klaim negara milik senjata rahasia kuat bom nuklir iran ancam dunia netanyahu kutip al arabiya english selasa henti program nuklir iran prioritas utama alas bagi rencana tindak imbuh dia perintah iran ban upaya bangun senjata nuklir program nuklir tuju damai balik israel yakin pakar militer milik senjata nuklir  rezim zionis aku bantah dalam iran kurang kerja sama badan tenaga atom internasional iaea signifikan tingkat program nuklir kumpul sedia uranium kaya besar namun kepala awas nuklir pbb pekan iran libat nuklir  lihat  dosa israel indonesia salah satu luka tni,internasional
jelas taktik israel serang iran sukses gagal,teheran taktik israel serang iran ulas tarik  balas tel aviv serang rudal teheran tentara zionis serbu libat jet tempur pesawat nirawak serang israel wilayah iran sabtu  media iran lapor ledak kota teheran pasu tahan israel idf selang konfirmasi tanggung serang  serang teheran gelombang periode jam  gedung putih gambar aksi latih israel bela musuhmusuhnya  taktik pakai israel serang iran jelas  baca izin israel wilayah udara irak serang iran taktik israel serang iranisrael luncur serang udara iran tajuk days of repentance harihari tobat  tel aviv aksi kerah puluh jet tempur pesawat nirawak pada serang udara israel pakai rute mudah libat rencana rumit  hitung target serang koordinasi pesawat pakai lewat yordania suriah irak  strategi israel serang iran gelombang  kutip laman times of israel gelombang cari target udara muka instalasi radar markas tahan udara iran teheran ilam khuzestan  target tangguh mampu tahan udara iran bebas operasi idf siap serang lanjut teheran balas lanjut gelombang fokus hancur lokasi buat drone rudal balistik  tuju hancur fasilitas iran senjata militer kait sementara gelombang tiga israel target industri manufaktur militer  sumber israel sebut informasi intelijen akurat tentara idf serang pabrik ganti buat rudal permukaankepermukaan milik iran  lihat  iron dome israel jebol hizbullah mampu rudal penuh,internasional
iran bantah serang israel lokasi,teheran sumber milik informasi ban klaim rezim israel serang lokasi iran sumber milik informasi tasnim sabtu klaim tentara israel target lokasi iran catat lokasi target musuh rendah itu sumber tindak zionis batas iran sebab rusa batas sumber konfirmasi lapor tasnim pusat militer korps garda revolusi islam teheran target  lapor tuduh pesawat militer israel peran serang bohong israel usaha membesarbesarkan serang lemah sumber  baca hidup rakyat iran normal serang israel pangkal tahan udara iran tahan udara negara hasil hadap tindak agresi israel  pangkal tahan udara keluar nyata sabtu rezim israel kriminal sah palsu upaya tingkat tegang lancar serang lokasi militer provinsi teheran khuzestan ilam tadi tahan udara iran cegat hasil hadap tindak agresi seraya rusa batas area dimensi selidik nyata desak masyarakat jaga satu tenang abai rumor sebar media musuh suara keras dengar orang teheran sabtu sumber aman iran sebab aktivasi sistem tahan udara turut lapor tahan udara iran hasil tembak jatuh target musuh wilayah udara provinsi teheran rekam bagi daring tangkap intersepsi kota iran  lihat  netanyahu klaim serang israel lumpuh produksi rudal iran ahm,internasional
tan amran tegas toleransi korupsi menteri tani,jakarta menteri tani tan andi amran sulaiman komitmen penuh berantas praktik korupsi nepotisme kolusi lingkung menteri tani tan  penandatanganan pakta integritas jabat eselon i lingkup tan wujud nyata komitmen jajar tan jaga integritas transparansi dasar laksana tugas selain penandatanganan pakta integritas tan selenggara penandatanganan komitmen terap core values asn akhlak employer branding bangga layan bangsa  giat hadir mitra tani usaha wujud dukung kembali percaya publik institusi cipta tata kelola bersih sektor tani tan amran menggarisbawahi berantas korupsi jargon langkah konkret akuntabilitas tan  bermainmain  sesuai arah presiden cegah henti praktik korupsi nepotisme kolusi  arah kantor pusat tan jakarta selasa turut pakta integritas simbol janji jabat pegawai tan jujur transparan orientasi layan publik  tan amran tekan ambil tindak bentuk penyalahgunaan wewenang praktik calo proyek ada  goda tan tan goda bermainmain  harap tan capai swasembada pangan hormat tegas tan amran ingat usaha usaha bawa calo blacklist kata ia integritas kunci capai tahan pangan nasional aparatur integritas kontribusi capai visi tan  komitmen penuh jajar tan profesional hindar praktik korupsi  harta limpah hormat noda  bangun reputasi anak cucu tan amran dengan pakta integritas tan tekad tingkat percaya masyarakat layan publik bersih integritas bangun tata kelola transparan depan belum tan amran ambil langkah copot jabat eselon ii tan bukti libat praktik korupsi  langkah ambil upaya tegak integritas transparansi sektor tani jalan arah presiden prabowo subianto berantas korupsi jajar perintah  lihat  bangkit semangat wirausaha indocomtech padu pamer bisnis ritel ars,nasional
irjen brigjen pol geser kapolri mutasi polri september,jakarta irjen pol brigjen pol mutasi kapolri jenderal pol listyo sigit prabowo september  pindah tugas perwira pati polri mutasi rotasi besarbesar perwira tengah pamen pati polri tengah september  mutasi rotasi pamen pati polri tuang surat telegram nomor stixkep  stixkep  stixkep  stixkep  baca wakasad era presiden jokowi abituren akmil an nomor ajudan sby karo penmas divisi humas polri brigjen pol trunoyudo wisnu andiko promosi rotasi organisasi  tingkat kerja layan lindung polri masyarakat  mutasi rotasi proses alamiah organisasi rangka tingkat kerja tour of duty area kutip senin  irjen brigjen pol mutasi kapolri  irjen pol andi rian ryacudu djajadi kapolda sulsel angkat jabat kapolda sumsel  irjen pol yudhiawan wibisono kapolda sulut angkat jabat kapolda sulsel  irjen pol roycke harry langie kakorbinmas baharkam polri angkat jabat kapolda sulut  irjen pol had gunawan koorsahli kapolri angkat jabat kapolda ntb  irjen pol r umar faroq kapolda ntb mutasi pati polda ntb rangka pensiun  brigjen pol i komang sandi arsana kabag anev rojianstra ssdm polri tata humas polri tk ii div humas polri angkat jabat wakapolda bal  brigjen pol tony harsono sidik tindak pidana utama tk ii bareskrim polri angkat jabat wakapolda pulau babel lihat  wujud program swasembada pangan polri rekrut bintara tani jon,nasional
wakasad era presiden jokowi abituren akmil an nomor ajudan sby,jakarta wakasad tugas era pimpin presiden ri joko widodo jokowi abituren akademi militer akmil an  tujuh wakasad letjen tni purn muhammad munir letjen tni purn bakti agus fadjari wakasad jabat nomor tinggi lingkung tni ad  jabat emban jenderal bintang letnan jenderalletjen  baca panglima tni mutasi perwira ad al au namanamanya riwayat namanama jenderal tni ad sempat semat jabat wakasad  era perintah jokowi  wakasad era presiden jokowi  letjen tni purn muhammad munirletjen tni purn muhammad munir purnawirawan perwira pati tni angkat darat  abituren akademi militer akmil cabang infanteri pada catat karier munir jabat wakasad  tugas periode ganti moeldoko belum munir semat tugas  salah satu ajudan presiden susilo bambang yudhoyono sby telah duduk posisi strategis tni pangdivif kostrad pangdam iiisiliwangi pangkostrad  letjen tni purn m erwin syafitrisebelum pensiun erwin jabat wakil kepala staf tni angkat darat wakasad  posisi tempat ganti muhammad munir tepat periode pada riwayat erwin lulus baik akmil  predikat buat hak harga adhi makayasa tri sakti wiratama selain wakasad posisi emban erwin pangdam xviicenderawasih aspam ksad kaba tni  letjen tni purn hinsa siburianberikutnya letjen tni purn hinsa siburian  wakasad periode apriloktober lihat hinsa terima harga adhi makayasatri sakti wiratama  predikat lulus baik akmil  lihat  rampai nusantara silaturahmi rumah jokowi apresiasi kerja,nasional
skuadron drone hizbullah serang pangkal udara israel tel aviv,beirut hizbullah umum luncur serang udara pangkal udara tel nof selatan tel aviv skuadron pesawat nirawak serang hasil capai serang langsung hizbullah atur umum target fasilitas militer israel nyata sabtu luncur serang udara pesawat nirawak pangkal tel nof klaim jenis tahun hizbullah tembak rentet roket pasu israel desa lebanon selatan tentara israel serang darat bermingguminggu lansir press tv kelompok lawan nyata juang luncur serang roket arah tentara israel pinggir desa aita alshaab bentrok rutin hizbullah pasu israel minggu akhir sirene bunyi sisi utara wilayah palestina duduk ancam penetrasi pesawat nirawak muat bom luncur gera lawan hizbullah lebanon ingat pesawat nirawak aktif kotakota pesisir utara nahariya acre sabtu sirene ingat bunyi mateh asher maale yosef mukim ilegal klil moshav ein yaakov wilayah galilea barat galilea atas selain sirene bunyi kota metula mukim kiryat shmona moshav kfar yuval mukim distrik utara wilayah duduk israel khawatir infiltrasi pesawat nirawak lebanon selatan suara ledak dengar daerah wilayah galilea sirene pesawat nirawak aktif  baca hidup rakyat iran normal serang israel lihat  profil mehdi hasan jurnalis muslim ancam bunuh ryan girdusky acara live,internasional
gibran plt presiden pekan istana,jakarta kepala kantor komunikasi presiden hasan nasbi menyalahartikan wakil presiden wapres gibran rakabuming raka laksana tugas plt presiden prabowo subianto lawat negeri tahu presiden prabowo lawat minggu pekan hadir agenda negeri kerja ekonomi asiapasifik asiapacific economic cooperation apec peru  ktt g gelar brasil enggak plt  wakil presiden presiden negeri wakil presiden jalan tugastugas presiden kepala perintah hasan kompleks istana presiden jakarta rabu  baca minggu indonesia pimpin gibran prabowo negeri hasan instrumen hukum atur wapres gibran ganti tugas presiden prabowo negeri kan jadi presiden negeri jalan tugas presiden wakil presiden  instrumeninstrumen hukum  baca gibran rakabuming raka plt presiden prabowo negeri pekan wakil presiden maruf amin presiden joko widodo jokowi kunjung negeri  ya laku kayak gitugitu disalahartikan istilah plt presiden wakil presiden jalan tugastugas presiden kepala perintah presiden negeri pungkas  lihat  korban mafia tanah guru ipb kirim surat adil presiden prabowo cip,nasional
banding kuat militer iran vs indonesia,teheran banding kuat militer iran indonesia topik tarik kompleks  negara milik sejarah geografi tantang beda pengaruh struktur mampu militer  analisis dalam kuat militer negara   kuat militer iranpersonel militeriran milik  personel militer  anggota aktif  tentara reguler  personel korps garda revolusi islam irgc bentuk sisa angkat udaraangkatan udara iran milik puluh pesawat serang fungsi jet rusia modelmodel tua amerika oleh revolusi islam  iran milik skuadron sembilan jet tempur f f skuadron jet sukhoi buat rusia pesawat mig f f senjata rudaliran milik senjata rudal balistik luas jangkau wilayah israel  teknologi canggih senjata negaranegara barat mampu rudal iran jangkau ancam signifikan  iran milik  rudal permukaankepermukaan bawa hulu ledak ton  lihat  dosa israel indonesia salah satu luka prajurit tni unifil,internasional
rusia tuding nato latih tentara ukraina serang fasilitas nuklir rusia,moskow dinas intelijen barat latih sabotase ukraina provokasi bangkit listrik tenaga nuklir rusia  tuding wakil moskow pbb vassily nebenzia  upaya ukraina target fasilitas nuklir rusia sembrono jerumus benua eropa mimpi buruk radiasi nebenzia ingat temu resmi dewan aman pbb  wenang moskow milik informasi percaya badan intelijen barat mi inggris sistematis kelompok sabotase intai ukraina atur provokasi bangkit listrik tenaga nuklir rusia  kiev dukung asing operasi ledak kabel listrik hubung bangkit nuklir jaring energi nasional rusia utus sebut ia konflik wakil negaranegara tuduh moskow tentang akal sehat acau situasi aman bangkit listrik tenaga nuklir zaporozhye znpp kendali  fasilitas aman pasu rusia maret  baca dunia lelah hegemoni barat pimpin as nebenzia klaim usaha abai fakta serang rutin gegabah znpp strategi teroris sengaja ukraina moskow kiev ulang kali tuduh tembak bangkit listrik tenaga nuklir besar eropa menteri tahan rusia upaya unit serang ukraina rebut gagal  badan tenaga atom internasional iaea konfirmasi serang znpp tolak nama tanggung jawab namun peristiwa kini lemah argumen coba lindung angkat senjata ukraina pltn znpp utus rujuk serbu kiev wilayah kursk rusia agustus lansir rt  bukti bantah kiev rencana serang pltn kursk ukraina rencana rebut tambang fasilitas tegas untung militer rusia cegah pasu ukraina capai pltn cegah bencana buat manusia bencana buat manusia skala eropa nebenzia utus rusia badanbadan internasional pbb iaea kutuk tindak provokatif ukraina cegah upaya rusak aman lokasi nuklir zaporozhye kursk  lihat  pasu korea utara tugas usir pasu ukraina kursk rusia ahm,internasional
dorong dialog pemerintahgenerasi muda angela tanoesoedibjo  bijak pihak,jakarta ketua partai perindo angela tanoesoedibjo nilai forumforum dialog perintah generasi muda  bijak ambil pihak generasi muda  angela sebut forumforum dialog langsung mang bijak dengar tukar pikir generasi muda  dengar aspirasi generasi muda tukar pikir generasi muda m bloc jakarta selatan senin  baca angela tanoesoedibjo yakin inspirasi kaum perempuan terjun politik angela nilai dialog perintah generasi muda inti masalah generasi muda arah bijak ambil perintah pihak kaum muda  depan kebijakankebijakan insyaallah ambil perintah daerah pihak generasi muda  baca dekade partai perindo angela tanoesoedibjo ajak kader refleksi tuju politik nilai perintah peran aktif libat pemuda  langkah pimpin milik generasi rasa kita dengar generasi muda bangsa  betulbetul selam bicarabicara pungkas  lihat  volunteering lanjut sumpah pemuda pantai teleng ria pacitan cip,nasional
jagung kan peran tom lembong impor gula,jakarta jaksa agung jagung tetap menteri dagang periode thomas trikasih lembong ttl alias tom lembong sangka duga korupsi impor gula  jagung nilai tom lembong salah atur beri izin swasta impor gula  jagung mei indonesia alami surplus gula  impor gula  menteri dagang saudara ttl tuju impor gula kristal mentah ribu ton pt ap gula kristal mentah olah gula kristal putih gkp direktur sidi jampidsus jagung abdul qohar konferensi pers selasa  jagung nilai tindak ttl salah putus menteri dagang industri nomor  putus tulis boleh impor gula bumn  baca breaking news tom lembong sangka impor gula dasar tuju impor keluar sangka ttl impor gula pt ap impor gula kristal mentah rapat koordinasi instansi kait rekomendasi menteri industri butuh riil gula negeri  tim sidik jaksa agung muda tindak pidana khusus jampidsus jaksa agung jagung ri tetap menteri dagang mendag ttl alias thomas trikasih lembong direktur kembang bisnis pt usaha dagang indonesia ppi inisial cs  baca senyum tom lembong pakai rompi tahan jagung langsung direktur sidik jampidsus jagung ri abdul qohar selasa malam  sidik jaksa agung muda tindak pidana khusus jaksa agung ri tetap status saksi orang sangka penuh alat bukti sangkut tindak pidana korupsi abdul qohar adapun sangka ttl menteri dagang periode dasar surat tetap sangka nomor tapf  fd  tanggal oktober  sangka nama ds direktur kembang bisnis pt ppi dasar surat tetap sangka nomor tapf  fd  tanggal oktober  lihat  lembong jerat hukum izin impor surplus gula rca,nasional
kapolri siap program sukses asta cita prabowogibran,jakarta kapolri jenderal polisi listyo sigit prabowo perintah jajar dukung asta cita presiden prabowo subianto  ungkap sigit video conference vicon jajar polda polres senin oktober segera rencana jangka pendek tengah sigit awal arah jajar kutip terang resmi selasa  baca kapolri  upaya extraordinary cegah bocor uang negara sigit ungkap instruksi presiden prabowo giat retreat kabinet merah putih akademi militer akmil magelang jawa  salah instruksi jadi indonesia negara kuat hormat segani rakyat hidup sejahtera kontribusi positif hidup bangsabangsa  dukung sigit polri program dukung asta cita tetap perintah  baca perwira polisi pangkat kompol mutasi kapolda metro jaya namanamanya cegah bocor uang negara tega hukum kasuskasus perhati perintah judi online korupsi narkoba selundup terang tulis bagai informasi perintah prabowo subianto gibran rakabuming raka usung visi indonesia maju indonesia emas wujud delapan misi asta cita  delapan misi asta cita   kokoh ideologi pancasila demokrasi hak asasi manusia ham  mantap sistem tahan aman negara dorong mandiri bangsa swasembada pangan energi air ekonomi kreatif ekonomi hijau ekonomi biru  tingkat lapang kerja kualitas dorong kewirausahaan kembang industri kreatif lanjut kembang infrastruktur  kuat bangun sumber daya manusia sdm sains teknologi didik sehat prestasi olahraga tara gender kuat peran perempuan pemuda sandang disabilitas  lanjut hilir industrialisasi tingkat nilai negeri  bangun desa perata ekonomi berantas miskin  kuat reformasi politik hukum birokrasi kuat cegah berantas korupsi narkoba  kuat selaras hidup harmonis lingkung alam budaya tingkat toleransi antarumat agama capai masyarakat adil makmur lihat  wujud program swasembada pangan polri rekrut bintara tani cip,nasional
iran ledek serang israel  zionis uang receh lemah,teheran perintah iran remeh skala efektivitas serang israel siitussitus militer sabtu  jabat ledek serang anggap lemah menyaikiti teheran di teheran debat internal iran tanggap serang israel dalam putus elite politik iran timbang tekan politik diplomatik militer tentang  nada perintah bangga patriotik kerja tahan udara alihalih seru balas  klaim tahan udara bukti iron dome milik israel  baca jet siluman f israel lapor bom iran serang sistem rudal s tentara tewas nyata menteri negeri iran kutuk serang  iran hak wajib bela tindak agresi asing juru bicara perintah iran fatemeh mohajerani  rusa batas  turut bangga rakyat iran kuat respons serang israel amirhossein sabet anggota parlemen ultrakonservatif teheran x  aman stabil gantung otoritas respons kuat salah kecil musuh  gunung israel lahir ekor tikus langgar garis merah iran invasi wilayah negara tanggap tingkat kejut  baik tanggap libat perang lelah gaza beirut papar kutip the guardian minggu di media sosial seru luncur operasi janji sejati iii referensi nama kode serang iran israel balik mantan profesor universitas teheran sadegh zibakalam  serang udara israel iran capai militer tel aviv hasil diplomatik washington paksa perdana menteri israel benjamin netanyahu ketat batas serang iran balas  amerika sekian kali perang iran  lihat  banding kuat militer iran vs indonesia,internasional
daftar suku palestina musnah zionis israel habis,tepi barat palestina kali target invasi israel suku ami wilayah ancam  zionis dalih buru kelompok juang bukti warga sipil korban lansir al jazeera israel junjung aspirasi diri tegak doktrin duduk sembari genosida sirat surat wilayah palestina zionis israel tuai untung tanah palestina sumber daya surga konsumen modern makmur konon demokratis dorong hubung identifikasi kuat amerika serikat as eropa namun tanggal oktober takut kejut hebat cengkeram masyarakat israel hamas berani lawan tel aviv takut israel militer narasi antipalestina bingkai ulang lawan terorisme kejam fokus ancam rasa promosi segregasi apartheid daftar suku palestina habis israeluntuk reda takut genosida lenyap suku palestina dalih buru laku terorisme laku kutip iwgia masyarakat adat palestina badui jahalin alkaabneh alazazmeh alramadin alrshaida israel suara deklarasi serikat bangsabangsa hakhak masyarakat adat masyarakat adat palestina hidup takut terusmenerus sebab bongkar sita properti batas hakhak aktivitas telah deklarasi merdeka israel suku badui jahalin suku gurun negev alkaabneh alazazmeh alramadin alrshaida lindung tepi barat kuasa yordania sukusuku tradisional tani gembala seminomaden tinggal daerah desa hebron betlehem yerusalem yerikho lembah yordan daerah c lihat  hassan nasrallah pimpin hizbullah turun nabi muhammad,internasional
adu pengaruh benjamin netanyahu vs ali khamenei unggul,jakarta banding pengaruh benjamin netanyahu ayatollah ali khamenei tarik  nama pimpin timur samasama status negara israel iran belakang tegang timur panas buntut seteru iran israel  orang anggap momen picu perang besarbesaran dalam konflik iran israel nama pimpin sorot netanyahu sisi israel ali khamenei iran  samasama pengaruh pimpin negara  baca tekateki iran luluh lantak serang pesawat israel jet siluman f banding pengaruh benjamin netanyahu vs ali khamenei  pengaruh internal negarabenjamin netanyahu perdana menteri pm israel ali khamenei pimpin tinggi iran  kaca status sosok samasama orang nomor negara masingmasing jalan pengaruh netanyahu khamenei negara sifat mutlak  beda pengaruh negeri  sisi khamenei hormat status imam syiah iran  pimpin politik khamenei anggap pimpin agama sana sementara netanyahu status pm israel  reputasi jeblok kalang warga alas agam anggap tanggung serang hamas oktober kunjung bebas tawan israel  netanyahu deret kontroversi skandal kerap timpa loyalis perintah  reputasi negeribenjamin netanyahu benci orang dunia  pimpin negara israel buat akan tantang negaranegara pandang bulu  lihat  netanyahu damai negaranegara arab,internasional
daftar menteri muda kabinet prabowo nomor terima adhi makayasa akmil,jakarta tujuh menteri kabinet merah putih bilang muda usia banding  salah umur an tahun kabinet merah putih nama kabinet bentuk presiden prabowo subianto wakil preiden gibran rakabuming raka  kabinet merah putih menteri wakil menteri  jajar kabinet merah putih selesai retreat akademi militer akmil magelang jawa  retreat gelar kamis oktober dari nama menteri presiden prabowo subianto golong muda  menteri muda kabinet prabowo  iftitah sulaiman tahunletkol tni purn muhammad iftitah sulaiman suryanagara lahir maret usia lantik menteri transmigrasi oktober  purnawirawan tni politikus partai demokrat pria banten lulus baik akademi militer akmil terima bintang adhi makayasa  karier iftitah militer henti lantar putus pensiun tni fokus bantu ahy dunia politik bisnis  raja juli antoni tahunraja juli antoni lahir pekanbaru riau juli usia  oktober politikus psi lantik menteri hutan dalam riwayat karier juli antoni percaya direktur eksekutif maarif institute diri mantan ketua pp muhammadiyah ahmad syafii maarif  calon ketua pp muhammadiyah periode gagal  agus harimurti yudhoyono tahunanak presiden susilo bambang yudhoyono lahir agustus  percaya menteri koordinator infrastruktur bangun wilayah menteri kabinet merah putih belum ahy duduk posisi menteri agraria tata ruang indonesia  ketua partai demokrat  meutya hafid tahunselanjutnya meutya hafid jabat menteri komunikasi digital usia  wanita lahir mei mantan anggota dpr ganti burhanuddin napitupulu tinggal dunia belum terjun politik jurnalis metro tv bawa acara acara televisi  prasetyo had tahunprasetyo had politis partai gerindra percaya menteri sekretaris negara usia  pria lahir oktober mantan anggota dprri undur juli kala tugas komisi ii bidang perintah negeri otonomi daerah  maman abdurrahman tahunmaman abdurrahman lahir september usia  pria pontianak jabat anggota dprri periode kader partai golkar tugas komisi vii percaya jabat wakil ketua komisi vii  dito ariotedjo tahunmenteri muda kabinet merah putih bentuk prabowo subianto dito ariotedjo usia  pria lahir september menteri muda sejarah orde baru dito orang lahir dasawarsa an menteri  masuk jajar tim ahli menteri koordinator bidang ekonomi indonesia  lihat  gibran plt presiden pekan istana abd,nasional
tunda sidang pk jessica wongso gelar pn jakarta pusat,jakarta adil negeri jakarta pusat pn jakpus gelar sidang tinjau pk jessica mala wongso selasa  pk kait bunuh wayan mirna salihin kenal kopi sianida tahu sejati sidang perdana pk gelar senin oktober  sidang tunda lantar mohon hadir saksi novum sumpah  novum sumpah ketua majelis hakim zulkifli atjo ruang sidang adil negeri jakarta pusat senin  baca keliru hakim alas jessica wongso aju pk kopi sianida hakim atjo sidang tunda pekan  tunda lengkap halhal butuh  baca perwira polisi pangkat kompol mutasi kapolda metro jaya namanamanya laksana formalitas bukti materilnya mahkamah agung  tunda selasa tanggal oktober lengkap lengkap hakim atjo  pantau lokasi jessica nasihat hukum ruang sidang pn jakpus sekira  wib  jessica ikut sidang  lihat  sidang pk jessica wongso baca memori kasasi cip,nasional
cnn jet tempur israel terobos langit iran beda klaim teheran,teheran cnn media bas amerika serikat as lapor jet tempur israel pasuk langit wilayah udara iran serang udara sabtu lapor beda narasi teheran jetjet tempur zionis serang wilayah udara irak kendali amerika serikat as pasuk wilayah udara iran lapor cnn muncul hari iran international lapor jet tempur siluman f israel pasuk wilayah udara iran kali bom target teheran  baca militer iran  jetjet tempur israel serang wilayah udara irak lapor media amerika kutip mantan jabat israel  jenis jet tempur zionis terobos wilayah udara iran sementara jet libat misi pasuk wilayah udara iran tulis cnn lapor beberapa jam serang udara israel staf angkat senjata iran pesawat israel wilayah udara irak kendali militer as luncur rudal jarak luncur udara nyata militer iran serang zionis akibat rusa batas minimal  berkat kerja tahan udara negara staf sebut beberapa sistem radar rusak baik baik nyata sebut namun citra satelit planet labs sedia komersial analis ahli militer rusa parah situssitus utama militer iran menggarisbawahi dampak signifikan operasi israel target serang liput fasilitas produksi rudal pabrik campur bahan bakar rudal situssitus kait kembang senjata nuklir  lihat  banding kuat militer iran vs indonesia,internasional
tahan udara iran hasil cegat rudal israel rusa minimal,teheran iran israel serang fasilitas militer negeri sabtu pagi sebab rusa batas daerah tahan udara iran bukti cegat rudal luncur israel  israel serang bagianbagian pusat militer provinsi teheran khuzestan ilam lapor kantor berita negara irna irna serang hasil cegat lawan sistem tahan udara padu iran  jabat iran tahan udara kerah daerah teheran negara papar lapor irna kantor berita milik negara irna tahan udara iran hasil tembak jatuh target musuh wilayah udara provinsi teheran rekam bagi daring tangkap intersepsi kota iran seperti lapor juru bicara senior militer israel daniel hagari konfirmasi israel serang balas iran juru bicara militer israel arab avichay adraee rincian operasi harihari hitung adraee pesawat selamat pangkal  pesawat angkat udara pandu intelijen serang sarana produksi rudal luncur iran negara israel tahun rudalrudal ancam langsung warga israel  sistem rudal permukaankeudara iran mampu udara serang batas bebas udara israel iran  serang selesai tuju capai pungkas  baca israel serang iran ledak dengar teheran lihat  alas israel alami kalah perang lebanon gaza sya,internasional
profil letkol laut romi habe putra ajudan presiden prabowo alam pimpin kapal perang,jakarta profil letkol laut p romi habe putra artikel  abituren akademi angkat laut aal salah perwira aju ajudan presiden prabowo subianto total perwira sodor ajudan presiden prabowo subianto  romi habe putra tni al kolonel inf wahyo yuniartoto tni ad kolonel pnb anton pallaguna tni au kombes pol ahrie sonta polri tni al seleksi kandidat baik septemberoktober tingkat mabes tni angkat laut setmilpres ajudan presiden rangkai proses seleksi kandidat pilih tni al letkol laut p romi habe putra kepala dinas terang angkat laut kadispenal laksamana tni i made wira hady selasa  baca profil kolonel pnb anton pallaguna calon ajudan presiden prabowo subianto profil letkol laut p romi habe putraromi habe putra masuk dunia militer muda  prajurit lahir sekolah sma taruna nusantara magelang jawa kenal sekolah calon taruna  tamat romi lanjut didik aal lulus lama karier tni al romi pimpin kapal perang  komandan kri sura pangkat mayor laut p komandan kri wiratno komandan kri sultan hasanuddin  jabat diserahterimakan letkol laut p agung maulana september lalu atas kerja pimpin kapal perang romi ganjar harga menteri laut ikan kkp berantas illegal fishing  kri sura tangkap kapal ikan asing ilegal karier raih romi lepas semangat ikut agam didik kembang  ikut didik spesialisasi perwira laut ikut didik tingkat diklapa internasional maritime officers course usa ikut dikmatra australian command staff college  romi ikut dikmatra tni al angkat predikat lulus baik  baca fakta tarik ajudan prabowo prestasi pilih romi ikut didik kembang spesialis qpr maintenance nav equipt operatoron board level maintenance operator interrogator trans  crs prancis  tahun ikut basic training stcw table helicopter landing officer firefighting course tacticos on board refresher training tetral officer operators training exocet mm itl a b shipofficer belanda pada romi ikut kursus perwira peperangan pwo predikat lulus baik  romi ikut maritime operations law course australia tugas emban romi negeri negeri  prajurit angkat laut lahir bengkinang riau tugas belanda jerman prancis tugas factory training korvet sigma  tugas teluk aden somalia liaison officer ctf pada romi tugas inggris cawak kapal mrlf  telah romi tugas ajar sesko angkat s anu australia  lihat  korban mafia tanah guru ipb kirim surat adil presiden prabowo abd,nasional
prabowo data subsidi selesai minggu,jakarta presiden prabowo subianto jajar menteri kabinet merah putih sinkron datadata subsidi masyarakat pekan  data subsidi sasar sekarang tajam datadata masyarakat terima  subsidi sasar  sasar subsidi orang  kaji perintah minggu selesai kepala kantor komunikasi presiden hasan nasbi kompleks istana presiden jakarta rabu hasan perintah sinkron datadata terima subsidi data padu sejahtera sosial dtks data bappenas  beri subsidi sesuai by name by address data sinkronisasi koordinasi badan pusat statistik bps  baca prabowo perintah subsidi bbm langsung masyarakat data siap bps  menteri libat leading sektor bps kata hasan sinkronisasi data tindak bijak subsidi energi listrik bbm gas ini bijak subsidi energi   subsidi sasar masyarakat butuh  lihat  baleg dpr usul prolegnas sesuai asta cita prabowo abd,nasional
militer iran serang israel target pangkal provinsi,teheran militer iran konfirmasi serang israel negara target pangkal militer provinsi ilam khuzestan teheran sebab rusa batas nyata angkat senjata iran baca televisi perintah gambar lokasi serang militer iran klaim tahan udara batas rusa timbul serang israel juru bicara militer israel daniel hagari konfirmasi serang balas israel iran selesai kami serang arah target militer iran gagal ancam langsung negara israel dia hagari ingat perintah iran israel serang target negara perlu kami pilih target tambah  serang  pesan ancam israel bayar harga mahal dia militer israel lancar serang iran hantam lokasi jam respons serang rudal republik islam oktober israel  juru bicara militer israel serang selesai nama operasi harihari balas serang sarana produksi rudal iran sistem rudal permukaankeudara mampu tahan udara  israel ingat iran balas wajib balas  lihat  rusia iran sukses laden serang israel,internasional
wamentan sudaryono dorong sumber protein alternatif makan gizi gratis,jakarta perintah indonesia program makan gizi gratis mbg jadwal januari  wakil menteri tani wamentan sudaryono usul penuh protein program gantung susu sumber protein lain wamentan sudaryono akrab sapa mas dar produksi susu nasional genjot penuh butuh program makan gizi gratis  saran badan gizi substitusi sumber protein alternatif produksi susu cukup  beban negara impor susu  badan gizi timbang sumber protein alternatif wamentan rapat koordinasi badan usaha milik negara bumn pangan kantor pusat menteri tani jakarta selasa wamentan sudaryono ayam telur contoh sumber protein sedia ekspor  tekan manfaat ekonomi tani ternak program makan gizi  wamentan sudaryono makan gizi minum susu penuh butuh protein sumber  ayam telur swasembada  sumber protein  makan gizi minum susu makan protein  betulbetul makan gizi ekonomi manfaat tani padi tani sayur ternak ujar wamentan sudaryono sentra susu indonesia banyumas boyolali suplai butuh lokal  perintah buka ruang usaha negeri sapi hidup bangun industri sapi  kawal asistensi ucap belum menteri tani andi amran sulaiman tan komitmen kuat sukses citacita swasembada pangan makan gizi gratis gagas presiden prabowo subianto  strategi siap tingkat produksi susu daging program pekarang pangan gizi  program bagi benih bibit unggul  pekarang tanam sayursayuran umbiumbian ternak ayam bebek lele  makan gizi ekonomi desa tumbuh menteri tani tan andi amran sulaiman kamis  lihat  pgn ambil peran gotong royong bangun jargas nasional kurang subsidi energi ars,nasional
survei indikator jagung lembaga tegak hukum percaya publik,jakarta jaksa agung jagung pimpin jaksa agung st burhanuddin lembaga tegak hukum percaya publik  potret survei indikator politik indonesia jagung urut tiga institusi presiden tni  percaya publik jagung capai banding lembaga tegak hukum lain kalau cek tni percaya susul institusi presiden jaksa agung direktur eksekutif indikator politik indonesia burhanuddin muhtadi rilis hasil survei yakin ekspektasi publik perintah prabowogibran daring minggu  baca hakim vonis bebas ronald tannur tangkap jagung jagung adil tingkat percaya publik polri mahkamah konstitus mk komisi berantas korupsi kpk sementara menteri rumah maruarar sirait apresiasi capai jagung lembaga tegak hukum percaya publik  maruarar sebut jaksa agung st burhanuddin komitmen berantas korupsi  baca jagung sidik korupsi total rugi rp triliun jaksa agung bagus bilang berantas korupsi kepala  orang nomor satu  pikir jaksa agung ngomong menteri contoh politikus partai gerindra hadir rilis survei survei indikator politik indonesia periode oktober  populasi survei warga negara indonesia survei nasional hak pilih pilih umur meni survei laku tari sampel metode multistage random sampling sampel  orang  asumsi metode simple random sampling ukur sampel  responden milik toleransi salah margin of errormoe  tingkat percaya persen  sampel asal provinsi indonesia distribusi proporsional  responden pilih wawancara tatap muka wawancara latih  quality control hasil wawancara random total sampel supervisor responden pilih spot check  quality control temu salah  lihat  tom lembong sangka korupsi impor gula cak imin  sedih cip,nasional
launching bedah buku dinasti keong demokrasi mati,jakarta buku dinasti keong demokrasi mati resmi luncur jakarta senin  launching buku tulis senior politik fi titik wijayanti amos apri dawan purwandono ramai puluh rawan politik dalam sambut tulis buku fi titik wijayanti demo mahkamah kontitusi mk momen renung tulis buku  momen wacana dinasti muncul inspirasi tulis dinasti keong sedang purwandono konteks refleksi potensi ulang tragedi manusia negeri  konteks hasil sistem sempurna bukti hasil figur pimpin  refleksi peristiwa muncul upaya abur sejarah mundur demokrasi picu tulis buku  libat kuasa ubah atur penting kuasa kroni oligarki keluarga picu tulis buku ajak elemen gera kembali demokrasi singgasana dasar politik bangsa ujar amat politik ikrar nusa bakti pandang pasang surut demokrasi jalan bangsa pascakemerdekaan  turut prediksi terkagetkaget rezim kuasa itu beliau hasil gera dukung ada televisi swasta siar demo aksi massa elemenelemen gerakaa  dukung faksi tubuh tentara dominasi angkat an akmil terang ikrar harap berat demokrasi mati  demokrasi indonesia hancur pimpin sipil  lihat  waspada bunuh budaya jemari poe,nasional
israel takut iran analisanya,jakarta israel iran kali serang rudal ambang perang besarbesaran meski anggap iran ancam ekistensi israel alas rezim zionis takut teheran analisa israel takut iran  faktor kuat militer israelsalah alas utama israel takut iran kuat militer  israel milik salah angkat senjata canggih dunia dukung teknologi alat militer modern sistem tahan rudal lap iron dome arrow sistem laser davids sling  baca cnn jet tempur israel terobos langit iran beda klaim teheran kuat iran unggul kertas papar data global firepower tempat kuat militer iran urut negara dunia israel nomor negara namun fakta lapang balik  israel satusatunya negara timur operasi jet tempur siluman f perang  rezim zionis yakin pakar militer milik senjata nuklir israel aku sangkal sedang militer iran juang keras sanksi barat bertahuntahun  sistem senjata buat negeri perangkat keras militer iran banyak tua rentan sanksi barat memungkikannya remaja upgrade  israel sokong as sekutunyaisrael milik dukung kuat amerika serikat as sekutu strategis utama sekutu abadi  negara utama nato inggris jerman prancis kerap dukung militer zionis  bantu militer as israel capai miliar dolar israel akses teknologi militer canggih  lihat  afsel sodor dokumen halaman bukti genosida israel gaza,internasional
israel serang iran ledak dengar teheran,teheran warga teheran kantor berita the associated press tujuh ledak dengar kota iran guncang daerah sekitar ledak lapor dengar teheran kota dekat karaj sabtu pagi media iran duga serang balas israel iran menteri tahan menhan israel yoav gallant arah serang kompleks aman markas idf tel aviv media israel jabat israel konfirmasi radio angkat darat israel serang target iran idf serang target iran juru bicara idf daniel hagari  tanggap serang terusmenerus rezim iran negara israel  idf sepenuh serang tahan  ikut kembang iran proksinya kawasan papar  ubah perintah komando front negeri israel umum lapor ledak bandara internasional imam khomeini kota iran terima media arab lapor israel serang lokasi markas korps garda revolusi islam iran kantor berita tasnim lapor suara roket pesawat terbang langit teheran  lihat  alas israel alami kalah perang lebanon gaza,internasional
perang lawan israel panas iran naik anggar militer,teheran iran rencana melipatgandakan anggar militer juru bicara perintah tegang israel tingkat genosida militer israel gaza lebanon  tingkat anggar tahan rencana proposal aju perintah parlemen tuju fatemeh mohajerani juru bicara perintah selasa  tingkat capai saksi anggar tahan negara mohajerani rincian lanjut anggar usul bahas anggota parlemen harap selesai maret keluar militer iran usd miliar lembaga pikir stockholm international peace research institute sipri  banding israel habis usd miliar militer papar sipri council on foreign relations lembaga pikir kantor pusat washington dc amerika serikat usd miliar bantu militer israel oktober april pada keluar iran militer usd miliar data baru terbit bank dunia pada sabtu militer israel lancar serang pangkal militer iran hantam lokasi jam ilam khuzestan teheran tewas tentara lapor teheran resul serdar al jazeera urgensi tingkat iran serang wilayah kali perang iranirak an  lihat  sekutu zionis kutuk langkah israel larang unrwa,internasional
kerja rumah presiden prabowo jaga daulat bangsa,jakarta ketua dewan pimpin nasional asosiasi tani tembakau indonesia dpn apti agus parmuji taruh harap presiden indonesia prabowo subianto lindung juta tani tembakau tanah air ancam global regulasi  agus parmuji industri hasil tembakau legal awas atur atur ketat sisi fiskal nonfiskal liput atur daerah atur bupatiwali kotagubernur menteri perundangundangan  terbit pp rancang atur menteri sehat rpmk aman produk tembakau rokok elektronik tuai tolak kalang tolak ekosistem tembakau  baca ancam langsung tani tembakau bungkus rokok polos merek banjir tolak padat regulasi atur beban iht legal nasional dampak langsung hidup juta tani tembakau gantung pabrikan rokok agus parmuji hubung jakarta selasa agus parmuji lindung juta tani tembakau soko guru ekonomi bangsa dpn apti titip pr presiden prabowo subianto  perintah indonesia akses framework convention on tobacco control fctc  posisi indonesia hal negara dunia mata cahari masyarakat gantung sektor tembakau  baca perwira polisi pangkat kompol mutasi kapolda metro jaya namanamanya turut kerangka fctc terap indonesia mati tenaga kerja tani buruh tekan tumbuh ekonomi nasional  tolak visi misi asta cita serap juta tenaga kerja tingkat tumbuh ekonomi indonesia pihak dukung visi presiden prabowo jalan pimpin negara bangsa tulus utama penting rakyat indonesia kami harap presiden prabowo ratifikasi fctc  suara rakyat wajib dengar perintah indonesia utama hajat hidup gantung industri hasil tembakau  lihat  kowan harap perintah prabowogibran pihak perempuan anak,nasional
malam abraham silaban ab presiden prabowo maung garuda perkasa inews,jakarta maung garuda mv garuda limousine pusat perhati lantik presiden ri oktober  kendara bukti kerja keras dukung penuh perintah bangsa cipta produk penuh butuh nasional bangga mata dunia dalam episode baru ab abraham silaban malam bahas dalam kendara lahir karya anak bangsa kembang akomodasi presiden jabat negara prioritas aman nyaman  produksi pt pindad maung garuda hadir desain sangar cermin karakter tangguh khas kendara militer  kendara warna putih tampil eksklusif maskulin milik proteksi nyaman material kualitas fiturfitur mutakhir  baca maung garuda hewan misterius simbol kuat indonesia bobot ton dimensi m lebar m m desain long wheelbase nyaman lega  kendara milik daya mesin ps hp transmisi at cepat milik cepat maksimum kmjam  performa kuat kendara libas medan sesuai butuh mobilitas kepala negaratampilan perdana maung garuda lantik presiden hasil tarik perhati publik bincang media sosial  netizen komentar positif bangga kendara buat negeri antusiasme inovasi industri otomotif indonesia  masyarakat mv garuda limousine bukti indonesia kembang kendara kelas penuh standar presiden gantung produk negeri  penasaran gagah kendara milik presiden ri inisaksikan lengkap liput dalam abraham silaban ab presiden prabowo maung garuda perkasa gali informasi cerdas dalam ungkap dengar faktafakta langsung narasumber percaya  malam  wib inews  lihat  prabowo negeri indonesia pimpin gibran minggu zik,nasional
terima harga angkie yudistia  kawal inklusivitas sejahtera masyarakat,jakarta staf khusus presiden ri periode angkie yudistia terima harga youth humanitarian award kategori individu human initiative  sambut angkie kait generasi muda gelora semangat milik usaha generasi muda kembang wirausaha sosial dampak luas masyarakat butuh kelompok rentan angkie hotel bidakara jakarta selasa  terima harga bendahara partai perindo terima kasih temanteman disabilitas  motivasi sandang disabilitas semangat kejar mimpi  baca bendum perindo angkie yudistia terima harga youth humanitarian award terima kasih wakil sandang disabilitas juta jiwa  perempuan bukti batas bukti kelebihankelebihan milik  percaya no one left behind tinggal ujar ia motivasi teman disabilitas semangat jalan hidup seharihari  harap depan inklusifitas wujud adalagi sekatsekat hidup sosial untuk samasama awal inklusifitas sejahtera lapis masyarakat  sesuai bunyi sila pancasila manusia adil adab  depan  bunyi sila pancasila adil sosial rakyat indonesia  masyarakat layak adil beda apa ucap belum angkie harga acara r a kartini award nominasi turned disability into strength ra kartini award  harga tanda hormat satyalancana wira karya agustus  harga youth humanitarian award kategori individu human initiative harga terima angkie yudistia  lihat  bank jatim sabet platinum awardbest issuer bank atm ajang prima awards rca,nasional
deputi kpk pahala nainggolan polda metro periksa kait alex marwata,jakarta deputi cegah monitoring komisi berantas korupsi kpk pahala nainggolan polda metro jaya senin  pahala jalan periksa kait temu wakil ketua kpk alex marwata eks kepala bea cukai yogyakarta eko darmanto pahala gedung ditreskrimsus polda metro jaya  wib  kemeja warna putih  siap jiwa raga deh cerita pahala awak media senin pisah dirkrimsus polda metro jaya kombes pol ade safri simanjuntak panggil deputi cegah monitoring komisi berantas korupsi kpk pahala nainggolan sesuai jadwal masih sesuai jadwal beliau klarifikasi orang pegawai kpk ruang riksa lantai ditreskrimsus polda metro jaya kata namun kait identitas orang pegawai kpk ade safri beber pegawai kpk  ucap untuk polisi benar wakil ketua kpk alexander marwata lapor perihal temu eks kepala bea cukai yogyakarta eko darmanto  lapor adu masyarakat dumas tanggal maret upa hubung langsung langsung oknum pimpin kpk alexander marwata sangka hubung perkara tindak pidana korupsi dirkrimsus polda metro jaya kombes pol ade safri simanjuntak  lihat  duga korupsi abdul ghani kasuba kpk periksa urus yayasan alkhairaat malut abd,nasional
anggota negosiator sepakat sandera israel undur,tel aviv anggota senior tim runding gencat senjata sandera israel umum undur  umum brigadir jenderal oren setter negosiasi capai sepakat bebas tahan gencat senjata jalur gaza henti tahun perang genosida israel otoritas siar resmi senin setter wakil mayor jenderal nitzan alon jabat negosiasi nama militer israel umum ingat  setter libat rumus rencana gencat senjata bebas tahan israel tangkap gaza adopsi presiden biden dewan aman pbb badan siar  duga setter umum undur buntu bicara  senin sore kepala mossad agen matamata david barnea doha terobos saksi undur dramatis badan siar itu komentar undur jabat senior tim negosiasi juru bicara militer israel daniel hagari tim setter lelah kuat upaya kembali tangkap  bantu tim sesuai butuh  senin rezim kolonial israel umum barnea doha bahas rencana cakup proposal capai sepakat hamas tukar tahan kantor perdana menteri israel benjamin netanyahu  barnea ada bicara perdana menteri qatar mohammed bin abdulrahman althani kepala badan intelijen pusat as william burns kunjung hari para bahas rencana padu sepakat tukar tahan gabung proposal timbang isuisu utama kembang kini kawasan nyata resmi sebut meski upaya mediasi qatar mesir berbulanbulan aju proposal sepakat perang gaza tukar tahan netanyahu tetap syarat halang sepakat pakat  baca hizbullah naim qassem pimpin lihat  hizbullah klaim tewas tentara israel sya,internasional
