Judul_cleaned,Isi_cleaned,Kategori
"['hizbullah', 'luncurkan', 'gelombang', 'serangan', 'israel', 'operasi']","['beirut', 'hizbullah', 'lebanon', 'mengumumkan', 'pejuang', 'perlawanan', 'islam', 'melaksanakan', 'operasi', 'lokasi', 'tentara', 'rezim', 'zionis', 'ditempatkan', 'selatan', 'tenggara', 'israel', '.', 'serangan', 'digelar', 'mendukung', 'bangsa', 'palestina', 'teguh', 'jalur', 'gaza', 'perlawanan', 'berani', 'terhormat', 'membela', 'lebanon', 'bangsanya.dalam', 'serangan', 'terbaru', 'israel', 'hizbullah', 'akurat', 'menyerang', 'timur', 'kota', 'alkhayyam', 'roket', 'mortir.dalam', 'operasi', 'hizbullah', 'serangan', 'rudal', 'lokasi', 'pangkalan', 'militer', 'tentara', 'zionis', 'pangkalan', 'jalul', 'alam', 'permukiman', 'maalot', 'tarshiha', 'permukiman', 'kafr', 'faradim.perlawanan', 'islam', 'lebanon', 'menembakkan', 'rudal', 'pesawat', 'nirawak', 'lokasi', 'pasukan', 'kolonial', 'zionis', 'kota', 'kafr', 'jaladi', 'dalton', 'almanara', 'zareit.dalam', 'operasi', 'hizbullah', 'menyerang', 'tentara', 'rezim', 'zionis', 'ditempatkan', 'pangkalan', 'angkatan', 'laut', 'ras', 'alnaqoura', 'rudal.sementara', 'falam', 'pesan', 'memperingati', 'kesyahidan', 'pemimpin', 'hizbullah', 'hassan', 'nasrallah', 'hashem', 'safieddine', 'komandan', 'perlawanan', 'kelompok', 'persahabatan', 'parlemen', 'iranlebanon', 'selasa', 'selamat', 'sheikh', 'naim', 'qassem', 'pengangkatannya', 'pembawa', 'bendera', 'hizbullah', '.', 'pertempuran', 'historis', 'garis', 'perlawanan', 'melawan', 'garis', 'pendudukan', 'penindasan', 'israel', 'hizbullah', 'lebanon', 'terlibat', 'konfrontasi', 'rezim', 'zionis', 'membela', 'rakyat', 'palestina', 'tertindas', 'anakanak', 'wanita', 'gaza', 'menanggung', 'kerugian', 'papar', 'pernyataan', 'kelompok', 'itu.kelompok', 'harapan', 'hizbullah', 'melanjutkan', 'perlawanannya', 'berjuang', 'menghancurkan', 'israel', 'kuat', 'sebelumnya.sambil', 'memuji', 'pengalaman', 'bertahuntahun', 'sheikh', 'qassem', 'perannya', 'berpengaruh', 'pembentukan', 'stabilitas', 'hizbullah', 'diragukan', 'mengangkat', 'posisi', 'kelompok', 'perlawanan', 'meneruskan', 'warisan', 'syuhada', 'sayyed', 'hassan', 'nasrallah', 'komandan', 'perlawanan', 'mengorbankan', 'nyawa', 'lebanon', 'alquds.sheikh', 'qassem', 'diangkat', 'pemimpin', 'hizbullah', 'menggantikan', 'hassan', 'nasrallah', 'terbunuh', 'serangan', 'udara', 'israel', 'beirut', 'september.dalam', 'pernyataan', 'selasa', 'hizbullah', 'pengangkatan', 'sheikh', 'qassem', 'suara', 'bulat', 'dipilih', 'menduduki', 'jabatan', 'kepatuhannya', 'prinsip', 'tujuan', 'hizbullah', '.', 'baca', '.', 'warga', 'israel', 'terganggu', 'kesehatan', 'mentalnya', 'oktober', 'lihat', ':', 'israel', 'menginvasi', 'iran', 'berisiko', 'sya']",internasional
"['kejati', 'jatim', 'tangkap', 'ronald', 'tannur', 'kejagung', ':', 'pelaksanaan', 'putusan', 'ma']","['jakarta', 'kejaksaan', 'kejati', 'jawa', 'timur', 'menangkap', 'gregorius', 'ronald', 'tannur', 'grt', 'terdakwa', 'penganiayaan', 'kekasihnya', 'sera', 'afriyanti', 'tewas.penangkapan', 'ronald', 'tannur', 'dibenarkan', 'kapuspenkum', 'kejaksaan', 'agung', 'kejagung', 'harli', 'siregar', '.', 'iya', 'ronald', 'tannur', 'diamankan', 'sekira', '.', 'wib', 'perumahan', 'victoria', 'regency', 'surabaya', 'harli', 'minggu', '.harli', 'ronald', 'tanur', 'dibawa', 'kejati', 'jawa', 'timur', 'melaksanakan', 'putusan', 'mahkamah', 'agung', 'ma', 'divonis', 'penjara', '.', 'bersangkutan', 'dibawa', 'kejati', 'jatim', 'pelaksanaan', 'putusan', 'mahkamah', 'agung', 'ma', 'ri', 'pungkasnya.sebelumnya', 'ma', 'menjatuhkan', 'hukuman', 'penjara', 'gregorius', 'ronald', 'tannur', 'pria', 'menganiaya', 'kekasihnya', 'meninggal', 'dunia.putusan', 'ma', 'membatalkan', 'vonis', 'bebas', 'majelis', 'hakim', 'pengadilan', 'negeri', 'pn', 'surabaya', 'tingkat', '.', 'amar', 'putusan', ':', 'kabul', 'kasasi', 'penuntut', 'batal', 'judex', 'facti', 'terbukti', 'dakwaan', 'alternatif', 'melanggar', 'pasal', 'ayat', 'kuhp', 'tulis', 'ma', 'situs', 'resminya', 'rabu', 'oktober', '.', 'pidana', 'penjara', 'bunyi', 'putusan', 'tersebut.adapun', 'majelis', 'hakim', 'memutuskan', 'soesilo', 'ketua', 'majelis', 'ainal', 'mardhiah', 'sutarjo', 'anggota', 'majelis', '.', 'putusan', 'dikeluarkan', 'selasa', 'oktober', '.sebagai', 'informasi', 'perkara', 'ketua', 'majelis', 'halim', 'pn', 'surabaya', 'erintuah', 'damanik', 'membebaskan', 'gregorius', 'ronald', 'tannur', 'dakwaan', 'pembunuhan', 'sera', 'afriyanti', '.', 'hakim', 'ronald', 'tannur', 'terbukti', 'sah', 'pembunuhan', 'penganiayaan', 'menyebabkan', 'tewasnya', 'korban', '.', 'dibebaskan', 'dakwaan', 'jpu', '.', 'lihat', ':', 'mahfuf', 'md', 'bicara', 'zarof', 'ricar', 'pintu', 'masuk', 'bongkar', 'makelar', 'peradilan', 'cip']",nasional
"['kolaborasi', 'bumn', 'pangan', 'mentan', 'amran', 'optimalkan', 'kemandirian', 'pangan', 'nasional']","['jakarta', 'menteri', 'pertanian', 'mentan', 'andi', 'amran', 'sulaiman', 'sinergi', 'kementerian', 'pertanian', 'kementan', 'badan', 'usaha', 'milik', 'negara', 'bumn', 'pangan', 'memperkuat', 'ketahanan', 'pangan', 'nasional.dalam', 'pertemuan', 'koordinasi', 'bumn', 'pangan', 'mentan', 'amran', 'menggaris', 'bawahi', 'kolaborasi', 'strategis', 'mengoptimalkan', 'potensi', 'lahan', 'produksi', 'bumn', 'memenuhi', 'kebutuhan', 'pangan', 'negeri', '.', 'membangun', 'kolaborasi', 'menguntungkan', '.', 'pt', 'sang', 'hyang', 'seri', 'memiliki', 'lahan', 'potensial', 'produksi', 'benih', 'padi', 'mencapai', 'ribu', 'ton', 'nilai', 'mencapai', 'rp', 'triliun', '.', 'potensi', 'dioptimalkan', 'kerja', 'mentan', 'amran', 'kantor', 'pusat', 'kementan', 'jakarta', 'selasa', '.lebih', 'mentan', 'amran', 'memperkuat', 'cadangan', 'pangan', 'nasional', 'sinergi', 'bulog', '.', 'langkah', 'bertujuan', 'menjaga', 'stabilitas', 'stok', 'harga', 'meningkatkan', 'kesejahteraan', 'petani', '.', 'bulog', 'memiliki', 'peran', 'menjaga', 'cadangan', 'pangan', '.', 'mekanisme', 'offtaker', 'komoditas', 'strategis', 'padi', 'jagung', 'petani', 'posisi', 'menguntungkan', 'katanya.mentan', 'amran', 'rencana', 'kerja', 'ptpn', 'meningkatkan', 'produksi', 'sawit', 'gula', 'nasional', '.', 'ptpn', 'menciptakan', 'klaster', 'kebun', 'unggul', 'dikelola', 'profesional', 'berteknologi', 'modern', '.', 'ptpn', 'membangun', 'klaster', 'kebun', 'produksi', 'tertinggi', 'peralatan', 'terbaik', 'tenaga', 'kerja', 'terampil', '.', 'laboratorium', 'meningkatkan', 'produksi', 'efisien', 'mentan', 'amran.mentan', 'amran', 'pertemuan', 'langkah', 'lanjutan', 'koordinasi', 'menteri', 'bumn', 'erick', 'thohir', 'minggu', '.', 'pertemuan', 'bumn', 'kesiapannya', 'memperkuat', 'program', 'cetak', 'sawah', 'kementan', 'merauke', 'ketahanan', 'pangan', 'nasional', '.', 'pertemuan', 'langkah', 'operasional', 'hasil', 'diskusi', 'menteri', 'bumn', '.', 'pertemuan', 'rutin', 'memantau', 'langkahlangkah', 'diambil', 'efektif', 'meningkatkan', 'kinerja', 'bumn', 'pangan', 'mentan', 'amran', '.', 'sinergi', 'terbangun', 'kementan', 'bumn', 'pangan', 'mentan', 'amran', 'optimistis', 'citacita', 'presiden', 'prabowo', 'subianto', 'mewujudkan', 'swasembada', 'pangan', 'tercapai.turut', 'hadir', 'pertemuan', 'perwakilan', 'bumn', 'pangan', 'id', 'food', 'pihc', 'bulog', 'ptpn', '.', 'lihat', ':', 'wamentan', 'sudaryono', 'dorong', 'sumber', 'protein', 'alternatif', 'makan', 'bergizi', 'gratis', 'ars']",nasional
"['tom', 'lembong', 'tersangka', 'impor', 'gula', 'intip', 'harta', 'kekayaannya']","['jakarta', 'mantan', 'menteri', 'perdagangan', 'mendag', 'thomas', 'trikasih', 'lembong', 'alias', 'ttl', 'ditahan', 'kejaksaan', 'agung', 'kejagung', 'tersangka', 'dugaan', 'korupsi', 'kegiatan', 'importasi', 'gula', 'kementerian', 'perdagangan', '.', 'pria', 'akrab', 'disapa', 'tom', 'lembong', 'tercatat', 'memiliki', 'kekayaan', 'mencapai', 'rp', '....', 'tercatat', 'laporan', 'harta', 'kekayaan', 'penyelenggara', 'negara', 'lhkpn', 'laporkan', 'april', 'menjabat', 'kepala', 'badan', 'koordinasi', 'penanaman', 'modal', 'bkpm', '.', 'baca', 'profil', 'tom', 'lembong', 'mantan', 'anak', 'buah', 'jokowi', 'tim', 'sukses', 'anies', 'memiliki', 'harta', 'mencapai', 'ratusan', 'miliar', 'thom', 'lembong', 'memiliki', 'tanah', 'bangunan', 'alat', 'transportasi', 'mesin', '.', 'terekam', 'lhkpnnya', '.', 'baca', 'pendidikan', 'tom', 'lembong', 'lulusan', 'harvard', 'tersangka', 'impor', 'gula', 'catatan', 'kekayaan', 'penyelenggara', 'hartanya', 'harta', 'bergerak', 'senilai', 'rp', '..', 'surat', 'berharga', 'rp', '...', 'kas', 'setara', 'kas', 'rp', '...', 'harta', 'rp', '....', 'lhkpn', 'tom', 'lembong', 'memiliki', 'utang', 'rp', '...', 'lihat', ':', 'tom', 'lembong', 'tersangka', 'korupsi', 'impor', 'gula', 'cak', 'imin', ':', 'sedih', 'rca']",nasional
"['gmni', 'kabinet', 'merah', 'putih', 'jalankan', 'program', 'prabowo']","['jakarta', 'gerakan', 'mahasiswa', 'nasional', 'indonesia', 'gmni', 'menaruh', 'harapan', 'tercapainya', 'pembangunan', 'bangsa', 'tangan', 'pemerintahan', 'prabowo', 'subiantogibran', 'rakabuming', 'raka', '.', 'ketua', 'gmni', 'immanuel', 'cahyadi', 'optimistis', 'kabinet', 'merah', 'putih', 'menjalankan', 'programprogram', 'kerjanya', 'rakyat', 'indonesia.kabinet', 'merah', 'putih', 'terbentuk', 'membutuhkan', 'beradaptasi', '.', 'gmni', 'menteri', 'wakil', 'menteri', 'pimpinan', 'kementerian', 'lembaga', 'ekstra', 'cepat', 'beradaptasi', 'memahami', 'tugas', 'pokok', 'fungsinya', 'menjalankan', 'visi', 'misi', 'program', 'presiden', 'prabowo', 'subianto', 'immanuel', 'keterangan', 'tertulis', 'senin', '.', 'baca', 'indonesia', 'gabung', 'brics', 'prabowo', ':', 'manamana', 'immanuel', 'pemerintahan', 'diyakini', 'cepat', 'mengurus', 'kerumitan', 'birokrasi', 'menjalankan', 'programprogram', 'kemaslahatan', 'kepentingan', 'nasional', '.', 'gmni', 'optimistis', 'komposisi', 'kabinet', 'merah', 'putih', 'diisi', 'komponen', 'anakanak', 'bangsa', 'cerdas', 'handal', 'ahli', 'bidangnya', 'keras.gmni', 'menteri', 'wakil', 'kepala', 'badan', 'jajarannya', 'solid', 'bergotongroyong', 'bersatu', 'fokus', 'keras', 'menjalankan', 'program', 'pemerintah', 'imbuhnya.meski', 'gmni', 'berpesan', 'kabinet', 'merah', 'putih', 'rakyat', 'indonesia', 'menaruh', 'harapan', 'menteri', 'tantangan', '.', 'menangani', 'kkn', 'ketidakefisienan', 'birokrasi', 'penegakan', 'hukum', 'kepatuhan', 'pembayaran', 'pajak', 'memperbesar', 'penerimaan', 'negara', 'kemaslahatan', 'rakyat', 'indonesia.menurutnya', 'keras', 'ketidakstabilan', 'kondisi', 'geopolitik', 'mudah', '.', 'kapasitas', 'l', 'karakter', 'kompetensi', 'anakanak', 'bangsa', 'kabinet', 'merah', 'putih', 'gmni', 'tantangan', 'diatasi.komposisi', 'kabinet', 'merah', 'putih', 'mencerminkan', 'persatuan', 'nasional', 'anakanak', 'bangsa', 'jejak', 'rekamnya', 'kenal', 'menyerah', 'memegang', 'teguh', 'disiplin', 'taat', 'pimpinan', 'menjalankan', 'kewajiban', 'penuh', 'tanggung', 'kepentingan', 'nasional', '.', 'pengurus', 'rakyat', 'teladan', 'rakyat', 'sedia', 'berbakti', 'bangsa', 'negara', '.', 'baca', 'sritex', 'dinyatakan', 'pailit', 'ribuan', 'buruh', 'galau', 'khawatir', 'perusahaan', 'ditutup', 'presiden', 'prabowo', 'subianto', 'kabinetnya', 'keras', 'menjalankan', 'programprogram', 'terkait', 'kedaulatan', 'pangan', '.', 'pemberantasan', 'judi', 'online', 'program', 'makanan', 'bergizi', 'gratis', 'industrialisasi', 'nasional', 'hilirisasi', 'komoditas', 'keselamatan', 'kesejahteraan', 'rakyat', 'indonesia', 'terangnya', '.', 'lihat', ':', 'tiru', 'amerika', 'serikat', 'istana', ':', 'ig', 'presiden', 'akun', 'pribadi', 'poe']",nasional
"['bos', 'teknologi', 'berbondongbondong', 'hadiri', 'acara', 'mohammed', 'bin', 'salman', 'arab', 'saudi']","['riyadh', 'arab', 'saudi', 'tuan', 'rumah', 'namanama', 'bidang', 'keuangan', 'teknologi', 'dunia', 'pekan', '.', 'acara', 'tes', 'minat', 'investor', 'ambisi', 'kerajaan', 'mengubah', 'pusat', 'global', 'meluasnya', 'konflik', 'timur', 'tengah.para', 'eksekutif', 'internasional', 'bersaing', 'kawasan', 'diguncang', 'ketegangan', 'geopolitik', 'ancaman', 'konfrontasi', 'militer', 'israel', 'iran', 'tingkat', 'tertinggi', 'dekade', '.', 'mendarat', 'negara', 'menghadapi', 'kenyataan', 'kekayaan', 'minyaknya', 'melimpah', 'memiliki', 'keterbatasan', '.', 'baca', 'arab', 'saudi', 'buka', 'sindalah', 'pulau', 'mewah', 'neom', 'impian', 'pangeran', 'mohammed', 'bin', 'salman', 'future', 'investment', 'initiative', 'fii', 'dijuluki', 'davos', 'padang', 'pasir', 'gentar', 'merasakan', 'peluang', 'pembangunan', 'ekonomi', 'visi', 'senilai', 'triliun', 'dolar', 'milik', 'putra', 'mahkota', 'mohammed', 'bin', 'salman', '.', 'david', 'solomon', 'goldman', 'sachs', 'group', 'inc', 'jane', 'fraser', 'citigroup', 'inc', 'larry', 'fink', 'blackrock', 'inc', 'pengunjung', 'pertemuan', 'puncak', 'riyadh', 'ini.mencerminkan', 'fokus', 'arab', 'saudi', 'teknologi', 'kecerdasan', 'buatan', 'bergabung', 'namanama', 'terkemuka', 'industri', '.', 'presiden', 'alphabet', 'inc', 'ruth', 'porat', 'kepala', 'eksekutif', 'tiktok', 'inc', 'shou', 'chew', 'berbicara', 'pertemuan', 'puncak', 'kalinya', '.', 'benjamin', 'horowitz', 'pengusaha', 'teknologi', 'salah', 'pendiri', 'raksasa', 'modal', 'ventura', 'andreessen', 'horowitz', 'hadir', '.', 'lihat', ':', 'arab', 'saudi', 'bangun', 'gedung', 'pencakar', 'langit', 'kali', 'empire', 'state']",internasional
"['kolonel', 'dimutasi', 'panglima', 'tni', 'oktober', 'namanamanya']","['jakarta', 'perwira', 'menengah', 'pamen', 'tni', 'berpangkat', 'kolonel', 'dimutasi', 'panglima', 'tni', 'pertengahan', 'oktober', '.', 'salah', 'satunya', 'singgih', 'pambudi', 'arinto', 'beralih', 'dosenpatun', 'sesko', 'tni', 'kapoksahli', 'pangdam', 'v', 'brawijaya.mutasi', 'tni', 'berdasarkan', 'surat', 'keputusan', 'panglima', 'tni', 'nomor', 'kepx', 'tanggal', 'oktober', '.', 'ketentuannya', 'perwira', 'tni', 'masuk', 'daftar', 'ketiga', 'matra', 'tni', 'ad', 'tni', 'al', 'tni', 'au.melihat', 'namanama', 'dalamnya', 'berpangkat', 'kolonel', '.', 'baca', 'sosok', 'jenderal', 'bintang', 'bertugas', 'baharkam', 'polri', 'nomor', 'berdarah', 'batak', 'daftar', 'kolonel', 'dimutasi', 'panglima', 'tni', '.', 'kolonel', 'inf', 'singgih', 'pambudi', 'arinto', 's.i.p', '.', 'm.m', '.', 'jabatan', ':', 'dosenpatun', 'sesko', 'tnijabatan', ':', 'kapoksahli', 'pangdam', 'v', 'brw', '.', 'kolonel', 'inf', 'denny', 'marantika', 'jabatan', ':', 'paban', 'virendukgar', 'srenum', 'tnijabatan', ':', 'waasrenum', 'panglima', 'tni', '.', 'kolonel', 'czi', 'lin', 'nofrianto', 'jabatan', ':', 'pamen', 'denmabesadjabatan', ':', 'kapusada', 'tni', '.', 'kolonel', 'inf', 'wimoko', 's.e', '.', 'm.si', '.', 'lihat', ':', 'mutasi', 'tni', 'terbaru', 'jenderal', 'beralih', 'anak', 'buah', 'kepala', 'bin', 'herindra']",nasional
"['kehidupan', 'rakyat', 'iran', 'normal', 'diserang', 'israel']","['teheran', 'kehidupan', 'seharihari', 'berjalan', 'lancar', 'iran', 'pasukan', 'pertahanan', 'udara', 'negara', 'berhasil', 'mencegat', 'agresi', 'israel', 'lokasi', 'militer', 'provinsi', 'teheran', 'ilam', 'khuzestan', 'sabtu.ledakan', 'dilaporkan', 'kota', 'iran', 'jam', 'malam', 'jumat', 'pasukan', 'keamanan', 'iran', 'ledakan', 'disebabkan', 'aktivitas', 'pertahanan', 'udara', 'negara', 'itu.video', 'beredar', 'daring', 'menangkap', 'pertahanan', 'udara', 'iran', 'menargetkan', 'objek', 'musuh', 'wilayah', 'udara', 'provinsi', 'teheran.meskipun', 'media', 'arus', 'utama', 'melaporkan', 'serangan', 'udara', 'israel', 'dibesarbesarkan', 'warga', 'iran', 'minggu', 'biasa.rekaman', 'zona', 'ekonomi', 'khusus', 'pelabuhan', 'imam', 'khomeini', 'khuzestan', 'perusahaan', 'petrokimia', 'bandar', 'imam', 'bipc', 'rusak', 'dampak', 'fasilitas', 'tersebut.di', 'provinsi', 'ilam', 'rekaman', 'video', 'menangkap', 'suasana', 'tenang', 'gangguan.melansir', 'press', 'tv', 'pemandangan', 'teheran', 'penduduk', 'latihan', 'pagi', 'rutin', 'taman', 'laleh', 'terpengaruh', 'klaim', 'israel', 'serangan', 'lokasi', 'militer', 'iran.organisasi', 'penerbangan', 'sipil', 'iran', 'mengumumkan', 'penerbangan', 'dilanjutkan', 'gangguan', 'singkat.rekaman', 'bandara', 'mehrabad', 'teheran', 'barat', 'operasi', 'berjalan', 'normal', 'penumpang', 'bergerak', '.', 'baca', 'takut', 'iran', 'balas', 'dendam', 'as', 'klaim', 'terlibat', 'serangan', 'israel', 'lihat', ':', 'israel', 'menginvasi', 'iran', 'berisiko']",internasional
"['wamentan', 'sudaryono', 'ajak', 'milenial', 'berperan', 'ketahanan', 'pangan', 'nasional', 'era', 'digital']","['jakarta', 'wakil', 'menteri', 'pertanian', 'wamentan', 'sudaryono', 'mengajak', 'generasi', 'milenial', 'aktif', 'menciptakan', 'solusi', 'inovatif', 'sektor', 'pertanian', 'memperkuat', 'ketahanan', 'pangan', 'nasional.wamentan', 'sudaryono', 'akrab', 'disapa', 'mas', 'dar', 'generasi', 'milenial', 'memiliki', 'potensi', 'membawa', 'perubahan', 'pemanfaatan', 'teknologi', 'digital', '.', 'hidup', 'era', 'teknologi', 'informasi', 'komunikasi', 'alat', 'efektif', 'meningkatkan', 'produktivitas', 'pertanian', '.', 'mengajak', 'milenial', 'terlibat', 'program', 'inisiatif', 'mendukung', 'ketahanan', 'pangan', 'nasional', 'wamentan', 'keterangannya', 'jakarta', 'senin', '.wamentan', 'sudaryono', 'menekankan', 'kolaborasi', 'pemerintah', 'pelaku', 'industri', 'generasi', 'muda', '.', 'menurutnya', 'sektor', 'pertanian', 'membutuhkan', 'tenaga', 'kerja', 'inovasi', 'pengelolaan', 'sumber', 'daya', 'pemasaran', 'distribusi', 'produk', '.', 'menciptakan', 'platform', 'digital', 'memfasilitasi', 'interaksi', 'petani', 'konsumen', 'mendukung', 'usaha', 'menengah', 'bidang', 'pertanian', 'tambahnya.melalui', 'semangat', 'kolaboratif', 'pemanfaatan', 'teknologi', 'wamentan', 'optimistis', 'milenial', 'pilar', 'mencapai', 'ketahanan', 'pangan', 'berkelanjutan', 'menghadapi', 'tantangan', 'pangan', 'depan.menurutnya', 'petani', 'indonesia', 'didominasi', 'kalangan', 'orang', 'tua', '.', 'berdasarkan', 'data', 'badan', 'pusat', 'statistik', 'bps', 'persen', 'petani', 'generasi', 'baby', 'boomers', 'berusia', '.', 'petani', 'muda', 'mencapai', 'persen', 'juta', 'orang.minimnya', 'petani', 'muda', 'petani', 'milenial', 'perhatian', 'serius', 'kementerian', 'pertanian', 'pangan', 'indonesia', '.', 'meluncurkan', 'program', 'meningkatkan', 'petani', 'muda.untuk', 'mengatasi', 'permasalahan', 'kementerian', 'pertanian', 'mendorong', 'pertumbuhan', 'petani', 'muda', 'program', 'duta', 'petani', 'milenial', 'dpm', 'juta', '.', 'program', 'duta', 'petani', 'andalan', 'dpa', 'penerapan', 'digitalisasi', 'pertanian', 'pdp', 'penumbuhan', 'wirausaha', 'muda', 'pertanian', 'pwmp', 'program', 'petani', 'magang', 'negeri', 'mas', 'dar', 'anak', 'petani', 'grobogan', 'jawa', 'ini.berdasarkan', 'peraturan', 'menteri', 'pertanian', 'no', '.', 'petani', 'milenial', 'berusia', 'adaptif', 'teknologi', 'digital', '.', 'program', 'bertujuan', 'memulihkan', 'perekonomian', 'masyarakat', 'pertanian', 'menumbuhkan', 'semangat', 'kewirausahaan', 'meningkatkan', 'produksi', 'pangan', 'peternakan', '.', 'lihat', ':', 'cagub', 'sulteng', 'ahmad', 'ali', 'targetkan', 'kantongi', 'ribu', 'suara', 'parigi', 'moutong']",nasional
"['jet', 'siluman', 'f', 'israel', 'dilaporkan', 'mengebom', 'iran', 'serang', 'sistem', 'rudal', 's', 'tentara', 'tewas']","['teheran', 'jetjet', 'tempur', 'siluman', 'f', 'israel', 'dilaporkan', 'mengebom', 'target', 'teheran', 'iran', 'kalinya', 'sabtu', '.', 'baterai', 'sistem', 'rudal', 's', 'pelindung', 'situs', 'nuklir', 'diserang', 'korban', 'tewas', 'bertambah', 'tentara.pengerahan', 'jet', 'tempur', 'f', 'diungkap', 'sumber', 'israel', 'iran', 'international', 'minggu', '.', 'militer', 'zionis', 'merilis', 'video', 'pengerahan', 'jet', 'tempur', 'f', 'f', 'serangan', 'iran.namun', 'staf', 'angkatan', 'bersenjata', 'iran', 'pesawatpesawat', 'israel', 'wilayah', 'udara', 'disediakan', 'militer', 'as', 'irak', 'meluncurkan', 'rudal', 'jarak', 'diluncurkan', 'udara', 'radar', 'perbatasan', 'provinsi', 'ilam', 'khuzestan', 'provinsi', 'teheran.israel', 'melancarkan', 'serangan', 'udara', 'sabtu', 'balasan', 'serangan', 'rudal', 'teheran', 'oktober', 'iran', 'respons', 'pembunuhan', 'israel', 'kepala', 'hamas', 'ismail', 'haniyeh', 'teheran', 'kepala', 'hizbullah', 'hassan', 'nasrallah', 'beirut', 'jenderal', 'korps', 'garda', 'revolusi', 'islam', 'irgc.serangan', 'udara', 'israel', 'menargetkan', 'situs', 'fasilitas', 'militer', 'iran', 'menyusul', 'upaya', 'amerika', 'serikat', 'as', 'bermingguminggu', 'mencegah', 'zionis', 'menargetkan', 'infrastruktur', 'nuklir', 'energi', 'iran', 'upaya', 'menghindari', 'eskalasi', 'konflik', 'wilayah', 'bergejolak', '.', 'baca', 'israel', 'ancam', 'serang', 'iran', 'dahsyat', 'nekat', 'membalas', 'presiden', 'as', 'joe', 'biden', 'sabtu', 'israel', 'menyerang', 'target', 'militer', 'serangannya', 'iran', 'berharap', '.tasnim', 'news', 'melaporkan', 'korban', 'tewas', 'akibat', 'serangan', 'israel', 'bertamah', 'tentara', 'iran', '.', 'perwira', 'unit', 'rudal.empat', 'baterai', 'pertahanan', 'udara', 's', 'lokasi', 'strategis', 'melindungi', 'teheran', 'fasilitas', 'nuklir', 'energi', 'iran', 'diserang', 'tulis', 'axios', 'mengutip', 'sumber', 'israel', 'mengonfirmasi', 'laporan', 'the', 'new', 'york', 'times', 'penargetan', 'israel', 'sistem', 'pertahanan', 'buatan', 'rusia', 'tersebut.laporan', 'planetary', 'mixer', 'komponen', 'program', 'rudal', 'balistik', 'iran', 'diserang', 'serangan', 'udara', 'israel', '.', 'planetary', 'mixer', 'memproduksi', 'bahan', 'bakar', 'padat', 'rudal', 'balistik', 'jarak', 'penghancurannya', 'merusak', 'kemampuan', 'iran', 'memperbarui', 'persediaan', 'rudalnya', 'imbuh', 'laporan', 'axios', '.', 'lihat', ':', 'perbandingan', 'kekuatan', 'militer', 'iran', 'vs', 'indonesia']",internasional
"['tekad', 'prabowo', 'berantas', 'korupsi', 'akarnya', 'dukungan']","['jakarta', 'tekad', 'presiden', 'prabowo', 'subianto', 'memberantas', 'korupsi', 'akarakarnya', 'dukungan', 'guru', 'hukum', 'tata', 'negara', 'john', 'pieris', '.', 'ketua', 'partai', 'gerindra', 'dianggap', 'sosok', 'nasionalis', 'sejati.hal', 'john', 'pieris', 'acara', 'seminar', 'nasional', 'terkait', 'uji', 'materi', 'pasal', 'ayat', 'pasal', 'uu', 'tipikor', 'tema', 'suap', 'korupsi', '.', 'pesan', 'presiden', 'prabowo', 'subianto', 'kesempatan', 'membenahi', 'berantas', 'korupsi', 'akarakarnya', 'setuju', 'jalan', 'belakangnya', 'nasionalis', 'sejati', 'john', 'pieris', 'universitas', 'kristen', 'indonesia', 'uki', 'jakarta', 'pusat', 'selasa', '.', 'baca', 'menengok', 'pos', 'pengamanan', 'gabungan', 'rumah', 'prabowo', 'hambalang', 'menilai', 'hukum', 'berlaku', 'efektif', 'memenuhi', 'kejelasan', 'norma', 'hukum', '.', 'menurutnya', 'orang', 'bersalah', 'dituduhkan', 'korupsi', '.', 'norma', 'hukum', 'suap', 'mengadangada', 'suap', 'kasian', 'anak', 'bangsa', 'bersalah', 'salahnya', 'dituduh', 'koruptor', 'kasian', 'depannya', 'terancam', 'tuturnya.tidak', 'peraturan', 'bertentangan', 'vertikal', 'horizontal', '.', 'baca', 'prabowogibran', 'diharapkan', 'berantas', 'korupsi', 'akarnya', 'pasal', 'ayat', 'pasal', 'undangundang', 'nomor', 'pemberantasan', 'tindak', 'pidana', 'korupsi', 'uu', 'tipikor', 'sorotan', '.', 'penasihat', 'hukum', 'senior', 'maqdir', 'ismail', 'menilai', 'korupsi', 'kerugian', 'negara', '.', 'lihat', ':', 'prabowo', 'merangkul', 'orangorang', 'optimistis', 'pesimistis']",nasional
"['hizbullah', 'naim', 'qassem', 'pemimpin']","['beirut', 'hizbullah', 'mengumumkan', 'naim', 'qassem', 'pemimpin', 'barunya', '.', 'qassem', 'promosinya', 'wakil', 'pemimpin', 'diumumkan', 'selasa', 'menggantikan', 'hassan', 'nasrallah', 'sekretaris', 'jenderal', 'kelompok', 'bersenjata', 'bermarkas', 'lebanon.nasrallah', 'terbunuh', 'beirut', 'september', 'serangan', 'israel', '.', 'pejabat', 'senior', 'hizbullah', 'sasaran', 'israel', 'mengalihkan', 'fokusnya', 'kelompok', 'september.hizbullah', 'qassem', 'terpilih', 'menduduki', 'jabatan', 'kepatuhannya', 'prinsip', 'tujuan', 'hizbullah', '.', 'hizbullah', 'tuhan', 'mahakuasa', 'membimbingnya', 'misi', 'mulia', 'memimpin', 'hizbullah', 'perlawanan', 'islamnya', 'papar', 'pernyataan', 'hizbullah.kekosongan', 'kepemimpinanpembunuhan', 'nasrallah', 'perwujudan', 'gerakan', 'syiah', 'lebanon', 'mata', 'pendukungnya', 'wilayah', 'luas', 'dipandang', 'meninggalkan', 'kekosongan', 'kelompok', 'kehilangan', 'kepemimpinannya', 'akibat', 'pembunuhan', 'israel', 'berbulanbulan.sepupu', 'nasrallah', 'hashem', 'safieddine', 'dipandang', 'calon', 'favorit', 'memimpin', 'hizbullah', 'terkait', 'iran', 'tewas', 'serangan', 'israel', 'beirut', 'kerabatnya.qassem', 'berusia', 'orang', 'nomor', 'hizbullah', '.', 'salah', 'ulama', 'mendirikan', 'kelompok', 'an', 'memiliki', 'sejarah', 'aktivisme', 'politik', 'syiah.dia', 'pejabat', 'hizbullah', 'senior', 'tampil', 'publik', 'nasrallah', 'bersembunyi', 'menyusul', 'perang', 'kelompok', 'israel', '.sejak', 'mantan', 'pemimpin', 'terbunuh', 'qassem', 'pidato', 'televisi', 'berbicara', 'bahasa', 'arab', 'formal', 'bahasa', 'seharihari', 'lebanon', 'disukai', 'nasrallah.pada', 'tanggal', 'september', 'mengeluarkan', 'pesan', 'menantang', 'hizbullah', 'melawan', 'israel', 'menang', '.', 'baca', 'icj', 'afrika', 'selatan', 'sodorkan', 'dokumen', 'halaman', 'bukti', 'genosida', 'israel', 'gaza', 'lihat', ':', 'iron', 'dome', 'israel', 'jebol', 'hizbullah', 'kemampuan', 'rudal', 'penuh', 'sya']",internasional
"['tekateki', 'iran', 'luluh', 'lantak', 'diserang', 'pesawat', 'israel', 'jet', 'siluman', 'f']","['teheran', 'israel', 'melancarkan', 'gelombang', 'serangan', 'udara', 'iran', 'sabtu', '.', 'negara', 'islam', 'luluh', 'lantak', 'serangan', 'zionis', 'gaza', 'lebanon.menurut', 'laporan', 'the', 'new', 'arab', 'minggu', 'serangan', 'menargetkan', 'kota', 'iran', 'teheran', 'provinsi', 'barat', 'daya', 'khuzestan', 'ilam', '.', 'laporan', 'mengutip', 'media', 'israel', 'serangan', 'jam', 'melibatkan', 'jet', 'tempur', 'israel', 'pesawat', 'siluman', 'f', 'f', 'f.israel', 'rudal', 'supersonik', 'jarak', 'rampage', 'rudal', 'udarakepermukaan', 'jarak', 'generasi', 'rocks.gelombang', 'serangan', 'fasilitas', 'radar', 'pertahanan', 'udara', 'iran', 'fasilitas', 'militer', 'rudal', 'pesawat', 'nirawak', 'sasaran', 'gelombang', 'ketiga', '.', 'baca', 'jet', 'siluman', 'f', 'israel', 'dilaporkan', 'mengebom', 'iran', 'serang', 'sistem', 'rudal', 's', 'tentara', 'tewas', 'jet', 'tempur', 'serangan', 'kelompok', 'unit', 'dijuluki', 'operasi', 'pertobatan', '.', 'pertahanan', 'udara', 'israel', 'amerika', 'serikat', 'as', 'siaga', 'jet', 'serangan', 'terkoordinasi', 'perlindungan.militer', 'iran', 'mengumumkan', 'tentara', 'tewas', 'serangan', '.', 'tasnim', 'news', 'memperbarui', 'korban', 'tewas', 'tentara.seorang', 'pejabat', 'senior', 'as', 'as', 'ambil', 'serangan', 'luas', 'presisi', 'pemerintah', 'israel', 'mendorong', 'serangan', 'berisiko', 'rendah', 'menimbulkan', 'korban', 'sipil.dampaknya', 'respons', 'pembelaan', 'proporsional', '.', 'dampaknya', 'mencegah', 'serangan', 'menurunkan', 'kemampuan', 'iran', 'melancarkan', 'serangan', 'pejabat', 'itu.milier', 'israel', 'serangan', 'ditunda', 'kali', 'kondisi', 'cuaca', 'memiliki', 'kondisi', 'iklim', 'serangan', 'iran', '.', 'serangan', 'menyerang', 'baterai', 'rudal', 'permukaan', 'udara', 'sistem', 'udara', 'fasilitas', 'pembuatan', 'rudal', 'bunyi', 'pernyataan', 'militer', 'israel', '.', 'lihat', ':', 'perbandingan', 'kekuatan', 'militer', 'iran', 'vs', 'indonesia']",internasional
"['mengenal', 'latihan', 'cakra', 'tradisi', 'kostrad', 'penggemblengan', 'tentara', 'gunung', 'hutan', 'laut']","['jakarta', 'komando', 'cadangan', 'strategis', 'angkatan', 'darat', 'kostrad', 'salah', 'pasukan', 'elite', 'dimiliki', 'tni', 'ad', '.', 'satuan', 'latihan', 'khusus', 'prajurit', 'berkemampuan', 'istimewa', 'latihan', 'cakra', '.', 'mengutip', 'keterangan', 'situs', 'resmi', 'kostrad', 'latihan', 'cakra', 'latihan', 'standardisasi', 'prajurit', 'kostrad', 'bertujuan', 'melatih', 'membentuk', 'menanamkan', 'kebanggaan', 'kecintaan', 'satuan', 'kostrad', 'jiwa', 'korsa', 'kuat', 'mewujudkan', 'kemampuan', 'handal', 'melaksanakan', 'tugas', 'medan', 'operasi', '.', 'latihan', 'diharapkan', 'melahirkan', 'prajurit', 'kostrad', 'memiliki', 'kemampuan', 'teknik', 'dasar', 'tempur', 'meliputi', 'survival', 'intelpur', 'patroli', 'pertempuran', 'jarak', 'pjd', 'operasi', 'raid', 'memiliki', 'fisik', 'prima', 'jago', 'beladiri', 'militer', '.', 'prajurit', 'tni', 'mengikuti', 'latihan', 'cakra', 'kostrad', '.', 'peserta', 'latihan', 'prajurit', 'pilihan', 'lolos', 'seleksi', 'memenuhi', 'syarat', '.', 'digembleng', 'dibagi', 'tahap', 'tahap', 'basis', 'tahap', 'gunung', 'hutan', 'tahap', 'rawa', 'laut', '.', 'prajurit', 'berhasi', 'menyelesaikan', 'latihan', 'cakra', 'berhak', 'menyandang', 'kualifiaksi', 'brevet', 'cakra', 'kualifikasi', 'khusus', 'dimiliki', 'prajurit', 'kostrad', '.', 'tahapan', 'latihan', 'cakralatihan', 'cakra', 'kostrad', 'dilaksanakan', 'tahap', '.', 'tahap', 'basis', 'digelar', 'pekan', 'kompleks', 'madivif', 'kostrad', 'cilodong', 'depok.setelah', 'latihan', 'dilanjutkan', 'tahap', 'tahap', 'gunung', 'hutan', '.', 'latihan', 'tahap', 'dilaksanakan', 'rahlat', 'kostrad', 'sanggabuana', 'karawang', 'pekan', '.', 'mengutip', 'komandan', 'latihan', 'cakra', 'xiv', 'letkol', 'inf', 'roihan', 'hidayatullah', 'situs', 'resmi', 'tni', 'ad', 'pelaksanaan', 'tahap', 'gunung', 'hutan', 'sengaja', 'dilaksanakan', 'daerah', 'latihan', 'kostrad', 'gunung', 'sanggabuana', 'karawang', 'jawa', 'barat', 'memiliki', 'cuaca', 'dingin', 'berbukit', '.', 'pemilihan', 'berdasarkan', 'karakteristik', 'daerah', 'penugasan', 'papua', 'poso', 'memiliki', 'kontur', 'medan', 'berbukit', 'jurang', 'terjal.pelaksanaan', 'materi', 'gunung', 'hutan', 'diawali', 'pergeseran', 'pasukan', 'home', 'base', 'gor', 'kartika', 'cilodong', 'rahlat', 'sanggabuana', 'karawang', 'truk', 'materi', 'patroli', 'jarak', 'pjj', 'titik', 'start', 'hanmars', 'cikalong', 'kulon', 'cianjur', 'jawa', 'barat.tuntutan', 'penugasan', 'kompleks', 'dinamis', 'prajurit', 'bergerak', 'situasi', 'medan', '.', 'materi', 'gunung', 'hutan', 'bertujuan', 'mempertajam', 'naluri', 'tempur', 'membiasakan', 'prajurit', 'bertindak', 'cepat', 'cuaca', 'ekstrem', 'diharapkan', 'satuan', 'prajurit', 'pelaku', 'latihan', 'standardisasi', 'prajurit', 'kostrad', 'cakra', 'xiv', 'diberangkatkan', 'penugasan', 'roihan', 'dilansir', 'situs', 'resmi', 'tni', 'ad', 'maret', '.', 'baca', 'jenderal', 'angkatan', 'darat', 'mutasi', 'tni', 'namanamanya', 'tahap', 'rawa', 'laut', 'dilaksanakan', 'pantai', 'cileuteuh', 'palampang', 'sukabumi', 'jawa', 'barat', 'pekan', '.', 'latihan', 'upacara', 'penutupan', 'pantai', 'palampang.latihan', 'cakra', 'kostrad', 'digelar', 'kali', 'kali', 'dihelat', '.', 'ribuan', 'prajurit', 'tni', 'mengikuti', 'latihan', 'cakra', 'kostrad', '.', 'berhak', 'brevet', 'cakra', 'berdasarkan', 'petunjuk', 'pelaksanaan', 'panglima', 'kostrad', 'nomor', ':', 'juklak', 'tanggal', 'maret', 'ketentuan', 'pemberian', 'penggunaan', 'brevet', 'cakra', 'personel', 'militer', 'kostrad', '.', 'lihat', ':', 'letkol', 'inf', 'devy', 'kristiono', 'ajudan', 'wapres', 'gibran', 'abd']",nasional
"['jenderal', 'tertinggi', 'zionis', 'sesumbar', 'israel', 'secuil', 'kemampuan', 'serang', 'iran']","['tel', 'aviv', 'panglima', 'militer', 'israel', 'letnan', 'jenderal', 'herzi', 'halevi', 'sesumbar', 'pasukannya', 'kemampuannya', 'serangan', 'iran', 'sabtu', 'pekan', 'lalu.klaim', 'jenderal', 'tertinggi', 'zionis', 'markas', 'militer', 'kirya', 'pertemuan', 'anggota', 'forum', 'staf', 'pasukan', 'pertahanan', 'israel', 'idf.pesan', 'berhubungan', 'peristiwa', 'timur', 'ancaman', 'mengatasinya', 'menyerang', 'kepala', 'staf', 'idf', '.', 'baca', 'cnn', 'jet', 'tempur', 'israel', 'terobos', 'langit', 'iran', 'beda', 'klaim', 'teheran', 'pesan', 'diperkuat', 'signifikan', '.', 'kemampuan', 'halevi.kami', 'menyerang', 'sistem', 'strategis', 'iran', 'berkembang', '.', 'skenario', 'arena', 'imbuh', 'dikutip', 'laman', 'idf', 'senin', '.perdana', 'menteri', 'israel', 'benjamin', 'netanyahu', 'mengeklaim', 'serangan', 'udara', 'iran', 'presisi', 'kuat', '.', 'menurutnya', 'tujuan', 'serangan', 'tercapai', 'melumpuhkan', 'kemampuan', 'produksi', 'rudal', 'teheran', '.', 'berjanji', 'menanggapi', 'serangan', 'iran', 'sabtu', 'menyerang', '.', 'serangan', 'iran', 'presisi', 'kuat', 'mencapai', 'tujuannya', 'netanyahu', 'pidatonya', 'minggu.serangan', 'israel', 'balasan', 'serangan', 'iran', 'oktober', 'teheran', 'menembakkan', 'rudal', 'negara', 'yahudi', 'diklaim', 'rezim', 'zionis', 'misil', 'dicegat', 'sistem', 'pertahanan', 'udara', '.', 'iran', 'menyerang', 'israel', 'ratusan', 'rudal', 'balistik', 'serangan', 'gagal', 'netanyahu', '.', 'menepati', 'janji', '.', 'angkatan', 'udara', 'menyerang', 'iran', 'menghantam', 'kemampuan', 'pertahanan', 'produksi', 'rudal', 'iran', '.', 'lihat', ':', 'israel', 'menginvasi', 'iran', 'berisiko']",internasional
"['senyum', 'tom', 'lembong', 'pakai', 'rompi', 'tahanan', 'kejagung']","['jakarta', 'mantan', 'menteri', 'perdagangan', 'thomas', 'trikasih', 'lembong', 'tom', 'lembong', 'langsung', 'ditahan', 'kejaksaan', 'agung', 'kejagung', 'ditetapkan', 'tersangka', 'dugaan', 'korupsi', 'kegiatan', 'importasi', 'gula', 'kementerian', 'perdagangan', '.', 'mantan', 'cocaptain', 'tim', 'nasional', 'pemenangan', 'anies', 'baswedanmuhaimin', 'iskandar', 'tim', 'amin', 'mengenakan', 'rompi', 'tahanan', 'kejagung.rompi', 'warna', 'merah', 'muda', 'bertuliskan', 'tahanan', 'tindak', 'pidana', 'korupsi', 'kejaksaan', 'agung', 'ri', '.', 'tom', 'kejagung', 'menetapkan', 'direktur', 'pengembangan', 'bisnis', 'pt', 'perusahaan', 'perdagangan', 'indonesia', 'ppi', 'cs', 'tersangka', 'penahanan.penetapan', 'tersangka', 'direktur', 'penyidik', 'jampidsus', 'kejagung', 'ri', 'abdul', 'qohar', 'kejagung', 'jakarta', 'selasa', 'malam', '.', 'pantauan', 'lokasi', 'tersangka', 'cs', 'nomor', 'kondisi', 'tangan', 'terborgol', '.', 'baca', 'profil', 'tom', 'lembong', 'mantan', 'anak', 'buah', 'jokowi', 'tim', 'sukses', 'anies', 'disusul', 'thomas', 'lembong', 'nomor', 'menebar', 'senyum', 'awak', 'media', 'sepatah', '.', 'digelandang', 'mobil', 'tahanan', 'kejagung.sebelumnya', 'tim', 'penyidik', 'jaksa', 'agung', 'muda', 'tindak', 'pidana', 'khusus', 'jampidsus', 'kejagung', 'menetapkan', 'thom', 'lembong', 'cs', 'tersangka', '.', 'langsung', 'direktur', 'penyidik', 'jampidsus', 'kejagung', 'abdul', 'qohar', 'selasa', 'malam', '.', 'baca', 'breaking', 'news', 'tom', 'lembong', 'tersangka', 'impor', 'gula', 'penyidik', 'jaksa', 'agung', 'muda', 'tindak', 'pidana', 'khusus', 'kejaksaan', 'agung', 'ri', 'menetapkan', 'status', 'saksi', 'orang', 'tersangka', 'memenuhi', 'alat', 'bukti', 'bersangkutan', 'tindak', 'pidana', 'korupsi', 'abdul', 'qohar.adapun', 'tersangka', 'ttl', 'menteri', 'perdagangan', 'periode', 'berdasarkan', 'surat', 'penetapan', 'tersangka', 'nomor', 'tapf', ':', 'fd', ':', 'tanggal', 'oktober', '.', 'tersangka', 'nama', 'ds', 'direktur', 'pengembangan', 'bisnis', 'pt', 'ppi', 'berdasarkan', 'surat', 'penetapan', 'tersangka', 'nomor', 'tapf', ':', 'fd', ':', 'tanggal', 'oktober', '.', 'lihat', ':', 'pendidikan', 'tom', 'lembong', 'lulusan', 'harvard', 'tersangka', 'impor', 'gula', 'rca']",nasional
"['anies', 'terkejut', 'tom', 'lembong', 'tersangka', 'korupsi', 'gula', 'proses', 'hukum', 'berjalan', 'transparan']","['jakarta', 'anies', 'baswedan', 'terkejut', 'penetapan', 'tersangka', 'thomas', 'trikasih', 'lembong', 'tom', 'lembong', 'kejaksaan', 'agung', 'dugaan', 'korupsi', 'impor', 'gula', '.', 'tom', 'lembong', 'mantan', 'cocaptain', 'timnas', 'amin', 'tim', 'pemenangan', 'anies', 'baswedanmuhaimin', 'iskandar', 'pilpres', '.kabar', 'amatamat', 'mengejutkan', '.', 'proses', 'hukum', 'dihormati', '.', 'percaya', 'aparat', 'penegak', 'hukum', 'peradilan', 'menjalankan', 'proses', 'transparan', 'adil', 'tulis', 'aniesbaswedan', 'akun', 'sosial', 'media', 'x', 'rabu', '.anies', 'dukungan', 'moral', 'tom', 'lembong', '.', 'berharap', 'penetapan', 'tom', 'berhenti', 'mencintai', 'indonesia.tom', 'berhenti', 'mencintai', 'indonesia', 'rakyatnya', 'dijalani', 'dibuktikan', '.', 'i', 'still', 'have', 'my', 'trust', 'in', 'tom', 'doa', 'dukungan', 'putus', 'ujarnya.kami', 'negeri', 'membuktikan', 'tertulis', 'penjelasan', 'uud', 'valid', 'negara', 'indonesia', 'negara', 'berdasarkan', 'hukum', 'rechtsstaat', 'negara', 'berdasarkan', 'kekuasaan', 'belaka', 'machtstaat', 'sambungnya.anies', 'mengaku', 'bersahabat', 'tom', '.', 'menyebut', 'tom', 'sosok', 'berintegritas', 'memperjuangkan', 'kelas', 'menengah', 'indonesia', 'terhimpit.tom', 'orang', 'lurus', 'tipe', 'orang', 'suka', 'nekoneko', '.', 'karierpanjang', 'dunia', 'usaha', 'kariersingkat', 'pemerintahan', 'disegani', 'lingkup', 'domestik', 'internasional', 'tuturnya.sebelumnya', 'tom', 'lembong', 'ditetapkan', 'tersangka', 'diduga', 'lantaran', 'izin', 'persetujuan', 'impor', 'gula', 'kristal', 'mentah', 'ribu', 'ton', 'pt', 'ap', '.', 'baca', 'detikdetik', 'tom', 'lembong', 'diborgol', 'pakai', 'rompi', 'tahanan', 'kejagung', 'dirdik', 'jampidsus', 'kejagung', 'abdul', 'qohar', 'impor', 'gula', 'bumn', '.', 'tom', 'lembong', 'mengizinkan', 'pt', 'ap', 'impor', '.', 'indonesia', 'kondisi', 'surplus', 'gula.selain', 'direktur', 'pengembangan', 'bisnis', 'pt', 'perusahaan', 'perdagangan', 'indonesia', 'ppi', 'berinisial', 'cs', 'ditetapkan', 'tersangka.penyidik', 'jaksa', 'agung', 'muda', 'tindak', 'pidana', 'khusus', 'kejaksaan', 'agung', 'ri', 'menetapkan', 'status', 'saksi', 'orang', 'tersangka', 'memenuhi', 'alat', 'bukti', 'bersangkutan', 'tindak', 'pidana', 'korupsi', 'abdul', 'qohar', '.', 'lihat', ':', 'tom', 'lembong', 'tersangka', 'korupsi', 'impor', 'gula', 'cak', 'imin', ':', 'sedih', 'abd']",nasional
"['prabowo', 'merangkul', 'orangorang', 'optimistis', 'pesimistis']","['jakarta', 'ketua', 'lingkar', 'nusantara', 'hendarsam', 'marantoko', 'presiden', 'prabowo', 'subianto', 'diharuskan', 'merangkul', 'orangorang', 'optimistis', '.', 'membangun', 'indonesia', 'arah', 'baik.memang', 'membangun', 'pemerintahan', 'membutuhkan', 'orangorang', 'optimis', '.', 'prabowo', 'merangkul', 'orangorang', 'optimis', 'pesimis', 'hendarsam', 'acara', 'rakyat', 'bersuara', 'inews', 'selasa', '.oleh', 'terlepas', 'latar', 'menteri', 'wakil', 'menteri', 'susunan', 'kabinet', 'acara', 'magelang', 'kemarin', 'menyatukan', 'mempertegas', 'depannya', 'tim', '.', 'baca', 'prabowo', 'menaker', 'prioritaskan', 'isu', 'pengangguran', 'penciptaan', 'lapangan', 'kerja', 'prabowo', 'mengundang', 'tergabung', 'kabinet', 'merah', 'putih', 'magelang', 'berkumpul', 'kegiatan', 'ala', 'militer', '.', 'menteri', 'wakil', 'menteri', 'kepala', 'badan', 'presiden', 'wakil', 'presiden', 'berkumpul', 'hari.kita', 'beliau', 'prabowo', 'mempelajari', 'pemerintah', 'reshuffle', 'disebabkan', 'kinerja', 'menterimenteri', 'imamnya', 'hendarsam.menurutnya', 'halhal', 'diterapkan', 'prabowo', 'subianto', '.', 'hendarsam', 'prabowo', 'visi', 'misi', 'anggota', 'kabinet', 'merah', 'putih', '.', 'lihat', ':', 'tekad', 'prabowo', 'berantas', 'korupsi', 'akarnya', 'dukungan', 'rca']",nasional
"['serangan', 'israel', 'iran', 'dianggap', 'gagal', 'alasannya']","['teheran', 'pengguna', 'media', 'sosial', 'bereaksi', 'agresi', 'israel', 'iran', 'mengejek', 'skala', 'serangan', 'memuji', 'kemampuan', 'pertahanan', 'udara', 'iran', 'tangguh.pada', 'sabtu', 'pejabat', 'iran', 'suara', 'terdengar', 'teheran', 'disebabkan', 'aktivasi', 'pertahanan', 'udara', 'iran', 'menargetkan', 'objek', 'musuh', 'wilayah', 'udara', 'provinsi', 'teheran.media', 'israel', 'berusaha', 'membesarbesarkan', 'signifikansi', 'serangan', 'membingkainya', 'operasi', 'berhasil.namun', 'pengguna', 'x', 'menanggapi', 'sarkasme', 'agresi', 'israel', 'memuji', 'pertahanan', 'udara', 'iran', 'kuat', 'efektif', 'menggagalkan', 'agresi', 'israel.serangan', 'israel', 'iran', 'dianggap', 'gagal', 'alasannya', '.', 'iran', 'memiliki', 'sistem', 'pertahanan', 'udara', 'kuatmoshi', 'jurnalis', 'memuji', 'respons', 'pertahanan', 'udara', 'iran', 'agresi', 'israel', 'iran', 'membuktikan', 'memiliki', 'pertahanan', 'udara', 'kuat', '.', 'analis', 'geopolitik', 'berbasis', 'as', 'will', 'schryver', 'menulis', 'x', 'meringkas', 'agresi', 'israel', 'respons', 'pertahanan', 'udara', 'iran', '.', 'mencatat', 'israel', 'meluncurkan', 'rudal', '...', 'laporan', 'bukti', 'video', 'serangan', 'target', 'iran', '.', 'amati', 'terkait', 'serangan', 'israel', 'iran', ':', 'israel', 'meluncurkan', 'rudal', 'jarak', 'aman', 'maksimum', '.', 'iran', 'memasang', 'rudal', 'pertahanan', 'udara', '.', 'laporan', 'bukti', 'video', 'serangan', 'rudal', 'target', 'iran', '.', 'iran', 'mencegat', 'rudal', 'penyerang', 'mengakui', 'berhasil', 'lolos', '.', 'penyedia', 'empirepropaganda', 'mengklaim', 'israel', 'menghancurkan', 'pertahanan', 'udara', 'iran', 'menghancurkan', 'target', 'tuju', 'moshi', 'dilansir', 'press', 'tv', '.', 'kesan', 'moshi', 'israel', 'serangan', 'demonstrasi', 'betapa', 'terbatasnya', 'kemampuan', 'serangan', 'jarak', 'israel', 'betapa', 'tangguhnya', 'pertahanan', 'udara', 'iran', '..', 'kerusakan', 'besardan', 'cohen', 'jurnalis', 'pembuat', 'film', 'berbasis', 'as', 'menggarisbawahi', 'propaganda', 'israel', 'mencoba', 'menjual', 'serangan', 'israel', 'keberhasilan', '.', 'serangan', 'israel', 'iran', 'gagal', 'menyebabkan', 'kerusakan', 'signifikan', 'propaganda', 'israel', 'menjual', 'serangan', 'keberhasilan', '.', 'pertunjukan', 'menyedihkan', 'mencoba', 'menyelamatkan', 'muka', 'mengalami', 'kehancuran', 'lebanon', 'minggu', '.', 'baca', 'iran', 'bantah', 'serangan', 'israel', 'lokasi', '.', 'pangkalan', 'militer', 'as', 'timur', 'ajang', 'balas', 'dendampeneliti', 'sarjana', 'helyeh', 'doutaghi', 'mengeluarkan', 'posting', 'singkat', 'membahas', 'tindakan', 'agresi', 'israel', 'republik', 'islam', '.', 'menggambarkan', 'pangkalan', 'israel', 'as', 'wilayah', 'target', 'sah', '.', 'as', 'israel', 'tindakan', 'perang', 'iran', '.', 'pangkalan', 'as', 'israel', 'wilayah', 'target', 'sah', '.', '.', 'serangan', 'israel', 'tipu', 'muslihatrobert', 'inlakesh', 'pembuat', 'film', 'jurnalis', 'tinggal', 'palestina', 'menyoroti', 'kehebohan', 'media', 'seputar', 'upaya', 'membesarbesarkan', 'skala', 'agresi', 'israel', 'iran', '.', 'serangan', 'israel', 'iran', 'lemah', 'sampaisampai', 'malu', 'media', '.', 'melancarkan', 'serangan', 'tipuan', 'upaya', 'menyelamatkan', 'muka', 'israel', 'membagikan', 'videofoto', '.', 'sulit', 'dipahami', '.', 'lihat', ':', 'netanyahu', 'klaim', 'serangan', 'israel', 'melumpuhkan', 'produksi', 'rudal', 'iran', 'ahm']",internasional
"['rusia', 'iran', 'sukses', 'ladeni', 'serangan', 'pesawat', 'israel', 'f']","['teheran', 'peran', 'rusia', 'kesuksesan', 'iran', 'meladeni', 'serangan', 'udara', 'israel', 'melibatkan', 'pesawat', 'militer', 'jet', 'tempur', 'siluman', 'f', 'adir', 'sabtu', 'hari.mengutip', 'laporan', 'sky', 'news', 'arabia', 'minggu', 'jam', 'operasi', 'israel', 'diluncurkan', 'pejabat', 'rusia', 'iran', 'serangan', 'berbagi', 'informasi', 'intelijen', 'target', 'potensial', 'manuver', 'zionis.peran', 'rusia', 'diungkap', 'sumber', 'berbicara', 'sky', 'news', 'arabia', '.', 'kolaborasi', 'menggarisbawahi', 'komitmen', 'rusia', 'menjaga', 'stabilitas', 'regional', 'membantu', 'teheran', 'pertahanannya', '.', 'iran', 'rusia', 'berkomentar', 'laporan', 'berbagi', 'intelijen', 'tersebut.meskipun', 'mengalami', 'kerusakan', 'instalasi', 'militer', 'provinsi', 'teheran', 'khuzestan', 'ilam', 'mengakibatkan', 'kematian', 'tentara', 'iran', 'otoritas', 'iran', 'melaporkan', 'pertahanan', 'udara', 'mencegat', 'rudal', 'zionis', 'menyerang', '.', 'baca', 'tekateki', 'iran', 'luluh', 'lantak', 'diserang', 'pesawat', 'israel', 'jet', 'siluman', 'f', 'laporan', 'bertentangan', 'muncul', 'gelombang', 'serangan', 'israel', '.', 'sumbersumber', 'barat', 'israel', 'berbeda', 'laporanlaporan', 'iran', 'gelombang', 'serangan', 'terjadi.strategi', 'israel', 'mengandalkan', 'rudal', 'jarak', 'diluncurkan', 'udara', 'ditembakkan', 'posisi', 'wilayah', 'udara', 'iran', 'meminimalkan', 'risiko', 'pesawatpesawat', 'militernya.media', 'zionis', 'melaporkan', 'serangan', 'kemarin', 'melibatkan', 'pesawat', 'militer', 'f', 'f', 'jet', 'tempur', 'siluman', 'f.laporan', 'axios', 'memaparkan', 'israel', 'berkomunikasi', 'langsung', 'iran', 'perantara', 'ketiga', 'serangan', 'diluncurkan', 'mendesak', 'pengekangan', 'mengancam', 'menyerang', 'dahsyat', 'teheran', 'membalas', 'serangan', '.', 'militer', 'zionis', 'membantah', 'laporan', 'tersebut.pada', 'oktober', 'menteri', 'negeri', 'belanda', 'kaspar', 'veldkamp', 'menyerukan', 'deeskalasi', 'percakapan', 'koleganya', 'iran', '.', 'lihat', ':', 'iran', 'incar', 'kapal', 'induk', 'as', 'timur']",internasional
"['wujudkan', 'program', 'swasembada', 'pangan', 'polri', 'rekrut', 'bintara', 'pertanian']","['jakarta', 'kapolri', 'jenderal', 'polisi', 'listyo', 'sigit', 'prabowo', 'langkah', 'mendukung', 'percepatan', 'swasembada', 'pangan', 'program', 'presiden', 'prabowo', 'subianto', '.', 'polri', 'sosialisasi', 'perekrutan', 'bintara', 'kompetensi', 'khusus', 'bakomsus', '.', 'dirancang', 'disusun', 'tindak', 'salah', 'satunya', 'menindaklanjuti', 'program', 'ketahanan', 'pangan', 'diinisiasi', 'as', 'sdm', 'kemarin', 'dipaparkan', 'rencana', 'merekrut', 'bakomsus', 'berasal', 'pertanian', 'kadiv', 'humas', 'polri', 'irjen', 'pol', 'sandi', 'nugroho', 'rabu', '.sandi', 'polri', 'kerja', 'kementerian', 'lembagalembaga', 'pendidikan', 'fokus', 'bidang', 'pertanian', 'ahli', 'gizi', '.', 'baca', 'kapolri', 'siapkan', 'program', 'sukseskan', 'asta', 'cita', 'prabowogibran', 'rencana', 'kick', 'off', 'november', 'disosialisasi', 'desember', 'perekrutan', 'caloncalon', 'terbaik', 'mengawali', 'ketahanan', 'pangan', 'keahlian', 'bidang', 'gizi', '.', 'baca', 'kolaborasi', 'bumn', 'pangan', 'mentan', 'amran', 'optimalkan', 'kemandirian', 'pangan', 'nasional', 'polri', 'merekrut', 'orang', 'bakomsus', 'sekolah', 'inspektur', 'polisi', 'sumber', 'sarjana', 'sipss', '.', 'bertugas', 'membantu', 'ketahanan', 'pangan', '.', 'penyiapan', 'lahan', 'padi', 'tanamantanaman', 'palawija', 'jagung', '.', 'berkolaborasi', 'pemenuhan', 'makan', 'siang', 'gratis', 'sesuai', 'standar', 'gizi', '.', 'dibutuhkan', 'polisipolisi', 'paham', 'berkolaborasi', 'sebaikbaiknya', '.', 'lihat', ':', 'kolaborasi', 'bumn', 'pangan', 'mentan', 'amran', 'optimalkan', 'kemandirian', 'pangan', 'nasional', 'cip']",nasional
"['cagub', 'sulteng', 'ahmad', 'ali', 'targetkan', 'kantongi', 'ribu', 'suara', 'parigi', 'moutong']","['parigi', 'moutong', 'parimo', 'calon', 'gubernur', 'cagub', 'sulawesi', 'sulteng', 'nomor', 'urut', 'ahmad', 'hm', 'ali', 'disambut', 'antusias', 'masyarakat', 'menggelar', 'kampanye', 'dialogis', 'desa', 'siniu', 'kecamatan', 'siniu', 'kabupaten', 'parigi', 'moutong', 'parimo', 'senin', 'malam.baru', 'lokasi', 'kampanye', 'ahmad', 'ali', 'langsung', 'dikerumuni', 'warga', '.', 'ibuibu', 'mendominasi', 'kampanye', 'malam', 'berebut', 'menemui', 'calon', 'gubernur', 'idolanya', '.', 'langsung', 'mengajak', 'suami', 'nilam', 'sari', 'lawira', 'berjoget', 'gemoy', 'goyangan', 'khas', 'ahmad', 'ali', 'mengangkat', 'jari.bapak', 'pidato', 'menang', 'teriak', 'warga.sementara', 'cagub', 'sulteng', 'ahmad', 'ali', 'mengajak', 'simpatisan', 'masyarakat', 'perubahan', 'daerah', 'samasama', 'memperjuangkan', 'harapan', 'memilih', 'calon', 'kepala', 'daerah', 'programnya', 'realistis.kabupaten', 'parigi', 'moutong', 'diyakini', 'basis', 'suara', 'terbesar', 'pasangan', 'calon', 'gubernur', 'wakil', 'gubernur', 'ahmad', 'hm', 'aliabdul', 'karim', 'al', 'jufri', '.', 'daerah', 'daftar', 'pemilih', 'dpt', '.', 'pemilih', 'ahmad', 'ali', 'menargetkan', 'mengamankan', 'ribu', 'suara.kita', 'berkeyakinan', 'perjuangan', '.', 'malam', 'mengajak', 'mari', 'berjuang', 'bersamasama', 'ahmad', 'ali', 'diamini', 'warga.mantan', 'anggota', 'dpr', 'ri', 'periode', 'berkontestasi', 'pilkada', 'sulteng', 'menawarkan', 'program', 'pro', 'rakyat', 'asuransi', 'pertanian', 'perlengkapan', 'sekolah', 'gratis', 'pembiayaan', 'jaminan', 'kesehatan', 'gratis', 'perlindungan', 'sosial', 'pekerja', 'informal', 'perbaikan', 'infrastruktur', 'jalan.dia', 'merealisasikan', 'program', 'mandat', 'masyarakat', 'sulteng', 'pemilihan', 'serentak', 'november', 'mendatang.saya', 'dibiayai', 'pengusaha', 'maju', 'gubernur', 'berhutang', 'pengusaha', 'melayani', 'masyarakat', '.', 'jabatan', 'ladang', 'amal', 'kelak', 'terbaik', 'daerah', 'masyarakat', 'sulteng', '.', 'lihat', ':', 'kolaborasi', 'bumn', 'pangan', 'mentan', 'amran', 'optimalkan', 'kemandirian', 'pangan', 'nasional', 'skr']",nasional
"['sumpah', 'pemuda', 'refleksi', 'pkb', 'partai', 'anak', 'muda']","['muhammad', 'rodli', 'kaelanisekretaris', 'jenderal', 'dkn', 'garda', 'bangsa', 'wakil', 'ketua', 'dpp', 'ikatan', 'pemuda', 'tionghoa', 'indonesiasetiap', 'tanggal', 'oktober', 'memperingati', 'sumpah', 'pemuda', '.', 'sumpah', 'pemuda', 'tonggak', 'sejarah', 'bangsa', 'indonesia', 'semangat', 'persatuan', 'kebangsaan', 'dipelopori', 'anakanak', 'muda', '.', 'momentum', 'puncak', 'gerakangerakan', 'anak', 'muda', 'muncul', 'kebangkitan', 'nasional', 'dipelopori', 'budi', 'utomo.sejak', 'peran', 'anak', 'muda', 'pembaharuan', 'sosial', 'politik', 'dipisahkan', 'dinamika', 'perubahan', 'bangsa', '.', 'era', 'reformasi', 'anakanak', 'muda', 'mahasiswa', 'garda', 'terdepan', 'menuntut', 'perubahan', 'rezim', 'otoritarianisme', 'demokrasi', 'terbuka', '.', 'perjalanan', 'bangsa', 'indonesia', 'diwarnai', 'spirit', 'kepeloporan', 'kaum', 'pemuda.namun', 'sumpah', 'pemuda', 'tantangan', 'dihadapi', 'generasi', 'muda', 'kompleks', '.', 'fenomena', 'bonus', 'demografi', 'dianggap', 'berkah', 'bangsa', 'kenyataannya', 'menyimpan', 'paradoks', '.', 'generasi', 'milenial', 'gen', 'z', 'tumpuan', 'harapan', 'bangsa', 'membawa', 'potensi', 'dihadapkan', 'tantangantantangan', 'serius', '.', 'paradoks', 'bonus', 'demografibonus', 'demografi', 'lonjakan', 'penduduk', 'usia', 'produktif', 'dianggap', 'mendorong', 'pertumbuhan', 'ekonomi', '.', 'momen', 'langka', 'pasalnya', 'negara', 'memiliki', 'kesempatan', 'emas', '.', 'dimana', 'penduduk', 'berusia', 'produktif', 'dibandingkan', 'usia', '.', 'realitasnya', 'bonus', 'demografi', 'menyimpan', 'tantangan', 'serius.tingkat', 'pengangguran', 'kalangan', 'anak', 'muda', '.', 'data', 'badan', 'pusat', 'statistik', 'bps', 'melaporkan', 'pengangguran', 'kalangan', 'anak', 'muda', 'tembus', 'mencapai', 'persen', 'total', 'penduduk', 'usia', 'muda', '.', 'situasi', 'diperparah', 'kerentanan', 'psikologis', 'akibat', 'tekanan', 'sosial', 'ekonomi', 'budaya', 'digital', 'menguat', '.', 'alihalih', 'kelas', 'menengah', 'kuat', 'terjebak', 'kondisi', 'ekonomi', 'stagnan', 'daya', 'beli', 'menurun', 'sikap', 'individualistik', 'menguat', 'aksi', 'kriminalismekekerasan', 'usia', 'mudah', 'parah.gejala', 'diprediksi', 'pembacaan', 'pertumbuhan', 'ekonomi', 'indonesia', 'berjalan', 'melambat', '.', 'dimana', 'angka', 'pertumbuhan', 'ekonomi', 'indonesia', 'diangka', 'bappenas', ':', '.', 'realitas', 'berdampak', 'trend', 'penurunan', 'daya', 'beli', '.', 'plt', 'kepala', 'bps', 'amalia', 'adininggar', 'widyasanti', 'melaporkan', 'september', 'deflasi', 'persen', 'voa', 'indonesia.faktor', 'ekonomi', 'memperparah', 'kerentanan', 'psikologis', 'dihadapi', 'generasi', '.', 'kemenkes', 'merilis', 'persen', 'penduduk', 'indonesia', 'berusia', 'mengalami', 'gangguan', 'kesehatan', 'mental', '.', 'gangguan', 'kesehatan', 'mental', 'dihadapi', 'gen', 'z', 'meningkat', 'mencapai', '.', 'ekonomi', 'pelik', 'dihadapi', 'gen', 'z', 'menguatnya', 'sikap', 'individualistik', 'kalangan', 'mereka.paradoks', 'anak', 'muda', 'menghadapi', 'dunia', 'kerja', 'kompetitif', 'dunia', 'politik', 'pembangunan', 'dikendalikan', 'kekuatan', 'uang', 'pemodal', '.', 'partai', 'kebangkitan', 'bangsa', 'pkb', 'berhasil', 'pergeseran', 'nilai', 'diantisipasi', '.', 'pkb', 'partai', 'konsisten', 'merangkul', 'anak', 'muda', 'fenomena', 'tantangan', 'peluang', 'memperkuat', 'peran', 'generasi', 'muda', 'depan.alih', 'kepemimpinan', ':', 'tanggung', 'generasi', 'peran', 'partai', 'politiktantangan', 'relevan', 'konteks', 'alih', 'kepemimpinan', 'nasional', '.', 'prabowo', 'subianto', 'terpilih', 'presiden', 'ri', 'memiliki', 'tanggung', '.', 'fenomena', 'munculnya', 'anakanak', 'muda', 'mengambil', 'peran', 'pejabat', 'publik', 'sinyal', 'positif', '.', 'konsentrasi', 'partai', 'politik', 'didorong', 'ceruk', 'pemilih', 'muda', 'signifkan', '.', 'partai', 'politik', 'menyadari', 'bangsa', 'tangan', 'anak', 'muda', 'peran', 'dikuatkan', '.', 'lihat', ':', 'prabowo', ':', 'pkb', 'mendukung']",nasional
"['jet', 'tempur', 'siluman', 'f', 'israel', 'wilayah', 'udara', 'yordania', 'serang', 'iran']","['teheran', 'militer', 'zionis', 'israel', 'dilaporkan', 'mengerahkan', 'pesawat', 'jet', 'tempur', 'siluman', 'f', 'adir', 'menyerang', 'iran', 'sabtu', 'hari.beberapa', 'saksi', 'mata', 'yordania', 'mendengar', 'suara', 'pesawat', 'tempur', 'wilayah', 'udara', 'yordania', 'israel', 'serangan', 'iran', 'suriah.pengguna', 'media', 'sosial', 'yordania', 'mengunggah', 'video', 'jet', 'tempur', 'langit', 'disertai', 'komentar', 'milik', 'israel.pemerintah', 'kerajaan', 'yordania', 'bergegas', 'membantah', 'kesaksian', '.', 'mengizinkan', 'israel', 'wilayah', 'udara', 'yordania', 'menyerang', 'iran', 'kemarin', '.', 'baca', 'jet', 'siluman', 'f', 'israel', 'dilaporkan', 'mengebom', 'iran', 'serang', 'sistem', 'rudal', 's', 'tentara', 'tewas', 'sumber', 'militer', 'angkatan', 'darat', 'yordania', ':', 'pesawat', 'militer', 'diizinkan', 'melintasi', 'wilayah', 'udara', 'yordania', 'angkatan', 'bersenjata', 'mengikuti', 'cermat', 'eskalasi', 'militer', 'jam', '.', 'militer', 'kerajaan', 'yordania', ':', 'angkatan', 'udara', 'kerajaan', 'memantau', 'situasi', 'melindungi', 'tanah', 'air', '.', 'sumber', 'militer', 'yordania', 'dikutip', 'media', 'lokal', 'menekankan', 'warganya', 'mengambil', 'informasi', 'sumber', 'resmi', 'mendengarkan', 'rumor', 'berdasar', 'beredar.sementara', 'the', 'jerusalem', 'post', 'melaporkan', 'wilayah', 'udara', 'negara', 'mengacu', 'wilayah', 'udara', 'daratan', 'lautannya', 'angkasa.tidak', 'ketinggian', 'disepakati', 'universal', 'menandai', 'wilayah', 'udara', 'negara', 'angkasa', 'tulis', 'media', 'zionis', 'israel', 'terseut', 'seraya', 'ketinggian', 'kilometer', 'permukaan', 'laut', 'dianggap', 'wilayah', 'udara', 'kedaulatan', 'negara', '.', 'ketinggian', 'angkasa', 'bebas', 'kedaulatan', 'nasional', 'kebebasan', 'aktivitas', 'internasional', 'laporan', '.', 'lihat', ':', 'israel', 'menginvasi', 'iran', 'berisiko']",internasional
"['lembong', 'terjerat', 'hukum', 'perizinan', 'impor', 'surplus', 'gula']","['jakarta', 'thomas', 'trikasih', 'lembong', 'ttl', 'alias', 'tom', 'lembong', 'ditetapkan', 'tersangka', 'kejaksaan', 'agung', 'kejagung', '.', 'kejagung', 'menilai', 'tom', 'lembong', 'perizinan', 'impor', 'indonesia', 'surplus', 'gula.direktur', 'penyidikan', 'jampidsus', 'kejagung', 'abdul', 'qohar', 'surplus', 'gula', 'berdasarkan', 'rapat', 'koordinasi', 'rakor', 'antarkementerian', 'mei', 'salah', 'satunya', 'menyimpulkan', 'indonesia', 'mengalami', 'surplus', 'gula', '.', 'tom', 'lembong', 'izin', 'persetujuan', 'impor', 'gula', 'kristal', 'mentah', 'gkm', 'pt', 'ap', '.', 'ton', '.', 'qohar', 'melanjutkan', 'sesuai', 'keputusan', 'menteri', 'perdagangan', 'peridustrian', 'nomor', 'diperbolehkan', 'impor', 'gula', 'kristal', 'putih', 'gkp', 'bumn.tetapi', 'berdasarkan', 'persujuan', 'impor', 'dikeluarkan', 'tersangka', 'ttl', 'impor', 'gula', 'pt', 'ap', 'qohar.impor', 'gkm', 'rakor', 'intansi', 'terkait', '.', 'impor', 'rekomendasi', 'kementeriankementerian', 'kebutuhan', 'riil', 'gula', 'negeri.bahwa', 'kerugian', 'negara', 'akibat', 'perbuatan', 'importasi', 'gula', 'sesuai', 'ketentuan', 'perundangundangan', 'berlaku', 'negara', 'dirugikan', 'rp', 'miliar', '.', 'lihat', ':', 'gaji', 'tunjangan', 'tom', 'lembong', 'menteri', 'perdagangan', 'ri', 'abd']",nasional
"['mengutuk', 'hamas', 'pemimpin', 'islam', 'bertanggung', 'genosida', 'gaza']","['gaza', 'pemimpin', 'negaranegara', 'islam', 'setahun', 'berwacana', 'berdialektika', 'berbicara', 'kekejaman', 'israel', 'gaza', '.', 'mengutuk', 'mengecam', 'tindakan', 'keji', 'israel', '.', 'bertindak', 'banyak.bosan', 'kutukan', 'kecaman', 'negaranegara', 'islam', 'hamas', 'hamas', 'menyerukan', 'pemimpin', 'arab', 'islam', 'menegakkan', 'tanggung', 'perang', 'genosida', 'gaza', 'pemimpin', 'negaranegara', 'arab', 'islam', 'menegakkan', 'tanggung', 'menyetujui', 'pernyataan', 'kutukan', 'hamas', 'dilansir', 'middle', 'east', 'monitor', '.', 'gerakan', 'mendesak', ':', 'mengambil', 'tindakan', 'menghentikan', 'perang', 'genosida', 'pembersihan', 'etnis', 'dialami', 'rakyat', '.', 'gerakan', 'pernyataan', 'pers', 'diterima', 'quds', 'press', 'penyerbuan', 'rumah', 'sakit', 'martir', 'kamal', 'adwan', 'proyek', 'beit', 'lahia', 'tentara', 'pendudukan', 'teroris', 'kejahatan', 'perang', 'pelanggaran', 'terangterangan', 'hukum', 'internasional', '.', 'baca', 'serangan', 'israel', 'iran', 'dianggap', 'gagal', 'alasannya', 'pemerintah', 'pendudukan', 'zionis', 'perang', 'genosida', 'jalur', 'gaza', 'utara', 'mempedulikan', 'akibat', 'dukungan', 'perlindungan', 'penuh', 'pemerintah', 'as', 'tambahnya.gerakan', 'menekankan', 'pembantaian', 'jalur', 'gaza', 'utara', 'pemboman', 'kriminal', 'difokuskan', 'rumahrumah', 'pembongkaran', 'blokblok', 'perumahan', 'penghuninya', 'desakan', 'zionis', 'kampanye', 'pembersihan', 'etnis', 'dilakukannya', 'jalur', 'gaza', 'utara.hamas', 'menyerukan', 'pemimpin', 'negara', 'arab', 'islam', 'meneguhkan', 'tanggung', 'melindungi', 'rakyat', 'palestina', '.', 'pemimpin', 'islam', 'puas', 'pernyataan', 'kutukan', 'bertindak', 'menghentikan', 'perang', 'genosida', 'pembersihan', 'etnis.hamas', 'mengkritik', ':', 'masyarakat', 'internasional', 'lembagalembaganya', 'bungkam', 'kejahatankejahatan', 'memikul', 'tanggung', 'politik', 'moral', 'kelanjutannya', 'keruntuhan', 'disaksikan', 'dunia', 'sistem', 'nilainilai', 'hukum', 'mengaturnya', 'pelanggaranpelanggaran', 'zionis', 'meluas', '.', 'lihat', ':', 'padang', 'mahsyar', 'dunia', 'palestina', 'dalilnya', 'ahm']",internasional
"['laporan', 'media', 'iran', ':', 'pangkalan', 'militer', 'barat', 'teheran', 'diserang', 'israel']","['teheran', 'kantor', 'berita', 'tasnim', 'iran', 'ledakan', 'dilaporkan', 'kantor', 'pusat', 'militer', 'garda', 'revolusi', 'sebelah', 'barat', 'barat', 'daya', 'teheran.suara', 'terdengar', 'terkait', 'keterlibatan', 'pertahanan', 'udara', 'tentara', 'teheran', 'tanggapan', 'serangan', 'israel', 'laporan', 'mengutip', 'sumber', '.', 'informasi', 'tambahan', 'alasan', 'suara', 'ledakan', 'diumumkan', 'papar', 'sumber', 'itu.loud', 'sirens', 'were', 'heard', 'in', 'sadeghiyeh', 'aryashahr', 'neighborhood', 'in', 'western', 'tehran', 'as', 'israel', 'started', 'its', 'airstrikes', 'a', 'video', 'obtained', 'by', 'iranintlen', 'shows', '.', 'pic.twitter.comvpagculy', 'iran', 'international', 'english', 'iranintlen', 'october', 'laporan', 'kantor', 'berita', 'fars', 'pangkalan', 'militer', 'sebelah', 'barat', 'barat', 'daya', 'kota', 'iran', 'sasaran', 'serangan', 'israel', 'penyelidikan', 'awal.foad', 'izadi', 'profesor', 'madya', 'studi', 'dunia', 'universitas', 'teheran', 'berbicara', 'al', 'jazeera', 'kota', 'iran.dia', 'kota', 'teheran', 'tenang', 'sekarang.sekitar', 'pagi', 'teheran', 'aktivitas', 'gerakan', 'dia.dia', 'kota', 'berfungsi', 'serangan', 'serangan', '.', 'direktur', 'bandara', 'internasional', 'imam', 'khomeini', 'teheran', 'bandara', 'beroperasi', 'sesuai', 'jadwal', 'insiden', 'keamanan', 'dilaporkan', 'laporan', 'rekanrekan', 'al', 'jazeera', 'arabic', '.', 'baca', 'israel', 'luncurkan', 'serangan', 'iran', 'ledakan', 'terdengar', 'teheran', 'lihat', ':', 'hassan', 'nasrallah', 'pemimpin', 'hizbullah', 'keturunan', 'nabi', 'muhammad', 'sya']",internasional
"['retreat', 'mentanwamentan', 'kesan', 'akmil', 'magelang']","['magelang', 'menteri', 'pertanian', 'mentan', 'andi', 'amran', 'sulaiman', 'wakil', 'menteri', 'pertanian', 'wamentan', 'sudaryono', 'kesannya', 'merampungkan', 'retreat', 'kabinet', 'merah', 'putih', '.', 'kompak', 'kabinet', 'merah', 'putih', 'kompak', 'mentan', 'amran', 'meninggalkan', 'kompleks', 'akademi', 'militer', 'akmil', 'magelang', 'jawa', 'minggu', '.amran', 'pelatihan', 'menguatkan', 'kebersamaan', 'pejabat', 'kabinet', 'merah', 'putih', 'memantapkan', 'komitmen', 'mewujudkan', 'citacita', 'bangsa', '.', 'pembekalan', 'komitmen', 'hati', 'penuh', 'integritas', 'kekompakan', 'komando', 'presiden', 'prabowo', 'ujarnya.sepakat', 'mentan', 'amran', 'wamentan', 'sudaryono', 'mengaku', 'bersemangat', 'menjalankan', 'pemerintahan', 'mengabdi', 'kepentingan', 'rakyat', '.', 'salah', 'satunya', 'mewujudkan', 'gagasan', 'swasembada', 'pangan', '.', 'pengarahan', 'presiden', 'benarbenar', 'fokus', 'kompak', '.', 'menyukseskan', 'pemerintahan', 'prabowogibran', '.', 'semangat', 'swasembada', 'swasembada', 'ditawar', 'ucapnya.seperti', 'presiden', 'prabowo', 'subianto', 'mengumpulkan', 'jajaran', 'pejabat', 'kabinet', 'merah', 'putih', 'mengikuti', 'pembekalan', '.', 'kegiatan', 'retreat', 'menekankan', 'kebersamaan', 'disiplin', 'kesatuan', 'visi', 'menteri', 'kabinet', 'merah', 'putih.dalam', 'kesempatan', 'akmil', 'magelang', 'mentan', 'amran', 'wamentan', 'sudaryono', 'berdiskusi', 'serius', 'selasela', 'kegiatan', '.', 'kekompakan', 'kebersamaan', 'punggawa', 'kementerian', 'mengurusi', 'produksi', 'pangan', 'rakyat', 'indonesia', 'kerap', 'kali', 'sorotan', 'menteri', '.', 'menteri', 'wamennya', 'kompak', 'nih', 'pertanian', '.', 'mobil', 'golf', 'car', 'aja', 'barengan', 'celetuk', 'salah', 'menteri', 'kabinet', 'merah', 'putih.di', 'suasana', 'diskusi', 'evaluasi', 'kerja', 'solid', 'mencerminkan', 'keharmonisan', 'upaya', 'membangun', 'sektor', 'pertanian', 'indonesia', '.', 'lihat', ':', 'kolaborasi', 'bumn', 'pangan', 'mentan', 'amran', 'optimalkan', 'kemandirian', 'pangan', 'nasional']",nasional
"['suap', 'mantan', 'pejabat', 'ma', 'cermin', 'bobroknya', 'peradilan']","['jakarta', 'suap', 'perkara', 'kasasi', 'gregorius', 'ronald', 'tannur', 'menjerat', 'mantan', 'pejabat', 'mahkamah', 'agung', 'ma', 'zarof', 'ricar', 'zr', 'membuka', 'tabir', 'praktik', 'mafia', 'markus', 'gentayangan', 'peradilan', 'indonesia.terlebih', 'rumah', 'zr', 'mantan', 'kepala', 'balitbang', 'diklat', 'kumdil', 'ma', 'disita', 'uang', 'bernilai', 'fantastis', 'rp', 'miliar', 'kg', 'emas', '.', 'tersangka', 'diduga', 'menerima', 'gratifikasi', '.', 'baca', 'profil', 'zarof', 'ricar', 'eks', 'pejabat', 'ma', 'tersangka', 'suap', 'ronald', 'tannur', 'barang', 'bukti', 'rp', 'miliar', 'kg', 'emas', 'wakil', 'ketua', 'dewan', 'pembina', 'dpp', 'kongres', 'advokat', 'indonesia', 'kai', 'henry', 'indraguna', 'menilai', 'ditetapkannya', 'zarof', 'ricar', 'tersangka', 'perantara', 'suap', 'ronald', 'tannur', 'mencerminkan', 'bobroknya', 'dunia', 'peradilan', 'indonesia', '.', 'pemerhati', 'hukum', 'temuan', 'uang', 'diduga', 'hasil', 'pengurusan', 'perkara', 'aparat', 'memperjualbelikan', 'vonis', 'hukum', 'mengebiri', 'keadilan', 'korban', 'masyarakat', '.', 'menutup', 'pendalaman', 'penyidikan', 'terkuak', 'aktor', 'praktik', 'suap', 'jualbeli', 'penyelesaian', 'perkara', 'henry', 'indraguna', 'anggota', 'dewan', 'pakar', 'partai', 'golkar', 'senin', '.menurut', 'indonesia', 'darurat', 'korupsi', 'menimbulkan', 'krisis', 'kepercayaan', 'masyarakat', '.', 'dinamika', 'krisis', 'kepercayaan', 'masyarakat', 'hukum', 'indonesia', 'akut', 'doktor', 'hukum', 'uns', 'surakarta', 'universitas', 'borobudur', 'jakarta', 'ini.henry', 'berharap', 'pemerintahan', 'prabowogibran', 'penataan', 'sistem', 'mekanisme', 'peradilan', 'terkelola', 'profesional', 'prinsip', 'transparansi', 'akuntabel', '.', 'kejadian', 'terulang', 'pola', 'rewards', 'punishment', '.', 'diberlakukan', 'hakim', 'panitera', 'asn', 'lingkungan', 'ma', '.', 'lihat', ':', 'gpa', 'kejagung', 'usut', 'tuntas', 'sumber', 'uang', 'rp', 'miliar', 'kg', 'emas', 'eks', 'pejabat', 'ma']",nasional
"['profil', 'mehdi', 'hasan', 'jurnalis', 'muslim', 'diancam', 'dibunuh', 'ryan', 'girdusky', 'acara', 'live']","['london', 'jurnalis', 'muslim', 'mehdi', 'hasan', 'viral', 'dikomentari', 'rasis', 'diancam', 'dibunuh', 'ryan', 'girdusky', 'acara', 'diskusi', 'live', 'cnn', '.', 'cnn', 'komentator', 'sayap', 'kanan', 'ryan', 'girdusky', 'diterima', 'tampil', 'live', 'pernyataan', 'rasis', 'acara', 'cnn', 'newsnight', 'with', 'abby', 'phillip.pada', 'acara', 'utama', 'senin', 'jurnalis', 'muslim', 'mehdi', 'hasan', 'mendukung', 'palestina', 'komentator', 'konservatif', 'ryan', 'girdusky', 'menanggapi', 'harap', 'pager', 'berbunyi', '.', 'komentar', 'girdusky', 'merujuk', 'ribuan', 'ledakan', 'pager', 'lebanon', 'menargetkan', 'warga', 'sipil', 'pejuang', 'hizbullah', '.', 'cnn', 'serangan', 'israel.hasan', 'phillip', 'tamu', 'dibunuh', 'tv', 'live', 'girdusky', 'menanggapi', 'keliru', 'menyamakan', 'dukungan', 'hasan', 'palestina', 'kelompok', 'hamas.itu', 'masuk', 'akal', '.', 'phillip', 'girdusky', '.', 'phillip', 'maaf', 'pemirsa', 'pernyataan', 'girdusky', '.', 'girdusky', 'maaf', 'hasan', 'mendukung', 'hamas', 'klaim', 'dibantah', 'phillip', 'hasan.beberapa', 'menit', 'acara', 'jeda', 'iklan', 'phillip', 'pemirsa', 'hasan', 'komentar', 'diterima', 'girdusky', 'girdusky', 'dikeluarkan', 'acara', 'tersebut.ada', 'batas', 'dilanggar', 'diterima', '.', 'diterima', 'jaringan', '.', 'berdiskusi', '.', 'orangorang', 'sependapat', 'berbicara', '.', 'melewati', 'batas', 'kurangnya', 'kesopanan', 'acara', 'phillip', '.', 'lihat', ':', 'fakta', 'hubungan', 'pangeran', 'william', 'harry', 'keluarga', 'persaingan', 'saudara']",internasional
"['perampasan', 'aset', 'tindak', 'pidana', 'pembuktian', 'terbalik']","['romli', 'atmasasmitasetelah', 'undangundang', 'uu', 'tindak', 'pidana', 'korupsi', 'tipikor', 'uu', 'tindak', 'pidana', 'pencucian', 'uang', 'tppu', 'diundangkan', 'terbukti', 'upaya', 'penegakan', 'hukum', 'pemberantasan', 'korupsi', 'mengalami', 'hambatan', 'pengembalian', 'kerugian', 'negara', 'pemulihan', 'aset', 'tindak', 'pidana', 'maksimal', '.', 'disebabkan', 'kitab', 'undangundang', 'hukum', 'acara', 'pidana', 'kuhap', 'uu', 'tipikor', 'uu', 'tppu', 'aquo', 'diatur', 'rinci', 'hukum', 'materiil', 'hukum', 'formil', 'norma', 'prosedur', 'perampasan', 'aset', 'tipikor', 'dioptimalkan', '.', 'pertimbangan', 'ruu', 'perampasan', 'aset', 'tindak', 'pidana', 'dikemukakan', 'b', 'perkembangan', 'tindak', 'pidana', 'bertujuan', 'keuntungan', 'ekonomis', 'berpotensi', 'merusak', 'tatanan', 'perekonomian', 'nasional', 'mengurangi', 'kemampuan', 'pemerintah', 'indonesia', 'mewujudkan', 'kesejahteraan', 'pengaturan', 'perampasan', 'aset', 'terkait', 'tindak', 'pidana', '.', 'ruu', 'perampasan', 'aset', 'tindak', 'pidana', 'bertujuan', 'menghukum', 'pelakupemilik', 'aset', 'diduga', 'berasal', 'tindak', 'pidana', 'dikemukakan', 'pasal', 'angka', ':', 'perampasan', 'aset', 'tindak', 'pidana', 'perampasan', 'aset', 'upaya', 'paksa', 'negara', 'mengambil', 'alih', 'penguasaan', 'danatau', 'kepemilikan', 'aset', 'tindak', 'pidana', 'berdasarkan', 'putusan', 'pengadilan', 'memperoleh', 'kekuatan', 'hukum', 'didasarkan', 'penghukuman', 'pelakunya', '.', 'baca', 'perampasan', 'aset', 'tindak', 'pidana', 'pola', 'perampasan', 'aset', 'tindak', 'pidana', 'diatur', 'ruu', 'perampasan', 'aset', 'tindak', 'pidana', 'menganut', 'perampasan', 'aset', 'tindak', 'pidana', 'dikenal', 'in', 'rem', 'forfeiutre', 'menganut', 'in', 'personam', 'forefeiture', 'perampasan', 'aset', 'tindak', 'pidana', 'berdasarkan', 'putusan', 'pengadilan', 'berkekuatan', 'hukum', 'menjatuhkan', 'hukuman', 'pelaku', 'tindak', 'pidanapemilik', 'aset', 'tindak', 'pidana', 'dibuktikan', 'asalusul', 'perolehannya', 'sah', '.', 'ruu', 'perampasan', 'aset', 'tindak', 'pidana', 'menganut', 'pendekatan', 'inrem', 'forefeiture', 'arti', 'dijadikan', 'target', 'perampasan', 'aset', 'tindak', 'pidana', 'pelaku', 'tindak', 'pidana', 'menguasai', 'aset', 'tindak', 'pidana', '.', 'perampasan', 'aset', 'inrem', 'forfeiture', 'bertujuan', 'menghukum', 'pelaku', 'tindak', 'pidananya', '.', 'pola', 'pendekatan', 'relatif', 'ruu', 'perampasan', 'aset', 'tindak', 'pidana', 'perubahan', 'mendasar', 'strategi', 'pemberantasan', 'tindak', 'pidana', 'tindak', 'pidana', 'korupsi', 'berhasil', 'dipraktikkan', 'negara', 'anggota', 'uni', 'eropa', 'amerika', 'serikat', '.', 'perubahan', 'mengakibatkan', 'perubahan', 'hukum', 'pidana', 'formil', 'hukum', 'acara', 'perampasan', 'aset', 'tindak', 'pidana', 'perampasan', 'berdasarkan', 'prosedur', 'gugatan', 'keperdataan', 'dilaksanakan', 'jaksa', 'perdatun', 'tata', 'usaha', 'negara', 'jadatun', '.', 'ruu', 'perampasan', 'aset', 'tindak', 'pidana', 'prosedur', 'hukum', 'acara', 'perampasan', 'tahap', ':', 'a', 'penelusuran', 'b', 'penghentian', 'transaksi', 'c', 'pemblokiran', 'd', 'penyitaan', '.', 'perampasan', 'aset', 'pidana', 'berdasarkan', 'putusan', 'pengadilan', 'berkekuatan', 'hukum', 'didasarkan', 'penghukuman', 'pelakunya', '.', 'jaksa', 'pengacara', 'negara', 'wajib', 'dalildalil', 'dasar', 'permohonan', 'wajib', 'membuktikan', 'aset', 'dimohonkan', 'dirampas', 'aset', 'tindak', 'pidana', 'pasal', 'berkeberatan', 'pemohonan', 'jaksa', 'pengacara', 'negara', 'diwajibkan', 'mengajukan', 'upaya', 'hukum', 'perlawanan', '.', 'alat', 'bukti', 'diatur', 'ruu', 'perampasan', 'aset', 'tindak', 'pidana', 'diatur', 'ketentuan', 'alat', 'bukti', 'penyataan', 'affidavit', 'penyedia', 'layanan', 'aset', 'dimohonkan', 'akun', 'benda', 'berwujud', 'saham', '.', 'merujuk', 'ketentuan', 'pasal', 'permohonan', 'perampasan', 'aset', 'tindak', 'pidana', 'menghapuskan', 'kewenangan', 'penuntutan', 'pasal', 'penuntutan', 'tindak', 'pidana', 'objek', 'aset', 'tindak', 'pidana', 'aset', 'tindak', 'pidana', 'dimohonkan', 'dirampas', 'permohonan', 'perampasan', 'aset', 'tindak', 'pidana', 'proses', 'gugatan', 'ditunda', 'putusan', 'pengadilan', 'berkekuatan', 'hukum', 'pelakunya', '.', 'lihat', ':', 'kausa', 'kejahatan', 'viktimisasi']",nasional
"['kapolri', 'terima', 'penghargaan', 'raja', 'malaysia', 'alwi', ':', 'pengakuan', 'prestasi', 'dedikasi']","['jakarta', 'kapolri', 'jenderal', 'polisi', 'listyo', 'sigit', 'prabowo', 'dijadwalkan', 'menerima', 'penghargaan', 'panglima', 'gagah', 'pasukan', 'polis', 'raja', 'malaysia', 'sultan', 'ibrahim', '.', 'penghargaan', 'istana', 'negara', 'malaysia', 'ini.pendiri', 'haidar', 'alwi', 'institute', 'hai', 'r', 'haidar', 'alwi', 'menilai', 'penghargaan', 'bentuk', 'pengakuan', 'negara', 'prestasi', 'dedikasi', 'polri', 'kepemimpinan', 'kapolri', 'jenderal', 'polisi', 'listyo', 'sigit', 'prabowo.baik', 'menjaga', 'keamanan', 'nasional', 'kawasan', 'hubungan', 'kerja', 'antarnegara', 'sahabat', 'polisi', 'diraja', 'malaysia', '.', 'baca', 'perwira', 'polisi', 'berpangkat', 'kompol', 'dimutasi', 'kapolda', 'metro', 'jaya', 'namanamanya', 'prestasi', 'dedikasi', 'polri', 'kepemimpinan', 'kapolri', 'jenderal', 'listyo', 'sigit', 'prabowo', 'diakui', 'dunia', 'menjadikannya', 'layak', 'diganjar', 'penghargaan', 'r', 'haidar', 'alwi', 'rabu', '.haidar', 'mengungkap', 'hasil', 'riset', 'international', 'police', 'science', 'association', 'ipsa', 'berbasis', 'amerika', 'serikat', 'berkolaborasi', 'institute', 'for', 'economic', 'and', 'peace', 'iep', 'terdaftar', 'autralia', '.', 'baca', 'perwira', 'lemdiklat', 'polri', 'dimutasi', 'september', 'kapolres', 'ketua', 'stik', 'laporan', 'bertajuk', 'world', 'internal', 'security', 'and', 'police', 'index', 'wispi', 'ipsa', 'iep', 'mengukur', 'kemampuan', 'kepolisian', 'negara', 'menjaga', 'keamanan', 'ketertiban', 'masyarakat', 'keselamatan', 'anggotanya.hasilnya', 'polri', 'menempati', 'peringkat', 'negara', 'peringkat', 'dibanding', 'posisi', 'negara', '.', 'salah', 'varibel', 'polri', 'terbaik', 'dunia', 'jelasnya.gallup', 'lembaga', 'survei', 'amerika', 'serikat', 'mengakui', 'kinerja', 'positif', 'polri', '.', 'mengukur', 'persepsi', 'masyarakat', 'kinerja', 'kepolisian', 'negara', 'mewawancarai', '.', 'orang', 'dewasa.dari', 'laporan', 'global', 'law', 'and', 'order', 'dirilis', 'gallup', 'polri', 'kepemimpinan', 'kapolri', 'jenderal', 'listyo', 'sigit', 'prabowo', 'masuk', 'polisi', 'kinerja', 'terbaik', 'dunia', 'pungkas', 'r', 'haidar', 'alwi', 'lihat', ':', 'wujudkan', 'program', 'swasembada', 'pangan', 'polri', 'rekrut', 'bintara', 'pertanian', 'cip']",nasional
"['truk', 'tabrak', 'halte', 'israel', 'sopir', 'ditembaki', 'warga', 'yahudi']","['tel', 'aviv', 'orang', 'terluka', 'kondisi', 'kritis', 'ringan', 'truk', 'menabrak', 'halte', 'bus', 'glilot', 'israel', 'minggu', '.', 'orang', 'kondisi', 'kritis', 'sourasky', 'medical', 'center', '.', 'magen', 'david', 'adom', 'paramedis', 'merawat', 'enam', 'orang', 'terluka', 'parah', 'orang', 'terluka', 'sedang.sekitar', 'orang', 'mengalami', 'luka', 'ringan', 'orang', 'menderita', 'kecemasan', 'dirawat', 'medis', 'mda', 'seraya', 'korban', 'orang', 'dewasa.melansir', 'times', 'of', 'israel', 'mda', 'memindahkan', 'korban', 'luka', 'sourasky', 'medical', 'center', 'rabin', 'medical', 'centerbeilinson', 'campus', 'meir', 'medical', 'center', 'laniado', 'hospital', 'shamir', 'medical', 'center', 'sheba', 'medical', 'center.polisi', 'israel', 'warga', 'sipil', 'kejadian', 'menembaki', 'pengemudi', 'truk', '.', 'polisi', 'mencatat', 'pemeriksaan', 'bus', 'berhenti', 'halte', 'bus', 'daerah', 'truk', 'menabrak', 'bus', 'orangorang', 'berdiri', 'halte', 'bus.menurut', 'media', 'israel', 'polisi', 'memperlakukan', 'insiden', 'serangan', 'teror.relawan', 'paramedis', 'united', 'hatzalah', 'aharon', 'yaakobson', 'lokasi', 'kejadian', 'kali', 'lokasi', 'kejadian', 'paramedis', 'yaron', 'schiff', 'eliyah', 'tubul', 'yair', 'porush', 'melaporkan', 'lokasi', 'kejadian', 'sulit', 'truk', 'bus', 'pejalan', 'kaki', '.', 'perawatan', 'lokasi', 'kejadian', 'orang', 'tahap', 'mengalami', 'tingkat', 'cedera', '.', 'baca', 'citra', 'satelit', 'tunjukkan', 'fasilitas', 'senjata', 'nuklir', 'iran', 'target', 'serangan', 'israel', 'diselamatkan', 'petugas', 'pemadam', 'kebakaran', 'kondisi', 'serius', 'terjebak', 'truk', '.', 'anggota', 'unit', 'tanggap', 'krisis', 'psikotrauma', 'united', 'hatzalah', 'bantuan', 'lokasi', 'kejadian', 'orang', 'menderita', 'syok', 'emosional.polisi', 'pasukan', 'dikerahkan', 'daerah', 'pengemudi', 'mengalihkan', 'rute', 'daerah', '.', 'lihat', ':', 'dosa', 'israel', 'indonesia', 'salah', 'satunya', 'lukai', 'tni', 'ahm']",internasional
"['arab', 'saudi', 'buka', 'sindalah', 'pulau', 'mewah', 'neom', 'impian', 'pangeran', 'mohammed', 'bin', 'salman']","['riyadh', 'kota', 'futuristik', 'arab', 'saudi', 'neom', 'mengumumkan', 'pembukaan', 'sindalah', 'minggu', '.', 'sindalah', 'pulau', 'mewah', 'laut', 'merah', 'dilengkapi', 'restoran', 'hotel', 'berlabuh', 'kapal', 'pesiar.neom', 'kota', 'impian', 'digagas', 'putra', 'mahkota', 'arab', 'saudi', 'mohammed', 'bin', 'salman', 'menggambarkan', 'sindalah', 'pameran', 'fisik', 'pertamanya.yang', 'berfungsi', 'pintu', 'gerbang', 'neom', 'laut', 'merah', 'menyediakan', 'akses', 'mudah', 'pemilik', 'kapal', 'pesiar', 'eropa', 'saudi', 'gcc', 'dewan', 'kerjasama', 'teluk', 'otoritas', 'neom', '.', 'baca', 'mohammed', 'bin', 'salman', 'pulau', 'mewah', 'neom', 'rentetan', 'fasilitasnya', 'neom', 'berkomitmen', 'mendukung', 'era', 'pariwisata', 'mewah', 'kerajaan', 'pembukaan', 'sindalah', 'imbuh', 'ceo', 'neom', 'nadhmi', 'alnasr', 'pernyataan', 'dikutip', 'al', 'arabiya', 'english', 'senin', '.', 'destinasi', 'perdana', 'neom', 'menawarkan', 'pengunjung', 'pandangan', 'portofolio', 'destinasi', 'pengembangan', 'luas', 'paparnya.sindalah', 'tersebar', 'lahan', 'seluas', '.', 'meter', 'persegi', 'hektare', 'menerima', '.', 'tamu', 'imbuh', 'pernyataan', 'bos', 'neom.pertama', 'kali', 'diumumkan', 'putra', 'mahkota', 'arab', 'saudi', 'mohammed', 'bin', 'salman', 'desember', 'neom', 'pembukaan', 'sindalah', 'menandai', 'tonggak', 'sejarah', 'menarik', 'kemajuan', 'neom.gelombang', 'tamu', 'undangan', 'disambut', 'sindalah', 'merasakan', 'daya', 'tarik', 'pulau', 'laporan', 'saudi', 'press', 'agency', 'spa.neom', 'mengubah', 'sindalah', 'ide', 'kenyataan', 'hasil', 'upaya', 'kerja', 'keras', '.', 'menandai', 'langkah', 'mewujudkan', 'ambisi', 'pariwisata', 'kerajaan', 'visi', 'saudi', 'kemampuan', 'neom', 'merancang', 'menghadirkan', 'destinasi', 'menarik', 'imbuh', 'pernyataan', 'alnasr', '.', 'lihat', ':', 'who', 'kolaborasi', 'arab', 'saudi', 'inisiatif', 'kartu', 'kesehatan', 'haji', 'mas']",internasional
"['pasukan', 'korea', 'utara', 'tugas', 'usir', 'pasukan', 'ukraina', 'kursk', 'rusia']","['moskow', 'pasukan', 'korea', 'utara', 'dikerahkan', 'rusia', 'beroperasi', 'wilayah', 'perbatasan', 'kursk', 'pasukan', 'ukraina', 'berpijak', '.', 'tugas', 'mengusir', 'pasukan', 'ukraina', 'wilayah', '.', 'sekretaris', 'jenderal', 'nato', 'mark', 'rutte', 'mengonfirmasi', 'pengerahan', 'bermingguminggu', 'berspekulasi', 'menyusul', 'pertemuan', 'pejabat', 'intelijen', 'pertahanan', 'korea', 'selatan', 'senin.kepala', 'nato', 'dilantik', 'pengerahan', 'eskalasi', 'signifikan', 'ekspansi', 'berbahaya', 'perang', 'rusia', 'ukraina.minggu', 'presiden', 'vladimir', 'putin', 'menolak', 'menyangkal', 'pasukan', 'korea', 'utara', 'rusia', 'menyusul', 'laporan', 'pyongyang', 'mengirim', 'ribuan', 'pasukan', 'membantu', 'sekutunya.badan', 'matamata', 'korea', 'selatan', '.', 'tentara', 'korea', 'utara', 'rusia', 'mendorong', 'seoul', 'mengeluarkan', 'teguran', 'diplomatik', 'keras', 'moskow', '.', 'baca', 'cawapres', 'partai', 'republik', 'tegaskan', 'as', 'berperang', 'rusia', 'alasannya', 'intervensi', 'rutte', 'senin', 'menandai', 'kalinya', 'nato', 'resmi', 'mengakui', 'pasukan', 'pyongyang', 'beroperasi', 'rusia', '.', 'korea', 'utara', 'mengirim', 'jutaan', 'amunisi', 'rudal', 'balistik', 'moskow', 'ukraina.sebagai', 'balasannya', 'presiden', 'putin', 'setuju', 'mengirim', 'teknologi', 'militer', 'dukungan', 'membantu', 'korea', 'utara', 'menghindari', 'sanksi', 'internasional', 'rutte', '.', 'kemitraan', 'merusak', 'perdamaian', 'keamanan', 'global.melansir', 'bbc', 'peringatannya', 'pasukan', 'korea', 'utara', 'beroperasi', 'kursk', 'menimbulkan', 'kekhawatiran', 'kota', 'barat', '.', 'bentrokan', 'berlanjut', 'pasukan', 'moskow', 'kyiv', 'pasukan', 'ukraina', 'kali', 'memasuki', 'wilayah', 'operasi', 'kejutan', '.', 'lihat', ':', 'presiden', 'joe', 'biden', 'syarat', 'ukraina', 'menyerang', 'pasukan', 'korea', 'utara', 'ahm']",internasional
"['kisah', 'michiko', 'gadis', 'hiroshima', 'selamat', 'bom', 'nuklir', 'amerika']","['tokyo', 'michiko', 'kodama', 'berusia', 'tujuh', 'memiliki', 'ingatan', 'pagi', 'tanggal', 'agustus', 'hiroshima', 'jepang', '.', 'cerah', '.', '.', 'sekolah', 'duduk', 'meja', 'kelas', 'kilatan', 'putih', 'dahsyat', 'langitlangit', 'runtuh', '.', 'sepotong', 'kaca', 'tersangkut', 'bahu', 'sekeliling', 'orangorang', 'terjebak', 'pecahan', 'puing', 'orang', 'hidup', '.', 'diingatnya', 'klinik', 'sekolah', 'salah', 'guru', 'melepaskan', 'kaca', '.', 'merobek', 'tirai', 'membersihkan', 'luka', '.', 'ayah', '.', 'membaringkan', 'punggungnya', 'berjalan', 'pulang', 'michiko', '.', 'baca', 'truman', 'menyesal', 'membom', 'atom', 'hiroshima', ':', 'persetan', 'michiko', 'hibakusha', 'orang', 'terkena', 'bom', 'penyintas', 'bom', 'nuklir', 'dijatuhkan', 'amerika', 'serikat', 'as', 'kota', 'hiroshima', 'nagasaki', 'jepang', '.', 'hibakusha', 'keturunan', 'mengalami', 'pengeboman', '.', 'orang.hampir', 'sembilan', 'dekade', 'peristiwa', 'mengerikan', 'nihon', 'hidankyo', 'organisasi', 'mewakili', 'hibakusha', 'dianugerahi', 'hadiah', 'nobel', 'perdamaian', 'oktober', '.', 'upayanya', 'mencapai', 'dunia', 'bebas', 'senjata', 'nuklir', 'kesaksian', 'saksi', 'senjata', 'nuklir', 'nobel', 'foundation', 'terkait', 'alasan', 'hadiah', 'nobel', 'perdamaian', 'nihon', 'hidankyo.nihon', 'hidankyo', 'didirikan', 'meningkatkan', 'kesadaran', 'publik', 'dunia', 'memamerkan', 'pengalaman', 'hibakusha', 'efek', 'jangka', 'senjata', 'nuklir', '.', 'lihat', ':', 'indonesiajepang', 'perkuat', 'transformasi', 'digital', 'atasi', 'stunting', 'pelayanan', 'kesehatan', 'ibuanak']",internasional
"['ketum', 'partai', 'perindo', 'angela', 'tanoesoedibjo', 'ajak', 'generasi', 'muda', 'pandai', 'bersyukur']","['jakarta', 'ketua', 'partai', 'perindo', 'angela', 'tanoesoedibjo', 'mengajak', 'generasi', 'muda', 'pandai', 'bersyukur', 'membandingkan', 'orang', '.', 'perbandingan', 'lampau.bersyukur', 'modal', 'terbesar', 'generasi', 'muda', 'angela', 'audiens', 'acara', 'm', 'blok', 'jakarta', 'selatan', 'senin', '.', 'baca', 'dorong', 'dialog', 'pemerintahgenerasi', 'muda', 'angela', 'tanoesoedibjo', ':', 'kebijakan', 'berpihak', 'angela', 'menilai', 'syukur', 'membandingkan', 'orang', '.', 'bandingkan', 'orang', '.', 'angela', 'saran', 'generasi', 'muda', 'membandingkan', 'lampau', '.', 'membandingkan', 'bandingkanlah', 'pungkasnya', '.', 'lihat', ':', 'dorong', 'dialog', 'pemerintahgenerasi', 'muda', 'angela', 'tanoesoedibjo', ':', 'kebijakan', 'berpihak', 'cip']",nasional
"['serang', 'lebanon', 'jet', 'tempur', 'israel', 'tabrakan']","['tel', 'aviv', 'jet', 'tempur', 'israel', 'menabrak', 'pesawat', 'tempur', 'landasan', 'pacu', 'pangkalan', 'udara', 'ramat', 'david', 'sabtu', 'malam', '.', 'insiden', 'jet', 'tempur', 'f', 'lepas', 'landas', 'pangkalan', 'udara', 'ramat', 'david', 'menjalankan', 'misi', 'serangan', 'lebanon', '.', 'pesawat', 'mengidentifikasi', 'jet', 'tempur', 'melintasi', 'jalurnya.kedua', 'pesawat', 'tempur', 'bermanuver', 'menghindar', 'bertabrakan.rekaman', 'insiden', 'bocor', 'media', 'senin', 'memicu', 'pasukan', 'pertahanan', 'israel', 'idf', 'meluncurkan', 'penyelidikan', '.', 'baca', 'serangan', 'israel', 'diklaim', 'hancurkan', 'sistem', 'rudal', 's', 'iran', 'teheran', 'bahaya', 'menanggapi', 'media', 'perihal', 'insiden', 'idf', 'insiden', 'tabrakan', 'pesawat', 'tempur', 'akibat', 'kesalahan', 'operator', 'menara', 'pengawas', 'lintas', 'udara', '.', 'akibat', 'diterbitkannya', 'persetujuan', 'lepas', 'landas', 'salah', 'menara', 'pengawas', 'lintas', 'udara', 'pesawat', 'landasan', 'pacu', 'idf', 'dikutip', 'times', 'of', 'israel', 'selasa', '.para', 'kru', 'merespons', 'cepat', 'profesional', 'insiden', 'keselamatan', 'serius', 'dihindari', 'idf.pada', 'september', 'tentara', 'tewas', 'tujuh', 'cedera', 'helikopter', 'militer', 'jatuh', 'rafah', 'gaza', 'selatan.penyelidikan', 'menemukan', 'kondisi', 'jarak', 'pandang', 'buruk', 'penyebab', 'kecelakaan', '.', 'lihat', ':', 'dosa', 'israel', 'indonesia', 'salah', 'satunya', 'lukai', 'tni', 'mas']",internasional
"['bendum', 'perindo', 'angkie', 'yudistia', 'terima', 'penghargaan', 'youth', 'humanitarian', 'award']","['jakarta', 'bendahara', 'bendum', 'partai', 'perindo', 'angkie', 'yudistia', 'meraih', 'penghargaan', 'youth', 'humanitarian', 'award', 'digelar', 'human', 'initiative', '.', 'angkie', 'staf', 'khusus', 'presiden', 'ri', 'periode', 'meraih', 'penghargaan', 'kategori', 'individu', '.', 'ditemui', 'penyerahan', 'penghargaan', 'angkie', 'terima', 'kasih', 'penyelenggara', '.', 'raihan', 'penghargaan', 'menurutnya', 'bukti', 'nyata', 'generasi', 'muda', 'berkembang', 'seluasluasnya', 'keyakinan', '.', 'penghargaan', 'karier', 'generasi', 'muda', 'social', 'entrepreneur', 'bukti', 'nyata', 'generasi', 'muda', 'berkembang', 'dampak', 'seluasluasnya', 'angkie', 'hotel', 'bidakara', 'jakarta', 'selasa', '.', 'baca', 'partai', 'perindo', 'angkie', ':', 'rekrut', 'sebanyakbanyaknya', 'penyandang', 'disabilitas', 'penghargaan', 'temanteman', 'disabilitas', 'juta', 'jiwa', 'indonesia', 'disabilitas', 'setara', 'sambungnya', '.', 'kendati', 'angkie', 'berpuas', 'penghargaan', '.', 'harapannya', 'berhenti', 'penjalanan', 'gampang', 'mudah', 'sebentar', 'masyarakat', 'membutuhkan', 'kepanjangan', 'tangan', '.', 'lihat', ':', 'bank', 'jatim', 'sabet', 'platinum', 'awardbest', 'issuer', 'bank', 'atm', 'ajang', 'prima', 'awards', 'rca']",nasional
"['iran', 'israel', 'irak', 'tutup', 'wilayah', 'udara', 'serangan', 'zionis']","['teheran', 'peringatan', 'dikeluarkan', 'pilot', 'otoritas', 'iran', 'menutup', 'wilayah', 'udara', 'negara', 'serangan', 'militer', 'israel.tidak', 'penutupan', 'wilayah', 'udara', 'berlangsung.otoritas', 'israel', 'menutup', 'wilayah', 'udara', 'israel', ':', 'pagi', ':', 'pagi', 'gmt', 'laporan', 'media', 'israel.selain', 'kementerian', 'transportasi', 'irak', 'mengumumkan', 'penangguhan', 'lintas', 'udara', 'bandara', 'negara', 'pemberitahuan', 'lanjut.sebelumnya', 'kantor', 'berita', 'lebanon', 'al', 'mayadeen', 'korespondennya', 'irak', 'melaporkan', 'ledakan', 'pinggiran', 'provinsi', 'diyala', 'salah', 'aldin', '.', 'berharap', 'mendengar', 'militer', 'israel', 'jam', 'terkait', 'spesifik', 'jenis', 'perangkat', 'keras', 'serangan', '.', 'fase', 'serangan', 'serangan', 'laporan', 'jurnalis', 'al', 'jazeera', '.', 'kejelasan', 'dengar', 'tentara', 'israel', 'depannya', '.', 'pahami', 'israel', 'menaikkan', 'status', 'siaga', 'terkait', 'komando', 'front', 'negeri', 'arahan', 'warga', 'negara', '.', 'berubah', 'jam', 'papar', 'laporan', 'itu.militer', 'israel', 'serangan', 'target', 'militer', 'iran', 'kemampuan', 'defensif', 'ofensifnya', 'dimobilisasi', 'sepenuhnya.pemerintah', 'iran', 'berkomentar', 'rinci', 'ledakan', 'dilaporkan', 'kota', 'iran', 'teheran', '.', 'lihat', ':', 'iran', 'incar', 'kapal', 'induk', 'as', 'timur']",internasional
"['mahfud', 'md', 'sarankan', 'ma', 'kejagung', 'bentuk', 'tim', 'gabungan', 'bongkar', 'mafia', 'peradilan']","['jakarta', 'mantan', 'menko', 'polhukam', 'guru', 'hukum', 'tata', 'negara', 'mahfud', 'md', 'pemerintah', 'campur', 'pengadilan', 'wilayah', 'kewenangan', 'yudikatif', '.', 'munculnya', 'penangkapan', 'mantan', 'pejabat', 'mahkamah', 'agung', 'ma', 'zarof', 'ricar', 'uang', 'tunai', 'emas', 'mencapai', 'rp', 'triliun', 'diduga', 'bentuk', 'mafia', 'peradilan', 'pemerintah', 'masuk', 'membenahi', 'sengkarut', 'hukum', 'area', 'peradilan.selain', 'momentum', 'ma', 'memiliki', 'ketua', 'bersihbersih', '.', 'penangkapan', 'kejaksaan', 'agung', 'mantan', 'pejabat', 'ma', 'tersebut.mahfud', 'berpendapat', 'ketua', 'ma', 'sunarto', 'sosok', 'sepengetahuannya', 'bersih', '.', 'mahfud', 'menyarankan', 'mahkamah', 'agung', 'kejaksaan', 'agung', 'membentuk', 'tim', 'gabungan', 'mengembangkan', 'tindak', 'kejahatan', 'zarof', 'ricar', 'pintu', 'masuk', 'membongkat', 'mafia', 'peradilan', '.', 'presiden', 'prabowo', 'janjinya', 'publik', 'memberantas', 'korupsi.toh', 'sebentar', 'narto', 'pensiun', 'coba', 'berbuat', 'republik', 'dibentuk', 'tim', 'dibuka', 'suruh', 'jaksa', 'agung', 'bentuk', 'tim', 'gabungan', 'mahkamah', 'agung', 'kejaksaan', 'agung', 'membuka', 'membongkar', 'pro', 'justicianya', 'biar', 'jaksa', 'agung', 'mahfud', 'podcast', 'terang', 'mahfud', 'md', 'kanal', 'youtube', 'mahfud', 'md', 'official', 'rabu', '.terkait', 'peran', 'komisi', 'yudisial', 'ky', 'badan', 'pengawasan', 'bawas', 'ma', 'mahfud', 'efektif', 'ronald', 'tannur', '.', 'putusan', 'hakim', 'diprotes', 'ky', 'membentuk', 'tim', 'mengeluhkan', 'ma', 'sungguhsungguh', 'menyelidiki', 'itu.bahkan', 'telpon', 'bertelponan', 'orang', 'ky.', 'iya', 'nggak', 'sungguhsungguh', 'kayak', 'bersungguhsungguh', 'mahkamah', 'agung', 'ma', 'tertangkap', 'mahfud.itupun', 'mahfud', 'analisisnya', 'aneh', 'putusan', 'dihukum', 'ditangkap', '.', 'memiliki', 'bukti', 'mahfud', 'berpendapat', 'diatur', 'kejagung', 'sehari', 'ditangkap', 'ma', 'mengumumkan', 'malu', '.', 'baca', 'penampakan', 'uang', 'rp', 'miliar', 'kg', 'emas', 'batangan', 'disita', 'eks', 'pejabat', 'ma', 'mahfud', 'wajar', 'apaapa', 'ditangkap', 'ma', 'mengeluarkan', 'pengumuman', '.', 'mahfud', 'ma', 'mafiamafia', 'peradilan', 'sarang', 'permainan', 'mengaturatur', 'perkara', '.', 'lihat', ':', 'mahfud', 'md', 'apresiasi', 'ketegasan', 'mentan', 'amran', 'copot', 'pegawai', 'terima', 'suap']",nasional
"['mengizinkan', 'israel', 'wilayah', 'udara', 'irak', 'menyerang', 'iran']","['baghdad', 'israel', 'wilayah', 'udara', 'irak', 'melancarkan', 'serangan', 'udara', 'iran', '.', 'pemerintah', 'irak', 'mengizinkannya', 'militer', 'amerika', 'serikat', 'as', 'membantu', 'israel', 'wilayah', '.', 'kelompok', 'perlawanan', 'antiteror', 'irak', 'kataib', 'hezbollah', 'memperingatkan', 'amerika', 'serikat', 'membayar', 'harga', 'membuka', 'koridor', 'angkasa', 'rezim', 'zionis', 'serangan', 'udara', 'instalasi', 'militer', 'negara', 'tetangga', 'iran.as', 'bertanggung', 'kecerobohannya', 'mengendalikan', 'wilayah', 'udara', 'irak', '.', 'as', 'membayar', 'harga', 'kataib', 'hezbollah', 'brigade', 'hezbollah', 'dilansir', 'press', 'tv', '.', 'pertolongan', 'tuhan', '.', 'zionis', 'terkecuali', 'pernyataan', 'itu.menurut', 'staf', 'angkatan', 'bersenjata', 'iran', 'jet', 'tempur', 'israel', 'wilayah', 'udara', 'dikontrol', 'as', 'irak', 'meluncurkan', 'rudal', 'lokasi', 'militer', 'iran.menteri', 'negeri', 'iran', 'abbas', 'araghchi', 'keterlibatan', 'amerika', 'serikat', 'tindakan', 'agresi', 'israel', 'negara', 'menyediakan', 'peralatan', 'militer', 'wilayah', 'udara', 'rezim', 'serangan', 'udara.kata', 'ib', 'hezbollah', 'mengecam', 'serangan', 'israel', 'iran', 'preseden', 'berbahaya', 'menekankan', 'faktor', 'genting', 'ditangani', '.', 'tantangan', 'menakutkan', 'penggunaan', 'wilayah', 'udara', 'irak', 'melancarkan', 'serangan', 'fasilitas', 'iran', 'berulang', 'kali', 'jam', '.', 'pasukan', 'israel', 'berani', 'menyerang', 'iran', 'berani', 'menyerang', 'irak', 'membayar', 'harga', 'mahal', 'agresi', 'kelompok', 'perlawanan', 'irak', 'pernyataannya.kata', 'ib', 'hezbollah', 'melanjutkan', 'indikasi', 'wilayah', 'udara', 'arab', 'saudi', 'yordania', 'serangan', 'israel', 'iran', '.', 'lihat', ':', 'rusia', 'iran', 'sukses', 'ladeni', 'serangan', 'israel']",internasional
"['iran', 'eksekusi', 'warga', 'as', 'dituduh', 'matamata', 'israel']","['teheran', 'otoritas', 'berwenang', 'iran', 'mengeksekusi', 'mati', 'warga', 'amerika', 'serikat', 'as', 'dituduh', 'matamata', 'zionis', 'israel', '.', 'pengadilan', 'iran', 'jamshid', 'sharmahd', 'pemimpin', 'kelompok', 'teroris', 'tondar', 'berbasis', 'amerika', 'bertahuntahun', 'merencanakan', 'operasi', 'teroris', 'iran', 'perintah', 'tuannya', 'organisasi', 'matamata', 'zionis', 'israel', 'dihukum', 'tindakannya', 'dieksekusi.setelah', 'proses', 'hukum', 'persetujuan', 'keputusan', 'pengadilan', 'mahkamah', 'agung', 'jamshid', 'sharmahd', 'dilaporkan', 'memiliki', 'kewarganegaraan', 'jerman', 'dieksekusi', 'senin', 'pagi', '.', 'baca', 'serangan', 'israel', 'diklaim', 'hancurkan', 'sistem', 'rudal', 's', 'iran', 'teheran', 'bahaya', 'sharmahd', 'dihukum', 'merencanakan', 'serangan', 'teroris', 'pusat', 'perkumpulan', 'keagamaan', 'kota', 'shiraz', 'provinsi', 'fars', 'iran', 'selatan', 'menewaskan', 'orang', 'melukai', 'lainnya.pada', 'april', 'mahkamah', 'agung', 'iran', 'menguatkan', 'hukuman', 'mati', 'sharmahd', 'dijatuhkan', 'februari.berbicara', 'sidang', 'pengadilan', 'pengacara', 'mewakili', 'penggugat', 'sharmahd', 'mengaku', 'bertanggung', 'serangan', 'teroris', 'media', 'miliknya', 'rencana', 'aksi', 'teror.as', 'resmi', 'mendukung', 'kelompok', 'teroris', 'tondar', 'markas', 'kelompok', 'teroris', 'berpusat', 'amerika', 'pengacara', '.', 'as', 'diberitahu', 'berkalikali', 'interpol', 'kelompok', 'teroris', 'tindakan', 'diambil', 'mencegah', 'aksi', 'kelompok', 'didukung.pengacara', 'mewakili', 'penggugat', 'pemerintah', 'as', 'dukungan', 'finansial', 'kelompok', 'teroris', 'membayar', 'uang', 'agen', 'iran.di', 'sidang', 'pengadilan', 'hakim', 'hosseinzadeh', 'terdakwa', 'negeri', 'dipanggil', 'resmi', 'pemerintah', 'otoritas', 'as', 'menanggapi', 'memilih', 'pengacara', '.', 'pengadilan', 'bersidang', 'sesuai', 'ketentuan', 'memeriksa', 'buktibukti', 'putusan', 'imbuhnya', 'dikutip', 'irna', 'selasa', '.ekskusi', 'sharmahd', 'perseteruan', 'iran', 'israel', 'memanas', '.', 'rezim', 'zionis', 'serangan', 'udara', 'iran', 'sabtu', 'pekan', 'respons', 'serangan', 'ratusan', 'rudal', 'teheran', 'oktober', '.', 'lihat', ':', 'hassan', 'nasrallah', 'pemimpin', 'hizbullah', 'keturunan', 'nabi', 'muhammad', 'mas']",internasional
"['legislator', 'muda', 'ntt', 'stevano', 'adranacus', 'kawal', 'rudy', 'soik']","['jakarta', 'anggota', 'komisi', 'iii', 'dpr', 'nusa', 'tenggara', 'timur', 'ntt', 'stevano', 'rizki', 'adranacus', 'mengawal', 'pemberhentian', 'hormat', 'ptdh', 'alias', 'pemecatan', 'ipda', 'rudy', 'soik', 'tuntas', '.', 'stevano', 'warga', 'ntt', 'membutuhkan', 'penegakan', 'hukum', 'adil', 'bermanfaat', 'rakyatnya.hal', 'rapat', 'dengar', 'pendapat', 'rdp', 'jajaran', 'kapolda', 'nusa', 'tenggara', 'timur', 'ntt', 'irjen', 'daniel', 'tahi', 'monang', 'silitonga', 'terkait', 'pemecatan', 'ipda', 'rudy', 'soik', '.', 'penyelidikan', 'bahan', 'bakar', 'minyak', 'bbm', 'ilegal', '.', 'pesan', 'kapolda', 'rekanrekan', 'kapolda', 'backup', 'penuh', 'komisi', 'iii', 'garda', 'terdepan', 'saudarasaudara', 'stevano', 'rdp', 'komisi', 'iii', 'dpr', 'jajaran', 'polda', 'ntt', 'gedung', 'dpr', 'kompleks', 'parlemen', 'jakarta', 'senin', '.', 'baca', 'benny', 'k', 'harman', 'pemecatan', 'ipda', 'rudy', 'soik', 'dibahas', 'bareng', 'kapolri', 'stevano', 'diberitakan', 'media', 'massa', 'polda', 'ntt', 'bertindak', 'sewenangwenang', 'dasar', 'memberhentikan', 'ipda', 'rudy', 'soik', 'memprihatinkan', 'kemunduran', 'penegakan', 'hukum', 'tanah', 'air', 'ntt.meski', 'stevano', 'jajaran', 'polda', 'ntt', 'polisi', 'profesional', '.', 'berharap', 'rdp', 'membongkar', 'terang', 'benderang', 'tuntas', '.', 'berharap', 'forum', 'terhormat', 'fakta', 'perspektif', 'diutarakan', 'terang', 'benderang', 'komisi', 'iii', 'mendudukan', 'permasalahan', 'seutuhutuhnya', 'rakyat', 'indonesia', 'masyarakat', 'ntt', 'penjelasan', 'seutuhutuhnya', 'stevano', '.', 'baca', 'kapolda', 'ntt', 'usap', 'kepala', 'ipda', 'rudy', 'soik', 'dpr', ':', 'anak', 'ayam', 'tangan', 'stevano', 'menyerahkan', 'institusi', 'polri', 'propam', 'memiliki', 'mekanisme', 'internal', 'profesional', 'mengungkap', '.', 'dengar', 'propam', 'polri', 'pimpinan', 'irjen', 'abdul', 'karim', 'profesional', 'ditakuti', '.', 'mengajak', 'temanteman', 'komisi', 'iii', 'mempercayakan', 'propam', 'terselesaikan', 'stevano', '.', 'lihat', ':', 'alasan', 'tunjangan', 'perumahan', 'anggota', 'dpr', ':', 'rumah', 'dinas', 'diklaim', 'bocor', 'tikus', 'rayap']",nasional
"['trump', 'kecam', 'harris', 'asyik', 'berpesta', 'timur', 'membara']","['washington', 'calon', 'presiden', 'partai', 'republik', 'donald', 'trump', 'mengomentari', 'situasi', 'timur', 'rapat', 'michigan.kita', 'berperang', 'berpesta', 'trump', 'merujuk', 'lawannya', 'partai', 'demokrat', 'kamala', 'harris.wakil', 'presiden', 'as', 'mengadakan', 'rapat', 'kampanye', 'houston', 'texas', 'beyonce', 'selebritas', 'lainnya.berbicara', 'rapat', 'traverse', 'city', 'michigan', 'mantan', 'presiden', 'trump', 'mengalihkan', 'perhatiannya', 'perjuangan', 'harris', 'suara', 'populasi', 'arab', 'amerika', 'negara', 'itu.dukungan', 'harris', 'perang', 'israel', 'gaza', 'mengasingkan', 'pemilih', 'arab', 'amerika', 'mendukung', 'presiden', 'biden', 'pemilu', '.kamala', 'benarbenar', 'jatuh', 'bebas', 'populasi', 'arab', 'muslim', 'michigan', '.', 'benarbenar', 'jatuh', 'bebas', 'trump.dia', 'mengirim', 'pekerjaan', 'negeri', 'membawa', 'kejahatan', 'kotakota', 'malam', 'timur', 'kotak', 'api', 'meledak', '.', 'orangorang', 'terbunuh', 'tingkat', 'lihat', '.', 'trump', '.', 'trump', 'berusaha', 'menyoroti', 'kritik', 'diterima', 'harris', 'menyoroti', 'dukungan', 'mantan', 'anggota', 'dpr', 'partai', 'republik', 'liz', 'cheney', 'ayahnya', 'mantan', 'wakil', 'presiden', 'dick', 'cheney', '.', 'muslim', 'mendukung', 'kamala', 'merangkul', 'liz', 'cheney', 'membenci', 'muslim', 'mempercayainya', 'liz', 'cheney', 'pecundang', 'total', 'ayahnya', 'membawa', 'perang', 'kematian', 'bertahuntahun', 'timur', 'papar', 'trump.pernyataan', 'trump', 'merujuk', 'cheney', 'tua', 'salah', 'tokoh', 'berkuasa', 'pemerintahan', 'george', 'w', 'bush', 'melancarkan', 'perang', 'afghanistan', 'irak', 'serangan', 'september', '.peneliti', 'universitas', 'brown', 'korban', 'tewas', 'kolektif', 'perang', 'pasca', 'september', 'mencapai', 'juta', 'jiwa', 'penyakit', 'faktor', 'langsung', '.', 'ayahnya', 'membunuh', 'orang', 'arab', 'manusia', 'bumi', '.', 'mendorong', 'bush', 'pergi', 'timur', 'papar', 'trump', 'dick', 'cheney', '.', 'baca', 'israel', 'serang', 'iran', 'ledakan', 'terdengar', 'teheran', 'lihat', ':', 'iron', 'dome', 'israel', 'jebol', 'hizbullah', 'kemampuan', 'rudal', 'penuh', 'sya']",internasional
"['projo', 'putuskan', 'partai', 'politik', 'kongres']","['jakarta', 'keputusan', 'organisasi', 'pro', 'jokowi', 'projo', 'bertransformasi', 'partai', 'politik', 'ditentukan', 'kongres', 'ketiga', 'digelar', 'desember', '.', 'forum', 'membahas', 'kondisi', 'tantangan', 'terkini', 'transformasi', 'projo', 'partai', 'politik.jadi', 'gini', 'isu', 'transformasi', 'projo', 'dibahas', 'kongres', '.', 'kongres', 'projo', 'kongres', 'ketiga', 'insyaallah', 'dilaksanakan', 'desember', 'bendahara', 'projo', 'panel', 'barus', 'selasa', '.panel', 'kongres', 'mekanisme', 'organisasi', 'rutin', '.', 'kongres', 'forum', 'tertinggi', 'pengambilan', 'keputusan', 'projo', '.', 'forum', 'pengurus', 'projo', 'tingkat', 'daerah', 'pusat', 'membahas', 'isu', 'strategis', 'terkhusus', 'kondisi', 'tantangan', 'terkini', '.', 'baca', 'projo', 'muda', 'tangan', 'dingin', 'jokowi', 'dibutuhkan', 'generasi', 'muda', 'situasi', 'kondisi', 'tantangan', 'objektif', 'kondisinya', 'berbeda', '.', 'berubah', 'organisasi', 'alat', 'perjuangan', 'adaptif', 'disesuaikan', 'kondisi', 'tantangan', 'berubah', 'tuturnya.jadi', 'diharamkan', 'membicarakan', 'transformasi', 'organisasi', '.', 'apaseperti', 'transformasinya', 'dibahas', 'kongres', '.', 'kongres', 'membahas', 'perubahan', 'adart', 'kongres', 'bicara', 'perubahan', 'bentuk', 'organisasi', 'kongres', 'mengangkat', 'kepemimpinan', 'kepengurusan', 'kongres', 'membicarakan', 'perubahanperubahan', 'strategi', 'taktik', 'organisasi', 'imbuhnya', '.', 'baca', 'perwira', 'polisi', 'berpangkat', 'kompol', 'dimutasi', 'kapolda', 'metro', 'jaya', 'namanamanya', 'panel', 'transformasi', 'projo', 'partai', 'politik', 'kesepakatan', 'anggota', 'organisasi', 'indonesia', '.', 'mempertimbangkan', 'aspirasi', 'rakyat', 'mengubah', 'projo', 'partai.mengenai', 'projo', 'partai', 'kehendak', 'rakyat', '.', 'bilang', 'kehendak', 'rakyat', 'penguruspengurus', 'projo', 'daerah', 'bertindak', 'berpikirnya', 'dipengaruhi', 'kehendak', 'rakyat', 'tuturnyapanel', 'projo', 'menjemput', 'takdir', '.', 'rakyat', 'sambungnya', 'projo', 'partai', 'politik', '.', 'komitmen', 'projo', 'mengawal', 'pemerintahan', 'prabowo', 'gibran', 'solid', 'sukses', '.', 'garis', 'membawa', 'indonesia', 'citacita', 'indonesia', 'emas', 'ucapnya.nah', 'organisasinya', 'bentuknya', 'didiskusikan', 'kongres', 'desember', '.', 'kongres', 'iii', 'desember', 'jakarta', 'solo', 'panel', '.', 'lihat', ':', 'projo', 'deklarasi', 'dukung', 'ridwan', 'kamilsuswono', 'pilkada', 'jakarta', 'cip']",nasional
"['israel', 'serang', 'iran', 'arab', 'saudi', 'marah']","['teheran', 'arab', 'saudi', 'mengutuk', 'serangan', 'israel', 'iran', 'pelanggaran', 'kedaulatan', 'negara', 'pelanggaran', 'hukum', 'norma', 'internasional', '.', 'kerajaan', 'arab', 'saudi', 'posisi', 'penolakannya', 'eskalasi', 'berlanjut', 'kawasan', 'perluasan', 'konflik', 'mengancam', 'keamanan', 'stabilitas', 'negara', 'masyarakat', 'kawasan', 'kementerian', 'negeri', 'saudi', 'pernyataan', 'dilansir', 'al', 'jazeera', '.', 'riyadh', 'mendesak', 'menahan', 'sepenuhnya', 'mengurangi', 'eskalasi', 'memperingatkan', 'konsekuensi', 'konflik', 'militer', 'berlanjut', 'kawasan', 'tersebut.hal', 'militer', 'israel', 'serangan', 'udara', 'iran', 'sabtu', 'menghantam', 'pangkalan', 'militer', 'lokasi', 'rudal', 'sistem', 'wilayah', '.', 'baca', 'as', 'peringatkan', 'iran', 'balas', 'serangan', 'israel', 'terbaru', 'kerajaan', 'saudi', 'menyerukan', 'masyarakat', 'internasional', 'pihakpihak', 'berpengaruh', 'aktif', 'menjalankan', 'peran', 'tanggung', 'mengurangi', 'eskalasi', 'konflik', 'kawasan', '.', 'kementerian', 'negeri', 'malaysia', 'merilis', 'pernyataan', 'tanggapan', 'serangan', 'israel', 'semalam', 'lokasi', 'iran', 'menyebut', 'serangan', 'pelanggaran', 'hukum', 'internasional', 'serius', 'merusak', 'keamanan', 'regional', '.', 'malaysia', 'menyerukan', 'penghentian', 'permusuhan', 'siklus', 'kekerasan', 'pernyataan', 'tersebut.kementerian', 'negeri', 'serangan', 'israel', 'berlanjut', 'negaranegara', 'timur', 'membawa', 'kawasan', 'ambang', 'perang', 'luas', '.', 'lihat', ':', 'netanyahu', 'berdamai', 'negaranegara', 'arab', 'ahm']",internasional
"['menteri', 'keuangan', 'israel', 'qatar', 'musuh']","['tel', 'aviv', 'menteri', 'keuangan', 'israel', 'bezalel', 'smotrich', 'menyerang', 'negara', 'qatar', 'partisipasinya', 'berkelanjutan', 'negosiasi', 'pengembalian', 'sandera', 'kesalahan', 'serius', '.', 'menggambarkan', 'qatar', 'negara', 'musuh', '.smotrich', 'dianggap', 'berhaluan', 'kanan', 'ekstrem', 'penyesalannya', 'mendalam', 'perintah', 'perdana', 'menteri', 'benjamin', 'netanyahu', 'mengirim', 'kepala', 'mossad', 'david', 'barnea', 'qatar', 'berpartisipasi', 'negosiasi.mengapa', 'menteri', 'keuangan', 'israel', 'qatar', 'musuh', '.', 'qatar', 'mendukung', 'hamas', 'qatar', 'negara', 'musuh', 'mendukung', 'hamas', 'mendukung', 'posisinya', 'negosiasi', 'tujuannya', 'mencegah', 'menghancurkannya', '.', 'qatar', 'memiliki', 'aljazeera', 'merusak', 'citra', 'israel', 'dunia', 'upaya', 'perang', 'eksistensi', 'dilansir', 'middle', 'east', 'monitor', '.', '.', 'perang', 'solusi', 'israel', 'negosiasismotrich', 'menyarankan', 'satusatunya', 'membawa', 'sandera', ':', 'penyerahan', 'hamas', 'kelanjutan', 'tekanan', 'militer', 'pejuang', 'heroik', 'utara', 'jalur', 'gaza', '.', 'qatar', 'diserang', 'kelompok', 'sayap', 'kanan', 'ekstrem', 'israel', 'dipimpin', 'netanyahu', 'menteri', 'smotrich', 'ekstremis', 'barat', 'menekan', 'qatar', 'membebaskan', 'sandera', 'januari', '.', 'baca', 'israel', 'serang', 'iran', 'perbandingan', 'kekuatan', 'militer', 'negara', 'berperang', '.', 'politikus', 'sayap', 'kanan', 'israel', 'memusuhu', 'qatarpemerintah', 'qatar', 'mengomentari', 'pernyataan', 'smotrich', 'doha', 'mengecam', 'pernyataan', 'kelompok', 'sayap', 'kanan', 'dipimpin', 'netanyahu.pernyataan', 'menteri', 'keuangan', 'israel', 'muncul', 'sehari', 'pengumuman', 'keberangkatan', 'barnea', 'qatar', 'minggu', 'membahas', 'perundingan', 'tawanan', 'gaza.qatar', 'memainkan', 'peran', 'upaya', 'mediasi', 'menghentikan', 'agresi', 'israel', 'jalur', 'gaza', 'meluncurkan', 'perundingan', 'tahanan', '.', 'november', 'qatar', 'mencapai', 'kesepakatan', 'ratusan', 'tahanan', 'dipertukarkan', 'belah', '.', 'lihat', ':', 'profil', 'mehdi', 'hasan', 'jurnalis', 'muslim', 'diancam', 'dibunuh', 'ryan', 'girdusky', 'acara', 'live', 'ahm']",internasional
"['cawapres', 'partai', 'republik', 'tegaskan', 'as', 'berperang', 'rusia', 'alasannya']","['washington', 'as', 'berperang', 'rusia', 'mencari', 'perang', '.', 'calon', 'wakil', 'presiden', 'partai', 'republik', 'j.d', '.', 'vance', 'mencap', 'presiden', 'vladimir', 'putin', 'musuh', 'amerika.senator', 'ohio', 'penampilannya', 'acara', 'meet', 'the', 'press', 'nbc', 'minggu', 'pemimpin', 'rusia', 'sekutu', 'musuh', '.', 'putin', 'musuh', 'pesaing', 'washington', 'cerdas', 'diplomasi', 'vance.hanya', 'menyukai', 'terlibat', 'percakapan', 'sarannya', 'dilansir', 'rt.pembawa', 'acara', 'kristen', 'welker', 'mendesaknya', 'langsung', 'menyebut', 'putin', 'musuh.kami', 'berperang', 'dengannya', '.', 'berperang', 'rusia', 'pimpinan', 'vladimir', 'putin', 'senator', '.', 'pikir', 'mencoba', 'mencari', 'jalan', 'damai', '.', 'baca', 'mengizinkan', 'israel', 'wilayah', 'udara', 'irak', 'menyerang', 'iran', 'logika', 'berlaku', 'tiongkok', 'vance', 'seraya', 'menganggapnya', 'ancaman', 'kepentingan', 'amerika', 'rusia', '.', 'as', 'suka', 'berbicara', 'pesaingnya', 'konflik', 'ukraina', 'penyelesaiannya', 'negosiasi', 'senator', 'tersebut.ketika', 'mantan', 'presiden', 'donald', 'trump', 'mengeluarkan', 'as', 'nato', 'vance', 'melakukannya', '.', 'calon', 'wakil', 'presidennya', 'menjabat', 'negara', 'menghormati', 'komitmennya', 'organisasi', 'blok', 'klien', 'kesejahteraan', 'aliansi', 'nyata', '.', 'vance', 'merujuk', 'kritik', 'trump', 'kurangnya', 'anggaran', 'pertahanan', 'negaranegara', 'anggotanya', 'eropa.moskow', 'mengidentifikasi', 'perluasan', 'nato', 'eropa', 'ancaman', 'keamanan', 'nasionalnya', 'alasan', 'utama', 'memburuknya', 'hubungan', 'barat', '.', 'lihat', ':', 'rusia', 'iran', 'sukses', 'ladeni', 'serangan', 'israel']",internasional
"['menolak', 'hasil', 'pemilu', 'georgia', 'dugaan', 'campur', 'tangan', 'rusia']","['moskow', 'hasil', 'pemilu', 'georgia', 'penolakan', '.', 'menyikapi', 'hasil', 'diduga', 'penuh', 'kecurangan', 'ribuan', 'orang', 'berunjuk', 'gedung', 'parlemen', 'georgia', 'tbilisi', 'senin', '.aksi', 'protes', 'partai', 'berkuasa', 'negara', 'georgian', 'dream', 'pemenang', 'pemilihan', '.', 'partai', 'oposisi', 'didukung', 'negaranegara', 'barat', 'menyerukan', 'penyelidikan', 'hasil', 'pemilihan', 'dituding', 'menyimpan', 'kecurangan.reuters', 'melaporkan', 'georgian', 'dream', 'memperoleh', 'suara', '.', 'kalangan', 'partai', 'oposisi', 'memprotes', 'hasil', 'laporan', 'pelanggaran', 'signifikan.kenapa', 'menolak', 'hasil', 'pemilu', 'georgiasalah', 'penolakan', 'hasil', 'pemilu', 'georgia', 'presiden', 'georgia', 'probarat', 'salome', 'zourabichvili', '.', 'mengumumkan', 'mengakui', 'hasil', 'pemilihan', 'parlemen', 'barubaru', 'menuding', 'campur', 'tangan', 'rusia', 'bertujuan', 'mengonsolidasikan', 'pengaruhnya', 'georgia.berbicara', 'istana', 'kepresidenan', 'zourabichvili', 'mengutuk', 'proses', 'pemilu', '.', 'menggambarkannya', 'perang', 'hibrida', 'menyebutnya', 'strategi', 'rusia', 'memperluas', 'jangkauannya', 'politik', 'georgia.zourabichvili', 'menyerukan', 'warga', 'georgia', 'turun', 'jalan', 'berunjuk', 'pusat', 'kota', 'tbilisi', '.', 'masyarakat', 'mendukung', 'penuh', 'keputusannya', 'mengumumkan', 'dunia', 'georgia', 'mengakui', 'pemilu', 'ini.sebelum', 'hasil', 'pemilu', 'warga', 'georgia', 'memandang', 'pemungutan', 'suara', 'berstatus', 'referendum', 'menentukan', 'jalan', 'hubungan', 'negaranya', 'rusia', 'uni', 'eropa', '.', 'lihat', ':', 'putin', 'harap', 'nato', 'mendengar', 'peringatannya', 'risiko', 'serangan', 'rudal', 'jarak', 'ukraina']",internasional
"['iran', 'aktivitas', 'pertahanan', 'sebabkan', 'suara', 'terdengar', 'teheran']","['teheran', 'kantor', 'berita', 'resmi', 'iran', 'irna', 'mengutip', 'sumber', 'keamanan', 'suara', 'terdengar', 'kota', 'disebabkan', 'aktivitas', 'pertahanan', 'teheran', 'pertahanan', 'udara', 'berhasil', 'insiden', 'ini.dalam', 'unggahan', 'telegram', 'terpisah', 'kantor', 'berita', 'laporan', 'insiden', 'bantuan', '.', 'ditambahkannya', 'situasi', 'bandara', 'internasional', 'mehrabad', 'bandara', 'internasional', 'imam', 'khomeini', 'normal.serangan', 'israel', 'dilaporkan', 'menargetkan', 'lokasi', 'iran', '.', 'kerusakan', 'akibat', 'serangan', 'zionis', '.', 'dilaporkan', 'berkalikali', 'pekan', 'serangan', 'iran', 'tel', 'aviv', 'tanggal', 'oktober', 'amerika', 'serikat', 'as', 'memperingatkan', 'israel', 'israel', 'memutuskan', 'membalas', 'israel', 'menghindari', 'menyerang', 'fasilitas', 'nuklir', 'iran', 'menghindari', 'menyerang', 'fasilitas', 'minyak', 'iran.mengenai', 'dukungan', 'as', 'israel', 'as', 'mendukung', 'keunggulan', 'teknologi', 'militer', 'israel', 'kawasan', 'timur', 'tengah.setiap', 'penjualan', 'senjata', 'as', 'israel', 'israel', 'memiliki', 'keunggulan', 'teknologi', 'negaranegara', 'tetangganya', 'iran.perlu', 'dicatat', 'as', 'menempatkan', 'kelompok', 'penyerang', 'kapal', 'induk', 'wilayah', 'membantu', 'pertahanan', 'warga', 'negara', 'israel', 'wilayah', 'israel.dan', 'pekan', 'as', 'mengerahkan', 'thaad', 'sistem', 'terminal', 'high', 'altitude', 'area', 'defense', 'tentara', 'as', 'israel', 'membantu', 'melindungi', 'israel', 'serangan', 'iran', 'benarbenar', 'asumsinya', 'iran', 'membalas', 'sama.serangan', 'terbaru', 'israel', 'iran', 'memicu', 'serangan', 'balasan', 'selanjutkan', 'teheran', '.', 'baca', 'israel', 'luncurkan', 'serangan', 'iran', 'ledakan', 'terdengar', 'teheran', 'lihat', ':', 'hassan', 'nasrallah', 'pemimpin', 'hizbullah', 'keturunan', 'nabi', 'muhammad', 'sya']",internasional
"['icj', 'afrika', 'selatan', 'sodorkan', 'dokumen', 'halaman', 'bukti', 'genosida', 'israel', 'gaza']","['den', 'haag', 'afrika', 'selatan', 'menyerahkan', 'dokumen', 'halaman', 'bukti', 'genosida', 'israel', 'jalur', 'gaza', 'mahkamah', 'internasional', 'icj.dokumen', 'berisi', 'bukti', 'pemerintah', 'israel', 'melanggar', 'konvensi', 'genosida', 'mempromosikan', 'penghancuran', 'warga', 'palestina', 'tinggal', 'gaza', 'kantor', 'presiden', 'cyril', 'ramaphosa', 'senin.rezim', 'zionis', 'membantah', 'keras', 'genosida', 'jalur', 'gaza', 'palestina', 'bukti', 'kesaksikan', 'kelompok', 'hak', 'asasi', 'manusia', 'ham', 'bermunculan', '.', 'baca', 'mengutuk', 'hamas', 'pemimpin', 'islam', 'bertanggung', 'genosida', 'gaza', 'pejabat', 'pengadilan', 'berpusat', 'den', 'haag', 'senin', 'mengonfirmasi', 'menerima', 'dokumen', 'menolak', 'perincian', 'lanjut.bukti', 'mendasari', 'tindakan', 'genosida', 'israel', 'niat', 'khusus', 'genosida', 'kegagalan', 'israel', 'mencegah', 'hasutan', 'genosida', 'mencegah', 'genosida', 'kegagalannya', 'menghukum', 'menghasut', 'tindakan', 'genosida', 'kantor', 'presiden', 'ramaphosa', 'dikutip', 'afp', 'selasa', '.memorial', 'nama', 'dokumen', 'merinci', 'afrika', 'selatan', 'israel', 'icj', 'dipublikasikan', 'memaparkan', 'bukti', 'halaman', 'teks', '.', 'didukung', 'bukti', 'lampiran', '.', 'halaman', 'imbuh', 'kantor', 'presiden', 'ramaphosa.afrika', 'selatan', 'desember', 'mengajukan', 'icj', 'alasan', 'perang', 'brutal', 'israel', 'gaza', 'melanggar', 'konvensi', 'genosida', 'perserikatan', 'bangsabangsa', 'pbb', 'tuduhan', 'dibantah', 'keras', 'israel.beberapa', 'negara', 'dukungan', 'proses', 'hukum', 'afrika', 'selatan', 'israel', 'spanyol', 'bolivia', 'kolombia', 'meksiko', 'turki', 'chili', 'libya.meskipun', 'putusan', 'icj', 'mengikat', 'hukum', 'pengadilan', 'memiliki', 'konkret', 'menegakkannya.perang', 'brutal', 'israel', 'gaza', 'menewaskan', '.', 'warga', 'palestina', 'warga', 'sipil', 'angka', 'kementerian', 'kesehatan', 'gaza', 'dianggap', 'kredibel', 'pbb.perang', 'dipicu', 'serangan', 'hamas', 'oktober', 'mengakibatkan', 'tewasnya', '.', 'orang', 'israel', 'penghitungan', 'afp', 'berdasarkan', 'angka', 'resmi', 'israel', 'mencakup', 'sandera', 'tewas', 'ditawan.dari', 'sandera', 'ditawan', 'serangan', 'ditahan', 'gaza', 'orang', 'militer', 'israel', 'tewas', '.', 'lihat', ':', 'iron', 'dome', 'israel', 'jebol', 'hizbullah', 'kemampuan', 'rudal', 'penuh', 'mas']",internasional
"['detikdetik', 'penangkapan', 'terpidana', 'gregorius', 'ronald', 'tannur']","['jakarta', 'petugas', 'kejaksaan', 'kejati', 'jawa', 'timur', 'menangkap', 'gregorius', 'ronald', 'tannur', 'terpidana', 'penganiayaan', 'kekasihnya', 'sera', 'afrianti', 'tewas', '.', 'penangkapan', 'kediamannya', 'surabaya', '.', 'kapuspenkum', 'kejagung', 'harli', 'siregar', 'penangkapan', 'terpidana', 'gregrorius', 'ronald', 'tannur', 'berdasarkan', 'putusan', 'mahkamah', 'agung', 'ma', 'nomor', ':', 'kpid', 'tanggal', 'oktober', '.', 'putusan', 'memutus', 'bersalah', 'tindak', 'pidana', 'penganiayaan', 'menyebabkan', 'mati', 'diatur', 'pasal', 'ayat', 'kuhp', 'pidana', 'penjara', 'harli', 'siregar', 'minggu', '.', 'baca', 'kejati', 'jatim', 'tangkap', 'ronald', 'tannur', 'kejagung', ':', 'pelaksanaan', 'putusan', 'ma', 'penangkapan', 'terpidana', 'pakuwon', 'city', 'virginia', 'regency', 'kota', 'surabaya', 'minggu', 'oktober', '.', 'wib', '.', '.', 'wib', 'tim', 'berangkat', 'kantor', 'kediaman', 'terpidana', 'gregorius', 'ronald', 'tannur', '.', 'wib', '.', 'tim', 'masuk', 'kerumah', 'terpidana', 'maksud', 'tujuan', 'kedatangan', 'menjemput', 'rangka', 'pelaksanaan', 'eksekusi', '.', 'bersangkutan', 'didampingi', 'asisten', 'rumah', 'tangga', 'art', '.', 'baca', 'tertunduk', 'lesu', 'penampakan', 'ronald', 'tannur', 'ditangkap', 'surabaya', '.', 'wib', 'terpidana', 'gregorius', 'ronald', 'tannur', 'berhasil', 'dibawa', 'diamankan', 'tim', 'intelijen', 'kejati', 'jatim', 'tim', 'jaksa', 'eksekutor', 'kejari', 'surabaya', 'langsung', 'dibawa', 'kantor', 'kejaksaan', 'jawa', 'timur', '.', '.', 'wib', 'terpidana', 'gregorius', 'ronald', 'tannur', 'kantor', 'kejati', 'jatim', 'pengamanan', 'tim', 'gabungan', 'intelijen', '.', 'upaya', 'penangkapan', 'rangka', 'eksekusi', 'hasil', 'kerja', 'keras', 'tim', 'intelijen', 'monitoring', 'keberadaan', 'terpidana', 'gregorius', 'ronald', 'tannur', 'putusan', 'kasasi', 'mahkamah', 'agung', 'ri', 'nomor', ':', 'kpid', 'tepatnya', 'minggu', 'tanggal', 'oktober', '.', 'wib', 'pelarian', 'terpidana', 'gregrorius', 'ronald', 'tannur', 'surabaya.setelah', 'berhasil', 'ditangkap', 'dibawa', 'kantor', 'kejaksaan', 'jawa', 'timur', 'terpidana', 'gregrorius', 'ronald', 'tannur', 'eksekusi', 'jaksa', 'eksekutor', 'lembaga', 'pemasyarakatan', 'kelas', 'i', 'surabaya', 'medaeng', 'pungkasnya', '.', 'lihat', ':', 'mahfuf', 'md', 'bicara', 'zarof', 'ricar', 'pintu', 'masuk', 'bongkar', 'makelar', 'peradilan', 'cip']",nasional
"['menlu', 'ri', 'sugiono', 'retno', 'marsudi', 'kapten', 'diplomasi']","['jakarta', 'menteri', 'negeri', 'menlu', 'ri', 'sugiono', 'diulas', 'artikel', '.', 'nama', 'menjabat', 'kabinet', 'berbeda.diketahui', 'menlu', 'ri', 'dijabat', 'salah', 'kepercayaan', 'presiden', 'prabowo', 'subianto', 'sugiono', '.', 'pria', 'kelahiran', 'takengon', 'aceh', 'februari', 'dilantik', 'menlu', 'kabinet', 'merah', 'putih', 'oktober', '.beberapa', 'dilantik', 'sugiono', 'langsung', 'terbang', 'rusia', 'menghadiri', 'konferensi', 'tingkat', 'ktt', 'brics', 'plus', 'diselenggarakan', 'oktober', '.', 'menlu', 'ri', 'sugiono', 'ulasannya', ':', '.', 'retno', 'marsudiretno', 'marsudi', '.', 'fotodok', 'sindonewsretno', 'lp', 'marsudi', 'lahir', 'semarang', 'november', '.', 'retno', 'wanita', 'menjabat', 'menlu', 'ri', '.', 'dilantik', 'tanggal', 'oktober', 'presiden', 'joko', 'widodo', 'jokowi', '.', 'retno', 'menlu', 'kabinet', 'kabinet', 'kerja', 'kabinet', 'indonesia', 'maju.sebelum', 'diangkat', 'menlu', 'kabinet', 'kerja', 'presiden', 'jokowi', 'retno', 'duta', 'republik', 'indonesia', 'kerajaan', 'belanda', 'direktur', 'jenderal', 'amerika', 'eropa', 'duta', 'republik', 'indonesia', 'kerajaan', 'norwegia', 'republik', 'islandia', '.', 'baca', 'retno', 'marsudi', 'kapten', 'diplomasi', 'indonesia', 'utusan', 'khusus', 'sekjen', 'pbb', 'dikutip', 'laman', 'resmi', 'kemlu', 'retno', 'lulus', 'universitas', 'gadjah', 'mada', 'yogyakarta', 'jurusan', 'ilmu', 'hubungan', 'internasional', '.', 'retno', 'mengambil', 'program', 'studi', 'undangundang', 'uni', 'eropa', 'haagse', 'hogeschool', 'den', 'haag', 'studi', 'hak', 'asasi', 'manusia', 'universitas', 'oslo.saat', 'rapat', 'komisi', 'i', 'dpr', 'retno', 'berpamitan', 'anggota', 'dewan', 'mitranya', '.', 'terhormat', 'amanah', 'tanggung', 'kapten', 'diplomasi', 'indonesia', '.', 'amanah', 'sebentar', 'selesai', 'ucapnya.sebelum', 'tugas', 'menlu', 'september', 'retno', 'marsudi', 'utusan', 'khusus', 'sekjen', 'pbb', 'isu', 'air', '.', 'penunjukan', 'retno', 'bertujuan', 'menggalang', 'kemitraan', 'upaya', 'memajukan', 'agenda', 'air', 'tindak', 'hasil', 'konferensi', 'air', 'perserikatan', 'bangsabangsa', 'pbb', '.', 'utusan', 'khusus', 'memanfaatkan', 'hasilhasil', 'persiapan', 'proses', 'air', 'global', 'konferensi', 'air', 'pbb', 'sekjen', 'pbb', 'antonio', 'guterres', '..', 'marty', 'natalegawaraden', 'mohammad', 'marty', 'muliana', 'natalegawa', 'dikenal', 'nama', 'marty', 'natalegawa', 'diplomat', '.', 'pria', 'kelahiran', 'bandung', 'maret', 'diangkat', 'menlu', 'kabinet', 'indonesia', 'bersatu', 'ii', '.', 'lihat', ':', 'kemlu', 'diplomasi', 'indonesia', 'diperhitungkan', 'tingkat', 'global']",nasional
"['mentan', 'gandeng', 'perguruan', 'dorong', 'inovasi', 'teknologi', 'pertanian', 'swasembada', 'pangan']","['jakarta', 'kementerian', 'pertanian', 'kementan', 'pimpinan', 'menteri', 'pertanian', 'mentan', 'andi', 'amran', 'sulaiman', 'menjalin', 'kerja', 'kementerian', 'pendidikan', 'sains', 'teknologi', 'dikti', 'saintek', 'mendukung', 'visi', 'presiden', 'prabowo', 'subianto', 'terkait', 'swasembada', 'pangan', '.', 'kolaborasi', 'bertujuan', 'mendorong', 'inovasi', 'teknologi', 'pertanian', 'langkah', 'strategis', 'meningkatkan', 'produksi', 'pangan', 'nasional.mentan', 'amran', 'perguruan', 'memiliki', 'peran', 'strategis', 'pengembangan', 'teknologi', 'inovasi', 'sektor', 'pertanian', '.', 'perguruan', 'berperan', 'kemajuan', 'bangsa', '.', 'kolaborasi', 'mempercepat', 'tercapainya', 'target', 'swasembada', 'pangan', 'diharapkan', 'presiden', 'mentan', 'amran', 'forum', 'diskusi', 'rektor', 'mentan', 'mendikti', 'saintek', 'kantor', 'pusat', 'kementan', 'jakarta', 'selasa', '.', 'kerja', 'kementan', 'kemendikti', 'saintek', 'mencakup', 'inisiatif', 'penelitian', 'pelatihan', 'teknologi', 'terbaru', 'petani', 'pemanfaatan', 'hasil', 'riset', 'perguruan', 'meningkatkan', 'kualitas', 'produksi', '.', 'teknologi', 'pertanian', '.', 'butuh', 'teknologi', 'perguruan', '.', 'bergantung', 'negara', '.', 'orangorang', 'terbaik', 'dosen', 'terbaik', 'bantu', 'riset', 'air', 'benih', 'alat', 'mesin', 'pertanian', 'amran.menteri', 'pendidikan', 'sains', 'teknologi', 'mendikti', 'saintek', 'satryo', 'soemantri', 'brodjonegoro', 'mendukung', 'penuh', 'kolaborasi', 'lintas', 'kementerian', '.', 'bersejarah', 'menjalankan', 'amanat', 'presiden', 'kolaborasi', 'antarsektor', '.', 'perguruan', 'dilibatkan', 'terkait', 'pemanfaatan', 'perkembangan', 'teknologi', 'inovasi', 'bidang', 'pertanian', 'satryo.satryo', 'mendorong', 'dosen', 'ahli', 'mahasiswa', 'aktif', 'menyukseskan', 'program', 'strategis', 'kementan', 'menjaga', 'ketahanan', 'pangan', '.', 'dikti', 'saintek', 'keleluasan', 'dosen', 'mahasiswa', 'program', 'swasembada', 'pangan', 'kemajuan', 'pertanian', 'indonesia', 'meningkatkan', 'keahlian', '.', 'peneliti', 'hasilkan', 'inovasi', 'mahasiswa', 'pertanian', 'didorong', 'petani', 'milenial', 'tuturnya.dalam', 'kesempatan', 'mentan', 'amran', 'transformasi', 'pertanian', 'tradisional', 'pertanian', 'modern', 'menyukseskan', 'program', 'strategis', 'mencapai', 'swasembada', 'pangan', 'indonesia', '.', 'sinkronkan', 'sumber', 'daya', 'alam', 'generasi', 'muda', 'teknologi', '.', 'indonesia', 'lumbung', 'pangan', 'dunia', '.', 'lihat', ':', 'kampanye', 'ampibabo', 'cagub', 'sulteng', 'ahmad', 'ali', 'pastikan', 'petani', 'merugi', 'ars']",nasional
"['terungkap', 'tom', 'lembong', 'kali', 'diperiksa', 'tersangka', 'impor', 'gula']","['jakarta', 'kejaksaan', 'agung', 'kejagung', 'menetapkan', 'mantan', 'menteri', 'perdagangan', 'mendag', 'periode', 'thomas', 'trikasih', 'lembong', 'ttl', 'tersangka', 'dugaan', 'korupsi', 'importir', 'gula', 'kementerian', 'perdagangan', '.', 'ditetapkan', 'tersangka', 'tom', 'lembong', 'kali', 'diperiksa', 'saksi', '.', 'terkait', 'pemeriksaan', 'bersangkutan', 'kurun', 'kali', 'diperiksa', 'saksi', 'kapuspenkum', 'kejagung', 'harli', 'siregar', 'rabu', '.harli', 'penyidik', 'gelar', 'perkara', 'memeriksa', 'tom', 'lembong', 'kemarin', '.', 'hasil', 'gelar', 'perkara', 'penyidik', 'kejagung', 'menetapkan', 'tom', 'lembong', 'tersangka', '.', 'baca', 'fakta', 'tom', 'lembong', 'tersangka', 'impor', 'gula', 'ditahan', 'kejagung', 'pemeriksaan', 'saksi', 'penyidik', 'ekspose', 'perkara', '.', 'menetapkan', 'bersangkutan', 'tersangka', '.', 'penyidik', 'kewenangannya', 'rangka', 'penahanan', 'tersangka', 'ttl', 'cs', 'dia.sebelumnya', 'direktur', 'penyidikan', 'jampidsus', 'kejagung', 'abdul', 'qohar', 'kronologis', 'berdasarkan', 'rapat', 'koordinasi', 'antarkementerian', 'tepatnya', 'mei', 'disimpulkan', 'indonesia', 'mengalami', 'surplus', 'gula', 'membutuhkan', 'impor', 'gula', '.', 'baca', 'tom', 'lembong', 'tersangka', 'impor', 'gula', 'kejagung', 'klaim', 'politisasi', 'menteri', 'perdagangan', 'saudara', 'ttl', 'izin', 'persetujuan', 'impor', 'gula', 'kristal', 'mentah', '.', 'ton', 'pt', 'ap', 'gula', 'kristal', 'mentah', 'olah', 'gula', 'kristal', 'putih', 'gkp', 'abdul', 'konferensi', 'pers', 'kejagung', 'jakarta', 'selasa', 'oktober', '.sesuai', 'keputusan', 'menteri', 'perdagangan', 'nomor', 'diperbolehkan', 'impor', 'gula', 'kristal', 'putih', 'bumn', 'berdasarkan', 'persetujuan', 'impor', 'dikeluarkan', 'tersangka', 'ttl', 'impor', 'gula', 'pt', 'ap', 'impor', 'gula', 'kristal', 'mentah', 'rapat', 'koordinasi', 'instansi', 'terkait', 'rekomendasi', 'kementerian', 'perindustrian', 'kebutuhan', 'riil', 'gula', 'negeri', 'tambahnya.qohar', 'menyebut', 'desember', 'rapat', 'koordinasi', 'bidang', 'perekonomian', 'dihadiri', 'kementerian', 'menko', 'perekonomian', 'salah', 'pembahasannya', 'indonesia', 'kekurangan', 'gula', 'kristal', 'putih', '.', 'ton', 'rangka', 'stabilisasi', 'harga', 'gula', 'pemenuhan', 'stok', 'gula', 'nasional', '.', 'lihat', ':', 'tom', 'lembong', 'tersangka', 'korupsi', 'impor', 'gula', 'cak', 'imin', ':', 'sedih']",nasional
"['dosa', 'israel', 'indonesia', 'salah', 'satunya', 'melukai', 'prajurit', 'tni', 'unifil']","['beirut', 'riwayat', 'dosa', 'israel', 'indonesia', 'ditelusuri', '.', 'terbaru', 'tentara', 'zionis', 'melukai', 'prajurit', 'tni', 'bertugas', 'pasukan', 'perdamaian', 'unifil.sejak', 'israel', 'mendeklarasikan', 'negara', 'merdeka', 'indonesia', 'mengakui', 'keberadaan', 'negara', 'yahudi', '.', 'indonesia', 'mendukung', 'penuh', 'perjuangan', 'palestina', 'meraih', 'kebebasan', 'menuntut', 'tel', 'aviv', 'angkat', 'kaki', 'wilayah', 'didudukinya.meski', 'terlibat', 'konflik', 'langsung', 'israel', 'dosa', 'indonesia', '.', 'diketahui.dosa', 'israel', 'indonesia', '.', 'menyerang', 'rs', 'indonesia', 'gazarumah', 'sakit', 'indonesia', 'gaza', 'luput', 'seranganserangan', 'israel', '.', 'statusnya', 'fasilitas', 'kesehatan', 'tentara', 'zionis', 'segan', 'menyerang', 'mencapai', 'tujuannya', '.', 'rs', 'indonesia', 'gaza', 'salah', 'fasilitas', 'kesehatan', 'terbesar', '.', 'tujuan', 'pendiriannya', 'bantuan', 'kebutuhan', 'medis', 'warga', 'palestina', 'terdampak', 'konflik.seiring', 'masifnya', 'serangan', 'israel', 'gaza', 'rs', 'indonesia', 'beralih', 'evakuasi', 'warga', 'terluka', '.', 'statusnya', 'aman', 'menyusul', 'serangan', 'udara', 'tentara', 'zionis', 'fasilitas', 'publik', 'rumah', 'sakit', 'jalur', 'gaza.salah', 'contoh', 'terbaru', 'pasien', 'meninggal', 'dunia', 'rumah', 'sakit', 'indonesia', 'gaza', 'utara', 'serangan', 'israel', 'sabtu', '.', 'arab', 'news', 'melaporkan', 'puluhan', 'orang', 'terjebak', 'dalamnya', '.', 'lihat', ':', 'perbandingan', 'kekuatan', 'militer', 'iran', 'vs', 'indonesia']",internasional
"['netanyahu', 'klaim', 'serangan', 'israel', 'lumpuhkan', 'produksi', 'rudal', 'iran']","['tel', 'aviv', 'perdana', 'menteri', 'benjamin', 'netanyahu', 'mengeklaim', 'serangan', 'udara', 'israel', 'iran', 'presisi', 'kuat', '.', 'menurutnya', 'tujuan', 'serangan', 'tercapai', 'melumpuhkan', 'kemampuan', 'produksi', 'rudal', 'teheran.kami', 'berjanji', 'menanggapi', 'serangan', 'iran', 'sabtu', 'menyerang', '.', 'serangan', 'iran', 'presisi', 'kuat', 'mencapai', 'tujuannya', 'netanyahu', 'pidatonya', 'minggu', 'dilansir', 'afp', 'senin', '.', 'baca', 'tekateki', 'iran', 'luluh', 'lantak', 'diserang', 'pesawat', 'israel', 'jet', 'siluman', 'f', 'serangan', 'israel', 'balasan', 'serangan', 'iran', 'oktober', 'teheran', 'menembakkan', 'rudal', 'negara', 'yahudi', 'diklaim', 'rezim', 'zionis', 'misil', 'dicegat', 'sistem', 'pertahanan', 'udara.iran', 'menyerang', 'israel', 'ratusan', 'rudal', 'balistik', 'serangan', 'gagal', 'netanyahu.kami', 'menepati', 'janji', '.', 'angkatan', 'udara', 'menyerang', 'iran', 'menghantam', 'kemampuan', 'pertahanan', 'produksi', 'rudal', 'iran', 'dia.iran', 'mengonfirmasi', 'israel', 'menargetkan', 'lokasi', 'militer', 'kota', 'provinsi', 'serangan', 'menyebabkan', 'kerusakan', 'terbatas', 'menewaskan', 'tentara.republik', 'islam', 'iran', 'sinyal', 'menanggapi', 'serangan', 'israel', 'sabtu', 'dilaporkan', 'melibatkan', 'pesawat', 'jet', 'tempur', 'siluman', 'f.', 'serangan', 'mengantam', 'target', 'kota', 'iran', 'teheran', 'provinsi', 'barat', 'ilam', 'khuzestan.sementara', 'pemimpin', 'tertinggi', 'iran', 'ayatollah', 'ali', 'khamenei', 'perhitungan', 'israel', 'digagalkan', '.', 'serangan', 'iran', 'diremehkan', 'dibesarbesarkan', 'katanya.ketua', 'parlemen', 'iran', 'mohammad', 'baqer', 'qalibaf', 'negaranya', 'berhak', 'membela', 'tanggapannya', 'sesuai', 'persyaratan', '.', 'lihat', ':', 'dosa', 'israel', 'indonesia', 'salah', 'satunya', 'lukai', 'tni']",internasional
"['prabowo', 'menaker', 'prioritaskan', 'isu', 'pengangguran', 'penciptaan', 'lapangan', 'kerja']","['jakarta', 'presiden', 'prabowo', 'subianto', 'menteri', 'ketenagakerjaan', 'menaker', 'yassierli', 'memprioritaskan', 'isu', 'pengangguran', 'penciptaan', 'lapangan', 'kerja', '.', 'yassierli', 'awak', 'media', 'istana', 'kepresidenan', 'jakarta', 'selasa', '.', 'terkait', 'pengangguran', 'concern', 'presiden', 'program', 'strategis', 'bertugas', 'menjadikan', 'peluang', 'menciptakan', 'lapangan', 'kerja', 'yassierli.yassierli', 'langkah', 'revitalisasi', 'balaibali', 'pelatihan', 'kerja', 'blk', '.', 'diharapkan', 'meningkatkan', 'efektivitasnya', 'tenaga', 'kerja', 'terampil', 'kerja', '.', 'baca', 'prabowo', 'putuskan', 'sritex', 'ekspor', 'impor', 'pailit', 'revitalisasi', 'balaibalai', 'latihan', 'kerja', 'meningkatkan', 'efektivitasnya', 'meningkatkan', 'aksesnya', 'meningkatkan', 'skalanya', 'ujarnya.yassierli', 'menargetkan', 'blk', 'berkontribusi', 'mencetak', 'tenaga', 'kerja', 'terampil', 'juta', 'setahun', '.', 'prioritas', 'utamanya', '.', 'berbicara', 'ribuan', 'ya', 'berbicara', 'balaibalai', 'berkontribusi', 'ya', 'hitungan', 'juta', 'ya', 'orang', 'pembekalan', 'pelatihan', 'ya', '.', 'prioritas', 'utama', 'pungkasnya', '.', 'lihat', ':', 'mensesneg', 'pastikan', 'anggota', 'kabinet', 'merah', 'putih', 'pakai', 'mobil', 'dinas', 'maung', 'sewa', 'rca']",nasional
"['hadapi', 'perang', 'dunia', 'iii', 'rusia', 'gelar', 'latihan', 'senjata', 'nuklir', 'darat', 'laut', 'udara']","['moskow', 'presiden', 'rusia', 'vladimir', 'putin', 'meluncurkan', 'latihan', 'kekuatan', 'nuklir', 'negaranya', 'menampilkan', 'peluncuran', 'rudal', 'simulasi', 'serangan', 'balasan', 'meningkatnya', 'ketegangan', 'barat', 'ukraina', '.', 'meningkatnya', 'ketegangan', 'geopolitik', 'munculnya', 'ancaman', 'risiko', 'eksternal', 'memiliki', 'kekuatan', 'strategis', 'modern', 'putin', 'dilansir', 'al', 'jazeera', '.', 'komentar', 'disiarkan', 'televisi', 'menteri', 'pertahanan', 'andrei', 'belousov', 'putin', 'tujuan', 'latihan', 'berlatih', 'melancarkan', 'serangan', 'nuklir', 'besarbesaran', 'pasukan', 'ofensif', 'strategis', 'respons', 'serangan', 'nuklir', 'musuh.latihan', 'melibatkan', 'serangkai', 'nuklir', 'rusia', 'rudal', 'diluncurkan', 'darat', 'laut', 'udara', '.', 'baca', 'sekutu', 'zionis', 'kutuk', 'langkah', 'israel', 'larang', 'unrwa', 'rudal', 'balistik', 'antarbenua', 'yars', 'diluncurkan', 'kosmodrom', 'plesetsk', 'rusia', 'barat', 'laut', 'kamchatka', 'semenanjung', 'timur', '.', 'rudal', 'balistik', 'sineva', 'bulava', 'ditembakkan', 'kapal', 'selam', 'rudal', 'jelajah', 'diluncurkan', 'pesawat', 'pembom', 'strategis', 'kementerian', 'pertahanan.latihan', 'rudal', 'kritis', 'perang', 'rusiaukraina', 'bermingguminggu', 'rusia', 'sinyal', 'barat', 'moskow', 'menanggapi', 'amerika', 'serikat', 'sekutunya', 'mengizinkan', 'kyiv', 'menembakkan', 'rudal', 'jarak', 'wilayah', 'rusia.pada', 'senin', 'nato', 'korea', 'utara', 'mengirim', 'pasukan', 'rusia', 'barat', 'klaim', 'dibantah', 'moskow', '.', 'minggu', 'putin', 'penerapan', 'perjanjian', 'kemitraan', 'pyongyang', 'moskow', 'urusannya', 'sendiri.perang', 'memasuki', 'pejabat', 'rusia', 'fase', 'berbahaya', 'barat', 'mempertimbangkan', 'memperkuat', 'ukraina', 'pasukan', 'rusia', 'bergerak', 'maju', 'wilayah', 'timur', 'negara', 'tersebut.putin', 'menekankan', 'selasa', 'persenjataan', 'nuklir', 'rusia', 'penjamin', 'kedaulatan', 'keamanan', 'negara', 'diandalkan', '.', 'lihat', ':', 'israel', 'takut', 'iran', 'analisanya']",internasional
"['israel', 'serang', 'iran', 'perbandingan', 'kekuatan', 'militer', 'negara', 'berperang']","['teheran', 'israel', 'menyerang', 'lokasi', 'iran', 'sabtu', 'pagi', 'mengklaim', 'menyerang', 'fasilitas', 'militer', 'menandai', 'babak', 'terbaru', 'spiral', 'eskalasi', 'rival', 'timur', '.', 'serangan', 'terarah', 'target', 'militer', 'iran', 'menggagalkan', 'ancaman', 'langsung', 'negara', 'israel', 'juru', 'bicara', 'militer', 'israel', 'daniel', 'hagari', 'posting', 'x', 'mengumumkan', 'gelombang', 'serangan', 'dilansir', 'al', 'jazeera', '.', 'ledakan', 'terdengar', 'teheran', '.', 'al', 'jazeera', 'melaporkan', 'kota', 'iran', 'pejabat', 'iran', 'menganggap', 'ledakan', 'disebabkan', 'intersepsi', 'rudal', 'sistem', 'pertahanan', 'udara', 'iran.melansir', 'al', 'jazeera', 'pengeboman', 'israel', 'sebulan', 'iran', 'menyerang', 'kotakota', 'israel', 'rudal', 'balistik', 'tanggal', 'oktober', '.', 'korps', 'garda', 'revolusi', 'islam', 'irgc', 'iran', 'rudalrudal', 'ditembakkan', 'respons', 'teheran', 'pembunuhan', 'warga', 'sipil', 'gaza', 'barubaru', 'lebanon', 'serangan', 'israel', 'pembunuhan', 'pemimpin', 'irgc', 'hamas', 'hizbullah', '.', 'irgc', 'rudal', 'khusus', 'pangkalan', 'militer', 'tel', 'aviv.perdana', 'menteri', 'israel', 'benjamin', 'netanyahu', 'bersumpah', 'membalas', 'serangan', 'oktober', 'iran', 'kesalahan', 'membayarnya.seiring', 'israel', 'iran', 'musuh', 'dekade', 'terlibat', 'pertempuran', 'proksi', 'mengarah', 'konfrontasi', 'langsung', '.', 'memiliki', 'kemampuan', 'militer', 'masingmasing', 'kemampuan', 'menyerang', 'mempertahankan', 'wilayah', 'mereka.israel', 'serang', 'iran', 'perbandingan', 'kekuatan', 'militer', 'negara', 'berperang', '.', 'tentaramenurut', 'the', 'military', 'balance', 'diterbitkan', 'lembaga', 'pemikir', 'berbasis', 'inggris', 'international', 'institute', 'for', 'strategic', 'studies', 'iiss', ':', 'iran', 'memiliki', '.', 'personel', 'aktif', '.', 'angkatan', 'darat', '.', 'irgc', '.', 'angkatan', 'laut', '.', 'angkatan', 'udara', '.', 'pertahanan', 'udara', '.', 'iran', 'memiliki', 'pasukan', 'cadangan', '..', 'wajib', 'militer', 'wajib', 'pria', 'iran', 'berusia', 'pengecualian.israel', 'memiliki', '.', 'personel', 'aktif', '.', 'angkatan', 'darat', '.', 'angkatan', 'laut', '.', 'angkatan', 'udara', '.', 'israel', 'memiliki', 'pasukan', 'cadangan', '..', 'israel', 'mengamanatkan', 'wajib', 'militer', 'pria', 'wanita', 'muda', 'berusia', 'pengecualian', '..', 'anggaran', 'militermenurut', 'lembar', 'fakta', 'diterbitkan', 'stockholm', 'international', 'peace', 'research', 'institute', 'sipri', 'april', ':', 'iran', 'menghabiskan', 'usd', 'miliar', 'meningkat', 'persen', '.israel', 'menghabiskan', 'usd', 'miliar', 'meningkat', 'persen', 'lonjakan', 'didorong', 'perang', 'gaza', 'oktober', '..', 'angkatan', 'daratmenurut', 'the', 'military', 'balance', 'iran', 'memiliki', '.', 'tank', 'tempur', '.', 'senjata', 'artileri', 'pengangkut', 'pribadi', 'lapis', 'baja', '.', 'angkatan', 'darat', 'memiliki', 'helikopter', 'irgc', 'memiliki', 'helikopter', '.', 'lihat', ':', 'ayatollah', 'khamenei', 'sakit', 'parah', 'serangan', 'israel', 'faktanya', 'sehat', 'bugar']",internasional
"['retreat', 'kabinet', 'merah', 'putih', 'magelang', 'pakai', 'uang', 'pribadi', 'prabowo']","['magelang', 'presiden', 'prabowo', 'subianto', 'merogoh', 'koceknya', 'pribadi', 'membiayai', 'retreat', 'kabinet', 'merah', 'putih', 'akademi', 'militer', 'magelang', 'jawa', 'tengah.ya', '.', 'prabowo', 'membiayainya', 'menteri', 'pelindungan', 'pekerja', 'migran', 'indonesiakepala', 'bpmi', 'abdul', 'kadir', 'karding', 'senin', '.', 'baca', 'kelakar', 'prabowo', 'retreat', 'kabinet', 'merah', 'putih', ':', 'bikin', 'nyaman', 'retreat', 'kabinet', 'merah', 'putih', 'jumat', 'oktober', 'minggu', 'oktober', 'akmil', 'magelang.pada', 'retreat', 'jajaran', 'kabinet', 'bangun', 'pagi', 'mengikuti', 'olahraga', 'pagi', '.', 'olahraga', 'jajaran', 'kabinet', 'latihan', 'barisberbaris.usai', 'latihan', 'barisberbaris', 'jajaran', 'kabinet', 'arahan', 'prabowo', '.', 'menteri', 'kabinet', 'materi.sore', 'harinya', 'prabowo', 'wakil', 'presiden', 'gibran', 'rakabuming', 'raka', 'jajaran', 'kabinet', 'mengikuti', 'upacara', 'parade', 'senja', 'penurunan', 'bendera', 'akmil', '.', 'upacara', 'khidmat', 'diguyur', 'hujan.malam', 'harinya', 'prabowo', 'mengajak', 'jajaran', 'kabinet', 'taruna', 'petugas', 'upacara', 'makan', 'malam', 'bersama.hari', 'agenda', 'pagi', '.', 'jajaran', 'kabinet', 'olahraga', 'latihan', 'barisberbaris.setelahnya', 'jajaran', 'menteri', 'materi', 'narasumber', 'menteri', 'kabinet', 'merah', 'putih.malam', 'harinya', 'prabowo', 'mengajak', 'jajaran', 'kabinet', 'menghadiri', 'acara', 'malam', 'keakraban', '.', 'jajaran', 'kabinet', 'kompak', 'mengenakan', 'pakaian', 'batik', 'acara', 'tersebut.keesokan', 'harinya', 'jajaran', 'olahraga', 'pagi', '.', 'setelahnya', 'prabowo', 'mengajak', 'jajaran', 'sarapan', '.', 'prabowo', 'gibran', 'jajaran', 'kabinet', 'jakarta', '.', 'lihat', ':', 'tiru', 'amerika', 'serikat', 'istana', ':', 'ig', 'presiden', 'akun', 'pribadi', 'jon']",nasional
"['alasan', 'israel', 'menyerang', 'iran', 'bertahap']","['teharan', 'israel', 'melaksanakan', 'serangan', 'balas', 'dendam', 'iran', '.', 'serangan', 'berskala', 'memiliki', 'dampak', 'serius', 'teheran.ada', 'indikasi', 'serangan', 'israel', 'berlanjut', 'tahap', '.', 'situasi', 'kondisi', 'iran', 'lemah', '.', 'kondisi', 'timur', 'situasi', 'memanas', '.', 'alasan', 'israel', 'menyerang', 'iran', 'bertahap', '.', 'iran', 'lemah', 'serangan', 'dilanjutkanhassan', 'mneimneh', 'analis', 'politik', 'middle', 'east', 'institute', 'al', 'jazeera', 'serangan', 'israel', 'iran', 'serangan', 'serangan', 'lanjut.saya', 'pikir', 'serangan', '.', 'mneimneh.jelas', 'netanyahu', 'berkepentingan', 'mencari', 'citra', 'momen', 'kesempatan', 'baginya', 'sejalan', 'kenyataan', 'pemerintahan', 'amerika', 'benarbenar', 'kondisi', 'terlemahnya', 'katanya.as', 'mneimneh', 'tandatanda', 'kekuatan', 'setahun', 'mengikuti', 'persis', 'naskah', 'netanyahu', 'tambahnya.tetapi', 'momennya', 'benarbenar', 'tujuannya', 'menyeret', 'as', 'berperang', 'melawan', 'israel', 'iran', '.', 'momen', '.', 'terkejut', 'serangan', 'benarbenar', '.', '.', 'serangan', 'dahsyattrita', 'parsi', 'wakil', 'presiden', 'eksekutif', 'lembaga', 'pemikir', 'quincy', 'institute', 'for', 'responsible', 'statecraft', 'gelombang', 'serangan', 'israel', 'iran', 'mengkhawatirkan', 'mengindikasikan', 'terburuk', '.', 'pikir', 'berhatihati', 'fase', 'serangan', '.', 'fase', 'parsi', 'al', 'jazeera', '.', 'serangan', 'dahsyat', 'serangan', 'berfokus', 'sistem', 'pertahanan', 'udara', 'menghancurkannya', 'membuka', 'jalan', 'serangan', 'dahsyat', 'setelahnya', 'parsi', '.', 'dengar', 'korban', 'kerusakan', 'terbatas', 'dasarnya', 'upaya', 'mengecilkan', 'kerusakan', 'akibat', 'serangan', 'israel', 'mengindikasikan', 'iran', 'eskalasi', 'katanya.namun', 'jam', 'benarbenar', 'fase', 'fase', 'fase', '.', 'lihat', ':', 'ayatollah', 'khamenei', 'luncurkan', 'akun', 'media', 'sosial', 'berbahasa', 'ibrani']",internasional
"['rampai', 'nusantara', 'silaturahmi', 'rumah', 'jokowi', 'apresiasi', 'kinerja']","['jakarta', 'pengurus', 'dewan', 'eksekutif', 'nasional', 'rampai', 'nusantara', 'bersilaturahmi', 'rumah', 'presiden', 'ri', 'joko', 'widodo', 'jokowi', 'solo', 'jawa', 'selasa', '.', 'kedatangan', 'diterima', 'langsung', 'jokowi.ketua', 'rampai', 'nusantara', 'mardiansyah', 'semar', 'kunjungan', 'rangka', 'apresiasi', 'kinerja', 'jokowi', 'memimpin', 'bangsa', 'indonesia', 'prestasi', 'membanggakan', '.', 'rampai', 'nusantara', 'apresiasinya', 'kepemimpinan', 'jokowi', 'dedikasi', 'prestasinya', 'beliau', 'memimpin', 'negara', 'merasakan', 'kebijakankebijakan', 'beliau', 'memimpin', 'membawa', 'negara', 'bergerak', 'maju', 'pemerataan', 'pembangunan', 'dirasakan', 'masyarakat', 'indonesia', 'sabang', 'merauke', 'miangas', 'pulau', 'rote', 'semar', '.', 'baca', 'rampai', 'nusantara', 'kawal', 'pemerintahan', 'prabowogibran', 'infrastruktur', 'semar', 'pemerintahan', 'presiden', 'jokowi', 'membangun', 'hilirisasi', 'sumbersumber', 'kekayaan', 'negara', 'berdampak', 'nilai', 'sumber', 'daya', 'alam', 'indonesia', 'berlipat', '.', 'hilirisasi', 'sektor', 'pertambangan', 'industri', 'jokowi', 'mendongkrak', 'nilai', 'manfaat', 'sumbersumber', 'kekayaan', 'negara', 'maksimal', 'sektor', 'pariwisata', 'ketahanan', 'pangan', 'umkm', 'dana', 'desa', 'bukti', 'prestasi', 'keberhasilan', 'beliau', 'memimpin', 'bangsa', 'bermanfaat', 'masyarakat', 'luas', 'semar', '.', 'semar', 'berharap', 'jokowi', 'rakyat', 'menambah', 'semangat', 'juang', 'menghadapi', 'tantangan', 'kehidupan', 'kondisi', 'dunia', 'menentu', '.', 'menilai', 'jokowi', 'menyumbangkan', 'pikir', 'gagasannya', 'bangsa', 'masukanmasukan', 'pemerintahaan', 'prabowogibran', '.', 'programprogram', 'jokowi', 'diteruskan', 'pemerintah', 'prabowogibran', 'keberlanjutan', 'beliau', 'membersamai', 'rakyat', 'indonesia', 'aktivis', '.', 'bertambah', 'semangat', 'juangnya', 'menghadapi', 'mudah', 'dilewati', 'berharap', 'beliau', 'saran', 'gagasannya', 'pemerintahan', 'pungkasnya', '.', 'lihat', ':', 'retreat', 'kabinet', 'merah', 'putih', 'olahraga', 'pagi', 'latihan', 'barisberbaris', 'rca']",nasional
"['pgn', 'ambil', 'peran', 'gotong', 'royong', 'bangun', 'jargas', 'nasional', 'kurangi', 'subsidi', 'energi']","['jakarta', 'pt', 'pgn', 'tbk', 'subholding', 'gas', 'pertamina', 'berkomitmen', 'membangun', 'jaringan', 'gas', 'jargas', 'rumah', 'tangga', 'manfaat', 'masyarakat', 'negara', '.', 'pgn', 'menyadari', 'rantai', 'bisnis', 'pengembangan', 'jargas', 'membutuhkan', 'gotong', 'royong', 'sinergis', 'jargas', 'optimal', 'manfaat', 'masyarakat', '.', 'pengurangan', 'subsidi', 'energi', 'salah', 'highlight', 'kegiatan', 'focus', 'group', 'discussion', 'fgd', 'investortrust', 'bertajuk', 'gotong', 'royong', 'membangun', 'jargas', 'selasa', '.pengembangan', 'jargas', 'pgn', 'sejalan', 'asta', 'cita', 'pemerintah', 'upaya', 'swasembada', 'energi', 'keberlanjutan', 'proyek', '.', 'jargas', 'dikelola', 'pgn', 'ribu', 'sambungan', 'rumah', 'sr', 'setara', 'ribu', 'metrikton', 'lpg', '.', 'disisi', 'kapasitas', 'infrastruktur', 'dibangun', 'pgn', 'melebihi', 'rumah', 'tangga', 'komersial', 'jargas', 'berlangganan', '.', 'terbuka', 'ruang', 'pemanfaatan', 'infrastruktur', 'eksisting', 'meningkatkan', 'pelanggan', 'optimalisasi', 'pasokan', 'gas', 'disediakan', 'skk', 'migas', 'jargas', 'bbg', '.', 'meningkatkan', 'penyerapan', 'volume', 'gas', 'bumi', 'membantu', 'mengurangi', 'subsidi', 'energi', 'pemakaian', 'lpg', 'subsidi.laode', 'sulaeman', 'direktur', 'perencanaan', 'pembangunan', 'infrastruktur', 'minyak', 'gas', 'bumi', 'direktorat', 'minyak', 'gas', 'bumi', 'kesdm', 'menilai', 'salah', 'pengembangan', 'jargas', 'model', 'terintegrasi', 'industri', 'rumah', 'tangga', 'model', 'kawasan', 'industri', 'mekanisme', 'beyond', 'pipeline', 'badan', 'usaha.kami', 'bph', 'migas', 'support', 'sisi', 'harga', 'rumah', 'tangga', 'pelanggan', 'kecilnya', 'rangka', 'mengembangkan', 'pemanfaatan', 'gas', 'domestik', '.', 'infratruktur', 'kunci', 'gotong', 'royong', 'tujuan', 'idham', 'baridwan', 'koordinator', 'pengaturan', 'akun', 'tarif', 'harga', 'gas', 'bumi', 'pipa', 'bph', 'migas.sejalan', 'pernyataan', 'regulator', 'rosa', 'permata', 'sari', 'direktur', 'strategi', 'pengembangan', 'bisnis', 'pgn', 'kolaborasi', 'kontribusi', 'kunci', 'orkestrasi', 'perencanaan', 'kebutuhan', 'masyarakat', 'swasembada', 'energi', '.', 'pgn', 'menjalankan', 'fungsi', 'rantai', 'bisnis', 'gotong', 'royong', 'penyaluran', 'jargas', '.', 'rosa', 'investasi', 'membangun', 'jargas', '.', 'salah', 'konsep', 'pembangunan', 'konsep', 'kpbu', 'badan', 'usaha', 'menerima', 'penugasan', '.', 'disaat', 'bersamaan', 'integrasi', 'klasterisasi', 'cost', 'efisien', '.', 'insentif', 'pemerintah', 'dasar', 'hukum', 'solid', 'konsep', 'kpbu', 'membuka', 'peluang', 'badan', 'usaha', 'bumn', 'swasta', 'berkontribusi', 'program', 'jargas.saat', 'pgn', 'pemanfaatan', 'sumber', 'gas', 'bumi', 'pengembangan', 'jargas', 'tumah', 'tangga', '.', 'pipa', 'transmisi', 'bertambah', 'dilanjutkan', 'pipa', 'distribusi', 'penetrasi', 'jargas', 'rumahrumah', '.', 'pgn', 'konsep', 'beyond', 'pipeline', '.', 'salah', 'satunya', 'cng', 'clustering', 'sleman', 'yogyakarta', '.', 'pgn', 'menargertkan', 'pembangunan', 'jargas', 'ribu', 'pgn', 'menbangun', 'tambahan', 'jargas', '.', 'sr.rosa', 'kesiapan', 'pgn', 'menbangun', 'infratruktur', 'jargas', 'rekanan', 'terintegrasi', '.', 'arahnya', 'integrasi', 'bersamaan', 'rencana', 'pengembangan', 'industri', 'komersil', '.', 'sejalan', 'dukungan', 'kemudahan', 'perizinan', 'kepastian', 'alokasi', 'pembangunan', 'infrastruktur', 'jargas', 'infrastruktur', 'dasar', 'perumahan', 'hunian', '.', 'lihat', ':', 'mentan', 'gandeng', 'perguruan', 'dorong', 'inovasi', 'teknologi', 'pertanian', 'swasembada', 'pangan', 'ars']",nasional
"['partai', 'penguasa', 'jepang', 'kalah', 'pemilu', 'sejarah', 'memalukan']","['tokyo', 'koalisi', 'penguasa', 'jepang', 'kehilangan', 'mayoritas', 'parlementernya', 'kekalahan', 'signifikan', 'pemilihan', 'nasional', '.', 'meningkatkan', 'ketidakpastian', 'susunan', 'pemerintahan', 'prospek', 'ekonomi', 'terbesar', 'keempat', 'dunia.dengan', 'kursi', 'diperebutkan', 'partai', 'demokrat', 'liberal', 'ldp', 'perdana', 'menteri', 'shigeru', 'ishiba', 'memerintah', 'jepang', 'sejarah', 'pascaperangnya', 'mitra', 'koalisi', 'junior', 'komeito', 'memperoleh', 'kursi', 'majelis', 'rendah', 'parlemen', '.', 'turun', 'kursi', 'miliki', 'menandai', 'hasil', 'pemilihan', 'terburuk', 'koalisi', 'kehilangan', 'kekuasaan', 'sebentar', '.partai', 'penguasa', 'jepang', 'kalah', 'pemilu', 'sejarah', 'memalukan', '.', 'pemilu', 'sulitpemilihan', 'sulit', 'ishiba', 'muram', 'tv', 'tokyo.keiichi', 'ishii', 'pemimpin', 'komeito', 'mitra', 'koalisi', 'jangka', 'ldp', 'kalah', 'distriknya', 'lalu.pemenang', 'terbesar', 'malam', 'oposisi', 'utama', 'partai', 'demokrat', 'konstitusional', 'jepang', 'cdpj', 'memperoleh', 'kursi', 'kursi', 'pemilih', 'menghukum', 'partai', 'ishiba', 'skandal', 'pendanaan', 'inflasi', '.', 'baca', 'jenderal', 'tertinggi', 'zionis', 'sesumbar', 'israel', 'secuil', 'kemampuan', 'serang', 'iran', '.', 'membangun', 'kesepakatan', 'kekuasaanhasilnya', 'memaksa', 'partaipartai', 'kesepakatan', 'pembagian', 'kekuasaan', 'berkuasa', 'berpotensi', 'menyebabkan', 'ketidakstabilan', 'politik', 'negara', 'menghadapi', 'tantangan', 'ekonomi', 'situasi', 'keamanan', 'menegangkan', 'asia', 'timur.ini', 'pemimpin', 'cdpj', 'yoshihiko', 'noda', 'konferensi', 'pers', 'dilansir', 'al', 'jazeera', '.', 'partainya', 'partaipartai', 'oposisi', 'mengupayakan', 'perubahan', 'pemerintahan.perdana', 'menteri', 'ishiba', 'menunggu', 'hasil', 'diharapkan', 'senin', 'mempertimbangkan', 'koalisi', 'kesepakatan', 'pembagian', 'kekuasaan', 'lainnya.bulan', 'ishiba', 'mengalahkan', 'delapan', 'kandidat', 'ketua', 'ldp', 'konservatif', 'memerintah', 'jepang', 'gangguan', 'tujuh', 'dekade', 'pergantian', 'pemimpin.ia', 'memangku', 'jabatan', 'menggantikan', 'fumio', 'kishida', 'menghadapi', 'ketidakpuasan', 'kenaikan', 'harga', 'skandal', 'dana', 'gelap', 'hubungan', 'ldp', 'gerakan', 'kristen', 'pembunuhan', 'mantan', 'perdana', 'menteri', 'shinzo', 'abe', '..', 'kesalahan', 'prediksi', 'burukishiba', 'menyerukan', 'pemilihan', 'dadakan', 'terpilih', 'harapan', 'memenangkan', 'mandat', 'publik', 'jabatan', 'perdana', 'menterinya', '.', 'lihat', ':', 'eks', 'menhan', 'shigeru', 'ishiba', 'terpilih', 'perdana', 'menteri', 'jepang']",internasional
"['netanyahu', 'tuduh', 'iran', 'kembangkan', 'stockpile', 'bom', 'nuklir', 'hancurkan', 'israel']","['tel', 'aviv', 'perdana', 'menteri', 'pm', 'benjamin', 'netanyahu', 'menuduh', 'iran', 'mengembangkan', 'stockpile', 'cadangan', 'bom', 'nuklir', 'menghancurkan', 'israel', '.', 'tuduhan', 'pemimpin', 'rezim', 'zionis', 'israel', 'mengebom', 'situssitus', 'militer', 'republik', 'islam', 'iran.pada', 'sabtu', 'israel', 'serangan', 'udara', 'situs', 'militer', 'iran', 'respons', 'serangan', 'ratusan', 'rudal', 'teheran', 'oktober', 'pembalasan', 'pembunuhan', 'pemimpin', 'milisi', 'proiran', 'komandan', 'korps', 'garda', 'revolusi', 'islam', 'irgc.iran', 'berupaya', 'keras', 'mengembangkan', 'stockpile', 'bom', 'nuklir', 'menghancurkan', 'dilengkapi', 'rudal', 'jarak', 'rudal', 'antarbenua', 'diupayakan', 'iran', 'netanyahu', 'pidatonya', 'anggota', 'parlemen', 'israel', 'senin', '.', 'baca', 'jenderal', 'iran', 'klaim', 'negaranya', 'miliki', 'senjata', 'rahasia', 'kuat', 'bom', 'nuklir', 'iran', 'mengancam', 'dunia', 'netanyahu', 'dikutip', 'al', 'arabiya', 'english', 'selasa', '.menghentikan', 'program', 'nuklir', 'iran', 'prioritas', 'utama', 'alasan', 'berbagi', 'rencana', 'tindakan', 'imbuh', 'dia.pemerintah', 'iran', 'membantah', 'berupaya', 'membangun', 'senjata', 'nuklir', 'program', 'nuklirnya', 'tujuan', 'damai.sebaliknya', 'israel', 'diyakini', 'pakar', 'militer', 'memiliki', 'senjata', 'nuklir', '.', 'rezim', 'zionis', 'mengakui', 'membantahnya.dalam', 'iran', 'mengurangi', 'kerja', 'samanya', 'badan', 'tenaga', 'atom', 'internasional', 'iaea', 'signifikan', 'meningkatkan', 'program', 'nuklirnya', 'mengumpulkan', 'persediaan', 'uranium', 'diperkaya', 'besar.namun', 'kepala', 'pengawas', 'nuklir', 'pbb', 'pekan', 'iran', 'terlibat', 'nuklir', '.', 'lihat', ':', 'dosa', 'israel', 'indonesia', 'salah', 'satunya', 'lukai', 'tni']",internasional
"['penjelasan', 'taktik', 'israel', 'serang', 'iran', 'sukses', 'gagal']","['teheran', 'taktik', 'israel', 'serang', 'iran', 'ulasan', 'menarik', '.', 'balasan', 'tel', 'aviv', 'serangan', 'rudal', 'teheran', 'tentara', 'zionis', 'penyerbuan', 'melibatkan', 'jet', 'tempur', 'pesawat', 'nirawak.serangan', 'israel', 'wilayah', 'iran', 'sabtu', '.', 'media', 'iran', 'melaporkan', 'ledakan', 'kota', 'teheran', 'pasukan', 'pertahanan', 'israel', 'idf', 'berselang', 'mengonfirmasi', 'bertanggung', 'serangan', '.', 'serangan', 'teheran', 'gelombang', 'periode', 'jam', '.', 'gedung', 'putih', 'menggambarkan', 'aksi', 'latihan', 'israel', 'membela', 'musuhmusuhnya', '.', 'taktik', 'dipakai', 'israel', 'menyerang', 'iran', 'penjelasannya', '.', 'baca', 'mengizinkan', 'israel', 'wilayah', 'udara', 'irak', 'menyerang', 'iran', 'taktik', 'israel', 'serang', 'iranisrael', 'meluncurkan', 'serangan', 'udara', 'iran', 'tajuk', 'days', 'of', 'repentance', 'harihari', 'pertobatan', '.', 'tel', 'aviv', 'aksinya', 'mengerahkan', 'puluhan', 'jet', 'tempur', 'pesawat', 'nirawak.pada', 'serangan', 'udara', 'israel', 'memakai', 'rute', 'mudah', 'melibatkan', 'perencanaan', 'rumit', '.', 'perhitungan', 'target', 'serangan', 'koordinasi', 'pesawat', 'dipakai', 'melewati', 'yordania', 'suriah', 'irak', '.', 'strategi', 'israel', 'menyerang', 'iran', 'gelombang', '.', 'mengutip', 'laman', 'times', 'of', 'israel', 'gelombang', 'mencari', 'target', 'udara', 'permukaan', 'instalasi', 'radar', 'markas', 'pertahanan', 'udara', 'iran', 'teheran', 'ilam', 'khuzestan', '.', 'target', 'menangguhkan', 'kemampuan', 'pertahanan', 'udara', 'iran', 'kebebasan', 'operasi', 'idf', 'persiapan', 'serangan', 'lanjutan', 'teheran', 'balasan.lanjut', 'gelombang', 'difokuskan', 'penghancuran', 'lokasi', 'pembuatan', 'drone', 'rudal', 'balistik', '.', 'tujuannya', 'menghancurkan', 'fasilitas', 'iran', 'persenjataan', 'militer', 'terkait.sementara', 'gelombang', 'ketiga', 'israel', 'menargetkan', 'industri', 'manufaktur', 'militer', '.', 'sumber', 'israel', 'menyebut', 'informasi', 'intelijen', 'akurat', 'tentara', 'idf', 'menyerang', 'pabrik', 'tergantikan', 'pembuatan', 'rudal', 'permukaankepermukaan', 'milik', 'iran', '.', 'lihat', ':', 'iron', 'dome', 'israel', 'jebol', 'hizbullah', 'kemampuan', 'rudal', 'penuh']",internasional
"['iran', 'bantah', 'serangan', 'israel', 'lokasi']","['teheran', 'sumber', 'memiliki', 'informasi', 'membantah', 'klaim', 'rezim', 'israel', 'menyerang', 'lokasi', 'iran.sumber', 'memiliki', 'informasi', 'tasnim', 'sabtu', 'klaim', 'tentara', 'israel', 'menargetkan', 'lokasi', 'iran', 'mencatat', 'lokasi', 'target', 'musuh', 'rendah', 'itu.sumber', 'tindakan', 'zionis', 'perbatasan', 'iran', 'menyebabkan', 'kerusakan', 'terbatas.sumber', 'mengonfirmasi', 'laporan', 'tasnim', 'pusat', 'militer', 'korps', 'garda', 'revolusi', 'islam', 'teheran', 'target', '.', 'laporan', 'menuduh', 'pesawat', 'militer', 'israel', 'berperan', 'serangan', 'kebohongan', 'israel', 'berusaha', 'membesarbesarkan', 'serangannya', 'lemah', 'sumber', '.', 'baca', 'kehidupan', 'rakyat', 'iran', 'normal', 'diserang', 'israel', 'pangkalan', 'pertahanan', 'udara', 'iran', 'pertahanan', 'udara', 'negara', 'berhasil', 'menghadapi', 'tindakan', 'agresi', 'israel', '.', 'pangkalan', 'pertahanan', 'udara', 'mengeluarkan', 'pernyataan', 'sabtu', 'rezim', 'israel', 'kriminal', 'sah', 'palsu', 'upaya', 'meningkatkan', 'ketegangan', 'melancarkan', 'serangan', 'lokasi', 'militer', 'provinsi', 'teheran', 'khuzestan', 'ilam', 'tadi.pertahanan', 'udara', 'iran', 'mencegat', 'berhasil', 'menghadapi', 'tindakan', 'agresi', 'seraya', 'kerusakan', 'terbatas', 'area', 'dimensinya', 'diselidiki.pernyataan', 'mendesak', 'masyarakat', 'menjaga', 'persatuan', 'ketenangan', 'mengabaikan', 'rumor', 'disebarkan', 'media', 'musuh.suara', 'keras', 'terdengar', 'orang', 'teheran', 'sabtu', 'sumber', 'keamanan', 'iran', 'disebabkan', 'aktivasi', 'sistem', 'pertahanan', 'udara.menurut', 'laporan', 'pertahanan', 'udara', 'iran', 'berhasil', 'menembak', 'jatuh', 'target', 'musuh', 'wilayah', 'udara', 'provinsi', 'teheran.rekaman', 'dibagikan', 'daring', 'menangkap', 'intersepsi', 'kota', 'iran', '.', 'lihat', ':', 'netanyahu', 'klaim', 'serangan', 'israel', 'melumpuhkan', 'produksi', 'rudal', 'iran', 'ahm']",internasional
"['mentan', 'amran', 'tegaskan', 'toleransi', 'korupsi', 'kementerian', 'pertanian']","['jakarta', 'menteri', 'pertanian', 'mentan', 'andi', 'amran', 'sulaiman', 'berkomitmen', 'penuh', 'memberantas', 'praktik', 'korupsi', 'nepotisme', 'kolusi', 'lingkungan', 'kementerian', 'pertanian', 'kementan', '.', 'penandatanganan', 'pakta', 'integritas', 'pejabat', 'eselon', 'i', 'lingkup', 'kementan', 'wujud', 'nyata', 'komitmen', 'jajaran', 'kementan', 'menjaga', 'integritas', 'transparansi', 'dasar', 'pelaksanaan', 'tugas.selain', 'penandatanganan', 'pakta', 'integritas', 'kementan', 'menyelenggarakan', 'penandatanganan', 'komitmen', 'penerapan', 'core', 'values', 'asn', 'berakhlak', 'employer', 'branding', 'bangga', 'melayani', 'bangsa', '.', 'kegiatan', 'dihadiri', 'mitra', 'pertanian', 'pengusaha', 'wujud', 'dukungan', 'mengembalikan', 'kepercayaan', 'publik', 'institusi', 'menciptakan', 'tata', 'kelola', 'bersih', 'sektor', 'pertanian.mentan', 'amran', 'menggarisbawahi', 'pemberantasan', 'korupsi', 'jargon', 'langkah', 'konkret', 'akuntabilitas', 'kementan', '.', 'bermainmain', '.', 'sesuai', 'arahan', 'presiden', 'pencegahan', 'menghentikan', 'praktik', 'korupsi', 'nepotisme', 'kolusi', '.', 'arahan', 'kantor', 'pusat', 'kementan', 'jakarta', 'selasa', 'menurutnya', 'pakta', 'integritas', 'simbol', 'janji', 'pejabat', 'pegawai', 'kementan', 'jujur', 'transparan', 'berorientasi', 'pelayanan', 'publik', '.', 'mentan', 'amran', 'menekankan', 'mengambil', 'tindakan', 'bentuk', 'penyalahgunaan', 'wewenang', 'praktik', 'percaloan', 'proyek', 'pengadaan', '.', 'menggoda', 'kementan', 'kementan', 'tergoda', 'bermainmain', '.', 'berharap', 'kementan', 'mencapai', 'swasembada', 'pangan', 'terhormat', 'menegaskan.mentan', 'amran', 'peringatan', 'pengusaha', 'pengusaha', 'membawa', 'calo', 'blacklist', 'katanya.ia', 'integritas', 'kunci', 'mencapai', 'ketahanan', 'pangan', 'nasional', 'aparatur', 'berintegritas', 'kontribusi', 'pencapaian', 'visi', 'kementan', '.', 'komitmen', 'penuh', 'jajaran', 'kementan', 'profesional', 'menghindari', 'praktik', 'korupsi', '.', 'harta', 'berlimpah', 'kehormatan', 'ternoda', '.', 'membangun', 'reputasi', 'anak', 'cucu', 'mentan', 'amran.dengan', 'pakta', 'integritas', 'kementan', 'bertekad', 'meningkatkan', 'kepercayaan', 'masyarakat', 'pelayanan', 'publik', 'bersih', 'berintegritas', 'membangun', 'tata', 'kelola', 'transparan', 'depan.sebelumnya', 'mentan', 'amran', 'mengambil', 'langkah', 'mencopot', 'pejabat', 'eselon', 'ii', 'kementan', 'terbukti', 'terlibat', 'praktik', 'korupsi', '.', 'langkah', 'diambil', 'upaya', 'menegakkan', 'integritas', 'transparansi', 'sektor', 'pertanian', 'sejalan', 'arahan', 'presiden', 'prabowo', 'subianto', 'memberantas', 'korupsi', 'jajaran', 'pemerintahan', '.', 'lihat', ':', 'bangkitkan', 'semangat', 'wirausaha', 'indocomtech', 'padukan', 'pameran', 'bisnis', 'ritel', 'ars']",nasional
"['irjen', 'brigjen', 'pol', 'digeser', 'kapolri', 'mutasi', 'polri', 'september']","['jakarta', 'irjen', 'pol', 'brigjen', 'pol', 'dimutasi', 'kapolri', 'jenderal', 'pol', 'listyo', 'sigit', 'prabowo', 'september', '.', 'perpindahan', 'tugas', 'perwira', 'pati', 'polri', 'mutasi', 'rotasi', 'besarbesar', 'perwira', 'menengah', 'pamen', 'pati', 'polri', 'pertengahan', 'september', '.', 'mutasi', 'rotasi', 'pamen', 'pati', 'polri', 'tertuang', 'surat', 'telegram', 'bernomor', 'stixkep', '.', 'stixkep', '.', 'stixkep', '.', 'stixkep', '..', 'baca', 'wakasad', 'era', 'presiden', 'jokowi', 'abituren', 'akmil', 'an', 'nomor', 'ajudan', 'sby', 'karo', 'penmas', 'divisi', 'humas', 'polri', 'brigjen', 'pol', 'trunoyudo', 'wisnu', 'andiko', 'promosi', 'rotasi', 'organisasi', '.', 'meningkatkan', 'kinerja', 'pelayanan', 'perlindungan', 'polri', 'masyarakat', '.', 'mutasi', 'rotasi', 'proses', 'alamiah', 'organisasi', 'rangka', 'meningkatkan', 'kinerja', 'tour', 'of', 'duty', 'area', 'dikutip', 'senin', '.', 'irjen', 'brigjen', 'pol', 'dimutasi', 'kapolri', '.', 'irjen', 'pol', 'andi', 'rian', 'ryacudu', 'djajadi', 'kapolda', 'sulsel', 'diangkat', 'jabatan', 'kapolda', 'sumsel', '.', 'irjen', 'pol', 'yudhiawan', 'wibisono', 'kapolda', 'sulut', 'diangkat', 'jabatan', 'kapolda', 'sulsel', '.', 'irjen', 'pol', 'roycke', 'harry', 'langie', 'kakorbinmas', 'baharkam', 'polri', 'diangkat', 'jabatan', 'kapolda', 'sulut', '.', 'irjen', 'pol', 'hadi', 'gunawan', 'koorsahli', 'kapolri', 'diangkat', 'jabatan', 'kapolda', 'ntb', '.', 'irjen', 'pol', 'r', 'umar', 'faroq', 'kapolda', 'ntb', 'dimutasi', 'pati', 'polda', 'ntb', 'rangka', 'pensiun', '.', 'brigjen', 'pol', 'i', 'komang', 'sandi', 'arsana', 'kabag', 'anev', 'rojianstra', 'ssdm', 'polri', 'penata', 'kehumasan', 'polri', 'tk', 'ii', 'div', 'humas', 'polri', 'diangkat', 'jabatan', 'wakapolda', 'bali', '.', 'brigjen', 'pol', 'tony', 'harsono', 'penyidik', 'tindak', 'pidana', 'utama', 'tk', 'ii', 'bareskrim', 'polri', 'diangkat', 'jabatan', 'wakapolda', 'kepulauan', 'babel', 'lihat', ':', 'wujudkan', 'program', 'swasembada', 'pangan', 'polri', 'rekrut', 'bintara', 'pertanian', 'jon']",nasional
"['wakasad', 'era', 'presiden', 'jokowi', 'abituren', 'akmil', 'an', 'nomor', 'ajudan', 'sby']","['jakarta', 'wakasad', 'bertugas', 'era', 'kepemimpinan', 'presiden', 'ri', 'joko', 'widodo', 'jokowi', 'abituren', 'akademi', 'militer', 'akmil', 'an', '.', 'tujuh', 'wakasad', 'letjen', 'tni', 'purn', 'muhammad', 'munir', 'letjen', 'tni', 'purn', 'bakti', 'agus', 'fadjari.wakasad', 'jabatan', 'nomor', 'tertinggi', 'lingkungan', 'tni', 'ad', '.', 'jabatan', 'diemban', 'jenderal', 'bintang', 'letnan', 'jenderalletjen', '.', 'baca', 'panglima', 'tni', 'mutasi', 'perwira', 'ad', 'al', 'au', 'namanamanya', 'riwayatnya', 'namanama', 'jenderal', 'tni', 'ad', 'berkesempatan', 'menyemat', 'jabatan', 'wakasad', '.', 'era', 'pemerintahan', 'jokowi', '.', 'wakasad', 'era', 'presiden', 'jokowi', '.', 'letjen', 'tni', 'purn', 'muhammad', 'munirletjen', 'tni', 'purn', 'muhammad', 'munir', 'purnawirawan', 'perwira', 'pati', 'tni', 'angkatan', 'darat', '.', 'abituren', 'akademi', 'militer', 'akmil', 'kecabangan', 'infanteri.pada', 'catatan', 'kariernya', 'munir', 'menjabat', 'wakasad', '.', 'bertugas', 'periode', 'menggantikan', 'moeldoko.sebelum', 'munir', 'menyemat', 'tugas', '.', 'salah', 'satunya', 'ajudan', 'presiden', 'susilo', 'bambang', 'yudhoyono', 'sby', '.setelahnya', 'menduduki', 'posisi', 'strategis', 'tni', 'pangdivif', 'kostrad', 'pangdam', 'iiisiliwangi', 'pangkostrad', '..', 'letjen', 'tni', 'purn', 'm', 'erwin', 'syafitrisebelum', 'pensiun', 'erwin', 'menjabat', 'wakil', 'kepala', 'staf', 'tni', 'angkatan', 'darat', 'wakasad', '.', 'posisi', 'ditempati', 'menggantikan', 'muhammad', 'munir', 'tepatnya', 'periode', '.pada', 'riwayatnya', 'erwin', 'lulusan', 'terbaik', 'akmil', '.', 'predikat', 'membuatnya', 'berhak', 'penghargaan', 'adhi', 'makayasa', 'tri', 'sakti', 'wiratama.selain', 'wakasad', 'posisi', 'diemban', 'erwin', 'pangdam', 'xviicenderawasih', 'aspam', 'ksad', 'kabais', 'tni', '..', 'letjen', 'tni', 'purn', 'hinsa', 'siburianberikutnya', 'letjen', 'tni', 'purn', 'hinsa', 'siburian', '.', 'wakasad', 'periode', 'apriloktober', '.melihat', 'hinsa', 'menerima', 'penghargaan', 'adhi', 'makayasatri', 'sakti', 'wiratama', '.', 'predikat', 'lulusan', 'terbaik', 'akmil', '.', 'lihat', ':', 'rampai', 'nusantara', 'silaturahmi', 'rumah', 'jokowi', 'apresiasi', 'kinerja']",nasional
"['skuadron', 'drone', 'hizbullah', 'serang', 'pangkalan', 'udara', 'israel', 'tel', 'aviv']","['beirut', 'hizbullah', 'mengumumkan', 'peluncuran', 'serangan', 'udara', 'pangkalan', 'udara', 'tel', 'nof', 'selatan', 'tel', 'aviv', 'skuadron', 'pesawat', 'nirawak', 'serang', 'berhasil', 'mencapai', 'serangan', 'langsung.hizbullah', 'teratur', 'mengumumkan', 'penargetan', 'fasilitas', 'militer', 'israel', 'pernyataannya', 'sabtu', 'meluncurkan', 'serangan', 'udara', 'pesawat', 'nirawak', 'pangkalan', 'tel', 'nof', 'klaim', 'jenisnya', 'tahun.hizbullah', 'menembakkan', 'rentetan', 'roket', 'pasukan', 'israel', 'desa', 'lebanon', 'selatan', 'tentara', 'israel', 'serangan', 'darat', 'bermingguminggu.melansir', 'press', 'tv', 'kelompok', 'perlawanan', 'pernyataan', 'pejuangnya', 'meluncurkan', 'serangan', 'roket', 'arah', 'tentara', 'israel', 'pinggiran', 'desa', 'aita', 'alshaab', 'bentrokan', 'rutin', 'hizbullah', 'pasukan', 'israel', 'minggu', 'terakhir.sirene', 'berbunyi', 'sisi', 'utara', 'wilayah', 'palestina', 'diduduki', 'ancaman', 'penetrasi', 'pesawat', 'nirawak', 'bermuatan', 'bom', 'diluncurkan', 'gerakan', 'perlawanan', 'hizbullah', 'lebanon.peringatan', 'pesawat', 'nirawak', 'diaktifkan', 'kotakota', 'pesisir', 'utara', 'nahariya', 'acre', 'sabtu.sirene', 'peringatan', 'berbunyi', 'mateh', 'asher', 'maale', 'yosef', 'pemukiman', 'ilegal', 'klil', 'moshav', 'ein', 'yaakov', 'wilayah', 'galilea', 'barat', 'galilea', 'atas.selain', 'sirene', 'berbunyi', 'kota', 'metula', 'pemukiman', 'kiryat', 'shmona', 'moshav', 'kfar', 'yuval', 'pemukiman', 'distrik', 'utara', 'wilayah', 'diduduki', 'israel', 'kekhawatiran', 'infiltrasi', 'pesawat', 'nirawak', 'lebanon', 'selatan.suara', 'ledakan', 'terdengar', 'daerah', 'wilayah', 'galilea', 'sirene', 'pesawat', 'nirawak', 'diaktifkan', '.', 'baca', 'kehidupan', 'rakyat', 'iran', 'normal', 'diserang', 'israel', 'lihat', ':', 'profil', 'mehdi', 'hasan', 'jurnalis', 'muslim', 'diancam', 'dibunuh', 'ryan', 'girdusky', 'acara', 'live']",internasional
"['gibran', 'plt', 'presiden', 'pekan', 'istana']","['jakarta', 'kepala', 'kantor', 'komunikasi', 'kepresidenan', 'hasan', 'nasbi', 'menyalahartikan', 'wakil', 'presiden', 'wapres', 'gibran', 'rakabuming', 'raka', 'pelaksana', 'tugas', 'plt', 'presiden', 'prabowo', 'subianto', 'lawatan', 'negeri.diketahui', 'presiden', 'prabowo', 'lawatan', 'minggu', 'pekan', 'menghadiri', 'agenda', 'negeri', 'kerja', 'ekonomi', 'asiapasifik', 'asiapacific', 'economic', 'cooperation', 'apec', 'peru', '.', 'ktt', 'g', 'digelar', 'brasil.enggak', 'plt', '.', 'wakil', 'presiden', 'presiden', 'negeri', 'wakil', 'presiden', 'menjalankan', 'tugastugas', 'presiden', 'kepala', 'pemerintahan', 'hasan', 'kompleks', 'istana', 'kepresidenan', 'jakarta', 'rabu', '.', 'baca', 'minggu', 'indonesia', 'dipimpin', 'gibran', 'prabowo', 'negeri', 'hasan', 'instrumen', 'hukum', 'mengatur', 'wapres', 'gibran', 'menggantikan', 'tugas', 'presiden', 'prabowo', 'negeri.kan', 'kejadian', 'presiden', 'negeri', 'menjalankan', 'tugas', 'presiden', 'wakil', 'presiden', '.', 'instrumeninstrumen', 'hukum', '.', 'baca', 'gibran', 'rakabuming', 'raka', 'plt', 'presiden', 'prabowo', 'negeri', 'pekan', 'wakil', 'presiden', 'maruf', 'amin', 'presiden', 'joko', 'widodo', 'jokowi', 'kunjungan', 'negeri', '.', 'ya', 'berlaku', 'kayak', 'gitugitu', 'disalahartikan', 'istilah', 'plt', 'presiden', 'wakil', 'presiden', 'menjalankan', 'tugastugas', 'presiden', 'kepala', 'pemerintahan', 'presiden', 'negeri', 'pungkasnya', '.', 'lihat', ':', 'korban', 'mafia', 'tanah', 'guru', 'ipb', 'kirim', 'surat', 'keadilan', 'presiden', 'prabowo', 'cip']",nasional
"['perbandingan', 'kekuatan', 'militer', 'iran', 'vs', 'indonesia']","['teheran', 'perbandingan', 'kekuatan', 'militer', 'iran', 'indonesia', 'topik', 'menarik', 'kompleks', '.', 'negara', 'memiliki', 'sejarah', 'geografi', 'tantangan', 'berbeda', 'mempengaruhi', 'struktur', 'kemampuan', 'militer', '.', 'analisis', 'mendalam', 'kekuatan', 'militer', 'negara', ':', '.', 'kekuatan', 'militer', 'iranpersonel', 'militeriran', 'memiliki', '.', 'personel', 'militer', '.', 'anggota', 'aktif', '.', 'tentara', 'reguler', '.', 'personel', 'korps', 'garda', 'revolusi', 'islam', 'irgc', 'membentuk', 'sisanya.angkatan', 'udaraangkatan', 'udara', 'iran', 'memiliki', 'puluh', 'pesawat', 'serang', 'berfungsi', 'jet', 'rusia', 'modelmodel', 'tua', 'amerika', 'diperoleh', 'revolusi', 'islam', '.', 'iran', 'memiliki', 'skuadron', 'sembilan', 'jet', 'tempur', 'f', 'f', 'skuadron', 'jet', 'sukhoi', 'buatan', 'rusia', 'pesawat', 'mig', 'f', 'f.persenjataan', 'rudaliran', 'memiliki', 'persenjataan', 'rudal', 'balistik', 'luas', 'menjangkau', 'wilayah', 'israel', '.', 'teknologinya', 'secanggih', 'persenjataan', 'negaranegara', 'barat', 'kemampuan', 'rudal', 'iran', 'jangkauan', 'ancaman', 'signifikan', '.', 'iran', 'memiliki', '.', 'rudal', 'permukaankepermukaan', 'membawa', 'hulu', 'ledak', 'ton', '.', 'lihat', ':', 'dosa', 'israel', 'indonesia', 'salah', 'satunya', 'melukai', 'prajurit', 'tni', 'unifil']",internasional
"['rusia', 'tuding', 'nato', 'latih', 'tentara', 'ukraina', 'menyerang', 'fasilitas', 'nuklir', 'rusia']","['moskow', 'dinas', 'intelijen', 'barat', 'melatih', 'penyabotase', 'ukraina', 'provokasi', 'pembangkit', 'listrik', 'tenaga', 'nuklir', 'rusia', '.', 'tudingan', 'perwakilan', 'moskow', 'pbb', 'vassily', 'nebenzia', '.', 'upaya', 'ukraina', 'menargetkan', 'fasilitas', 'nuklir', 'rusia', 'sembrono', 'menjerumuskan', 'benua', 'eropa', 'mimpi', 'buruk', 'radiasi', 'nebenzia', 'memperingatkan', 'pertemuan', 'resmi', 'dewan', 'keamanan', 'pbb', '.', 'berwenang', 'moskow', 'memiliki', 'informasi', 'dipercaya', 'badan', 'intelijen', 'barat', 'mi', 'inggris', 'sistematis', 'kelompok', 'sabotase', 'pengintaian', 'ukraina', 'mengatur', 'provokasi', 'pembangkit', 'listrik', 'tenaga', 'nuklir', 'rusia', '.', 'kiev', 'pendukung', 'asingnya', 'operasi', 'meledakkan', 'kabel', 'listrik', 'menghubungkan', 'pembangkit', 'nuklir', 'jaringan', 'energi', 'nasional', 'rusia', 'utusan', 'tersebut.ia', 'konflik', 'perwakilan', 'negaranegara', 'menuduh', 'moskow', 'bertentangan', 'akal', 'sehat', 'mengacaukan', 'situasi', 'keamanan', 'pembangkit', 'listrik', 'tenaga', 'nuklir', 'zaporozhye', 'znpp', 'kendali', '.', 'fasilitas', 'diamankan', 'pasukan', 'rusia', 'maret', '.', 'baca', 'dunia', 'lelah', 'hegemoni', 'barat', 'dipimpin', 'as', 'nebenzia', 'klaim', 'berusaha', 'mengabaikan', 'fakta', 'serangan', 'rutin', 'gegabah', 'znpp', 'strategi', 'teroris', 'disengaja', 'ukraina.moskow', 'kiev', 'berulang', 'kali', 'menuduh', 'menembaki', 'pembangkit', 'listrik', 'tenaga', 'nuklir', 'terbesar', 'eropa', 'kementerian', 'pertahanan', 'rusia', 'upaya', 'unit', 'penyerang', 'ukraina', 'merebutnya', 'digagalkan', '.', 'badan', 'tenaga', 'atom', 'internasional', 'iaea', 'mengonfirmasi', 'serangan', 'znpp', 'menolak', 'nama', 'bertanggung', 'jawab.namun', 'peristiwa', 'terkini', 'melemahkan', 'argumen', 'mencoba', 'melindungi', 'angkatan', 'bersenjata', 'ukraina', 'pltn', 'znpp', 'utusan', 'merujuk', 'serbuan', 'kiev', 'wilayah', 'kursk', 'rusia', 'agustus', 'dilansir', 'rt', '.', 'bukti', 'terbantahkan', 'kiev', 'berencana', 'menyerang', 'pltn', 'kursk', 'ukraina', 'berencana', 'merebut', 'menambang', 'fasilitas', 'tegasnya.beruntunglah', 'militer', 'rusia', 'mencegah', 'pasukan', 'ukraina', 'mencapai', 'pltn', 'mencegah', 'bencana', 'buatan', 'manusia', 'bencana', 'buatan', 'manusia', 'berskala', 'eropa', 'nebenzia.utusan', 'rusia', 'badanbadan', 'internasional', 'pbb', 'iaea', 'mengutuk', 'tindakan', 'provokatif', 'ukraina', 'mencegah', 'upaya', 'merusak', 'keamanan', 'lokasi', 'nuklir', 'zaporozhye', 'kursk', '.', 'lihat', ':', 'pasukan', 'korea', 'utara', 'tugas', 'usir', 'pasukan', 'ukraina', 'kursk', 'rusia', 'ahm']",internasional
"['dorong', 'dialog', 'pemerintahgenerasi', 'muda', 'angela', 'tanoesoedibjo', ':', 'kebijakan', 'berpihak']","['jakarta', 'ketua', 'partai', 'perindo', 'angela', 'tanoesoedibjo', 'menilai', 'forumforum', 'dialog', 'pemerintah', 'generasi', 'muda', '.', 'kebijakan', 'diambil', 'berpihak', 'generasi', 'muda', '.', 'angela', 'menyebut', 'forumforum', 'dialog', 'langsung', 'pemangku', 'kebijakan', 'mendengar', 'bertukar', 'pikiran', 'generasi', 'muda', '.', 'mendengarkan', 'aspirasi', 'generasi', 'muda', 'bertukar', 'pikiran', 'generasi', 'muda', 'm', 'bloc', 'jakarta', 'selatan', 'senin', '.', 'baca', 'angela', 'tanoesoedibjo', 'diyakini', 'inspirasi', 'kaum', 'perempuan', 'terjun', 'politik', 'angela', 'menilai', 'dialog', 'pemerintah', 'generasi', 'muda', 'inti', 'permasalahan', 'generasi', 'muda', 'arah', 'kebijakan', 'diambil', 'pemerintah', 'berpihak', 'kaum', 'muda', '.', 'depannya', 'kebijakankebijakan', 'insyaallah', 'diambil', 'pemerintah', 'daerah', 'berpihak', 'generasi', 'muda', '.', 'baca', 'dekade', 'partai', 'perindo', 'angela', 'tanoesoedibjo', 'ajak', 'kader', 'merefleksikan', 'tujuan', 'berpolitik', 'menilai', 'pemerintah', 'berperan', 'aktif', 'melibatkan', 'pemuda', '.', 'langkah', 'kepemimpinan', 'dimiliki', 'generasi', 'dirasakan.kita', 'mendengar', 'generasi', 'muda', 'bangsa', '.', 'betulbetul', 'selami', 'bicarabicara', 'pungkasnya', '.', 'lihat', ':', 'volunteering', 'keberlanjutan', 'sumpah', 'pemuda', 'pantai', 'teleng', 'ria', 'pacitan', 'cip']",nasional
"['kejagung', 'beberkan', 'peran', 'tom', 'lembong', 'impor', 'gula']","['jakarta', 'kejaksaan', 'agung', 'kejagung', 'menetapkan', 'menteri', 'perdagangan', 'periode', 'thomas', 'trikasih', 'lembong', 'ttl', 'alias', 'tom', 'lembong', 'tersangka', 'dugaan', 'korupsi', 'impor', 'gula', '.', 'kejagung', 'menilai', 'tom', 'lembong', 'menyalahi', 'aturan', 'pemberian', 'izin', 'swasta', 'impor', 'gula', '.', 'kejagung', 'mei', 'indonesia', 'mengalami', 'surplus', 'gula', '.', 'impor', 'gula', '.', 'menteri', 'perdagangan', 'saudara', 'ttl', 'persetujuan', 'impor', 'gula', 'kristal', 'mentah', 'ribu', 'ton', 'pt', 'ap', 'gula', 'kristal', 'mentah', 'diolah', 'gula', 'kristal', 'putih', 'gkp', 'direktur', 'penyidikan', 'jampidsus', 'kejagung', 'abdul', 'qohar', 'konferensi', 'pers', 'selasa', '.', 'kejagung', 'menilai', 'tindakan', 'ttl', 'menyalahi', 'keputusan', 'menteri', 'perdagangan', 'perindustrian', 'nomor', '.', 'keputusan', 'tertulis', 'diperbolehkan', 'impor', 'gula', 'bumn', '.', 'baca', 'breaking', 'news', 'tom', 'lembong', 'tersangka', 'impor', 'gula', 'berdasarkan', 'persetujuan', 'impor', 'dikeluarkan', 'tersangka', 'ttl', 'impor', 'gula', 'pt', 'ap', 'impor', 'gula', 'kristal', 'mentah', 'rapat', 'koordinasi', 'instansi', 'terkait', 'rekomendasi', 'kementerian', 'perindustrian', 'kebutuhan', 'riil', 'gula', 'negeri', '.', 'tim', 'penyidik', 'jaksa', 'agung', 'muda', 'tindak', 'pidana', 'khusus', 'jampidsus', 'kejaksaan', 'agung', 'kejagung', 'ri', 'menetapkan', 'menteri', 'perdagangan', 'mendag', 'ttl', 'alias', 'thomas', 'trikasih', 'lembong', 'direktur', 'pengembangan', 'bisnis', 'pt', 'perusahaan', 'perdagangan', 'indonesia', 'ppi', 'berinisial', 'cs', '.', 'baca', 'senyum', 'tom', 'lembong', 'pakai', 'rompi', 'tahanan', 'kejagung', 'langsung', 'direktur', 'penyidik', 'jampidsus', 'kejagung', 'ri', 'abdul', 'qohar', 'selasa', 'malam', '.', 'penyidik', 'jaksa', 'agung', 'muda', 'tindak', 'pidana', 'khusus', 'kejaksaan', 'agung', 'ri', 'menetapkan', 'status', 'saksi', 'orang', 'tersangka', 'memenuhi', 'alat', 'bukti', 'bersangkutan', 'tindak', 'pidana', 'korupsi', 'abdul', 'qohar.adapun', 'tersangka', 'ttl', 'menteri', 'perdagangan', 'periode', 'berdasarkan', 'surat', 'penetapan', 'tersangka', 'nomor', 'tapf', ':', 'fd', ':', 'tanggal', 'oktober', '.', 'tersangka', 'nama', 'ds', 'direktur', 'pengembangan', 'bisnis', 'pt', 'ppi', 'berdasarkan', 'surat', 'penetapan', 'tersangka', 'nomor', 'tapf', ':', 'fd', ':', 'tanggal', 'oktober', '.', 'lihat', ':', 'lembong', 'terjerat', 'hukum', 'perizinan', 'impor', 'surplus', 'gula', 'rca']",nasional
"['kapolri', 'siapkan', 'program', 'sukseskan', 'asta', 'cita', 'prabowogibran']","['jakarta', 'kapolri', 'jenderal', 'polisi', 'listyo', 'sigit', 'prabowo', 'memerintahkan', 'jajarannya', 'mendukung', 'asta', 'cita', 'presiden', 'prabowo', 'subianto', '.', 'diungkap', 'sigit', 'video', 'conference', 'vicon', 'jajaran', 'polda', 'polres', 'senin', 'oktober', '.segera', 'rencana', 'jangka', 'pendek', 'menengah', 'sigit', 'mengawali', 'arahannya', 'jajaran', 'dikutip', 'keterangan', 'resminya', 'selasa', '.', 'baca', 'kapolri', ':', 'upaya', 'extraordinary', 'cegah', 'kebocoran', 'keuangan', 'negara', 'sigit', 'mengungkap', 'instruksi', 'presiden', 'prabowo', 'kegiatan', 'retreat', 'kabinet', 'merah', 'putih', 'akademi', 'militer', 'akmil', 'magelang', 'jawa', '.', 'salah', 'instruksinya', 'menjadikan', 'indonesia', 'negara', 'kuat', 'terhormat', 'disegani', 'rakyatnya', 'hidup', 'sejahtera', 'berkontribusi', 'positif', 'kehidupan', 'bangsabangsa', '.', 'mendukung', 'sigit', 'polri', 'program', 'mendukung', 'asta', 'cita', 'ditetapkan', 'pemerintah', '.', 'baca', 'perwira', 'polisi', 'berpangkat', 'kompol', 'dimutasi', 'kapolda', 'metro', 'jaya', 'namanamanya', 'mencegah', 'kebocoran', 'keuangan', 'negara', 'penegakan', 'hukum', 'kasuskasus', 'perhatian', 'pemerintah', 'judi', 'online', 'korupsi', 'narkoba', 'penyelundupan', 'keterangan', 'tertulis.sebagai', 'informasi', 'pemerintahan', 'prabowo', 'subianto', 'gibran', 'rakabuming', 'raka', 'mengusung', 'visi', 'indonesia', 'maju', 'indonesia', 'emas', 'diwujudkan', 'delapan', 'misi', 'asta', 'cita', '.', 'delapan', 'misi', 'asta', 'cita', ':', '.', 'memperkokoh', 'ideologi', 'pancasila', 'demokrasi', 'hak', 'asasi', 'manusia', 'ham', '.', 'memantapkan', 'sistem', 'pertahanan', 'keamanan', 'negara', 'mendorong', 'kemandirian', 'bangsa', 'swasembada', 'pangan', 'energi', 'air', 'ekonomi', 'kreatif', 'ekonomi', 'hijau', 'ekonomi', 'biru', '.', 'meningkatkan', 'lapangan', 'kerja', 'berkualitas', 'mendorong', 'kewirausahaan', 'mengembangkan', 'industri', 'kreatif', 'melanjutkan', 'pengembangan', 'infrastruktur', '.', 'memperkuat', 'pembangunan', 'sumber', 'daya', 'manusia', 'sdm', 'sains', 'teknologi', 'pendidikan', 'kesehatan', 'prestasi', 'olahraga', 'kesetaraan', 'gender', 'penguatan', 'peran', 'perempuan', 'pemuda', 'penyandang', 'disabilitas', '.', 'melanjutkan', 'hilirisasi', 'industrialisasi', 'meningkatkan', 'nilai', 'negeri', '.', 'membangun', 'desa', 'pemerataan', 'ekonomi', 'pemberantasan', 'kemiskinan', '..', 'memperkuat', 'reformasi', 'politik', 'hukum', 'birokrasi', 'memperkuat', 'pencegahan', 'pemberantasan', 'korupsi', 'narkoba', '.', 'memperkuat', 'penyelarasan', 'kehidupan', 'harmonis', 'lingkungan', 'alam', 'budaya', 'peningkatan', 'toleransi', 'antarumat', 'beragama', 'mencapai', 'masyarakat', 'adil', 'makmur', 'lihat', ':', 'wujudkan', 'program', 'swasembada', 'pangan', 'polri', 'rekrut', 'bintara', 'pertanian', 'cip']",nasional
"['iran', 'ledek', 'serangan', 'israel', ':', 'zionis', 'uang', 'receh', 'lemah']","['teheran', 'pemerintah', 'iran', 'meremehkan', 'skala', 'efektivitas', 'serangan', 'israel', 'siitussitus', 'militernya', 'sabtu', '.', 'pejabatnya', 'meledek', 'serangan', 'dianggap', 'lemah', 'menyaikiti', 'teheran.di', 'teheran', 'perdebatan', 'internal', 'iran', 'menanggapi', 'serangan', 'israel.dalam', 'keputusannya', 'elite', 'politik', 'iran', 'mempertimbangkan', 'tekanan', 'politik', 'diplomatik', 'militer', 'bertentangan', '.', 'nada', 'pemerintah', 'kebanggaan', 'patriotik', 'kinerja', 'pertahanan', 'udara', 'alihalih', 'seruan', 'pembalasan', '.', 'mengklaim', 'pertahanan', 'udara', 'terbukti', 'iron', 'dome', 'milik', 'israel', '.', 'baca', 'jet', 'siluman', 'f', 'israel', 'dilaporkan', 'mengebom', 'iran', 'serang', 'sistem', 'rudal', 's', 'tentara', 'tewas', 'pernyataan', 'kementerian', 'negeri', 'iran', 'mengutuk', 'serangan', ':', 'iran', 'berhak', 'berkewajiban', 'membela', 'tindakan', 'agresi', 'asing.juru', 'bicara', 'pemerintah', 'iran', 'fatemeh', 'mohajerani', ':', 'kerusakan', 'terbatas', '.', 'menurutnya', 'kebanggaan', 'rakyat', 'iran', 'diperkuat', 'respons', 'serangan', 'israel.amirhossein', 'sabeti', 'anggota', 'parlemen', 'ultrakonservatif', 'teheran', 'x', ':', 'keamanan', 'stabil', 'bergantung', 'otoritas', 'respons', 'kuat', 'kesalahan', 'terkecil', 'musuh', '.', 'gunung', 'israel', 'melahirkan', 'seekor', 'tikus', 'pelanggaran', 'garis', 'merah', 'iran', 'invasi', 'wilayah', 'negara', 'ditanggapi', 'tingkat', 'mengejutkan', '.', 'terbaik', 'menanggapi', 'terlibat', 'perang', 'melelahkan', 'gaza', 'beirut', 'paparnya', 'dikutip', 'the', 'guardian', 'minggu', '.di', 'media', 'sosial', 'seruan', 'meluncurkan', 'operasi', 'janji', 'sejati', 'iii', 'referensi', 'nama', 'kode', 'serangan', 'iran', 'israel.sebaliknya', 'mantan', 'profesor', 'universitas', 'teheran', 'sadegh', 'zibakalam', ':', 'serangan', 'udara', 'israel', 'iran', 'pencapaian', 'militer', 'tel', 'aviv', 'keberhasilan', 'diplomatik', 'washington', 'memaksa', 'perdana', 'menteri', 'israel', 'benjamin', 'netanyahu', 'ketat', 'membatasi', 'serangan', 'iran', 'membalas', '.', 'amerika', 'kesekian', 'kalinya', 'perang', 'iran', '.', 'lihat', ':', 'perbandingan', 'kekuatan', 'militer', 'iran', 'vs', 'indonesia']",internasional
"['daftar', 'suku', 'palestina', 'dimusnahkan', 'zionis', 'israel', 'habis']","['tepi', 'barat', 'palestina', 'kali', 'target', 'invasi', 'israel', 'suku', 'mendiami', 'wilayah', 'terancam', '.', 'zionis', 'berdalih', 'memburu', 'kelompok', 'pejuang', 'buktinya', 'warga', 'sipil', 'korban.dilansir', 'al', 'jazeera', 'israel', 'menjunjung', 'aspirasi', 'pendiriannya', 'menegakkan', 'doktrin', 'pendudukan', 'sembari', 'genosida', 'tersirat', 'tersurat', 'wilayah', 'palestina.zionis', 'israel', 'menuai', 'keuntungan', 'tanah', 'palestina', 'sumber', 'dayanya', 'surga', 'konsumen', 'modern', 'makmur', 'konon', 'demokratis', 'mendorong', 'hubungan', 'identifikasi', 'kuat', 'amerika', 'serikat', 'as', 'eropa.namun', 'tanggal', 'oktober', 'ketakutan', 'keterkejutan', 'hebat', 'mencengkeram', 'masyarakat', 'israel', 'hamas', 'berani', 'perlawanan', 'tel', 'aviv.ketakutan', 'israel', 'militerisasi', 'narasi', 'antipalestina', 'pembingkaian', 'ulang', 'perlawanan', 'terorisme', 'kekejaman', 'berfokus', 'ancaman', 'dirasakan', 'mempromosikan', 'segregasi', 'apartheid.daftar', 'suku', 'palestina', 'dihabisi', 'israeluntuk', 'meredakan', 'ketakutan', 'genosida', 'melenyapkan', 'suku', 'palestina', 'dalih', 'memburu', 'pelaku', 'terorisme', 'dilakukan.dikutip', 'iwgia', 'masyarakat', 'adat', 'palestina', 'badui', 'jahalin', 'alkaabneh', 'alazazmeh', 'alramadin', 'alrshaida.israel', 'suara', 'deklarasi', 'perserikatan', 'bangsabangsa', 'hakhak', 'masyarakat', 'adat', 'masyarakat', 'adat', 'palestina', 'hidup', 'ketakutan', 'terusmenerus', 'disebabkan', 'pembongkaran', 'penyitaan', 'properti', 'pembatasan', 'hakhak', 'beraktivitas.setelah', 'deklarasi', 'kemerdekaan', 'israel', 'suku', 'badui', 'jahalin', 'suku', 'gurun', 'negev', 'alkaabneh', 'alazazmeh', 'alramadin', 'alrshaida', 'berlindung', 'tepi', 'barat', 'kekuasaan', 'yordania.sukusuku', 'tradisional', 'petani', 'penggembala', 'seminomaden', 'tinggal', 'daerah', 'pedesaan', 'hebron', 'betlehem', 'yerusalem', 'yerikho', 'lembah', 'yordan', 'daerah', 'c.', 'lihat', ':', 'hassan', 'nasrallah', 'pemimpin', 'hizbullah', 'keturunan', 'nabi', 'muhammad']",internasional
"['adu', 'pengaruh', 'benjamin', 'netanyahu', 'vs', 'ali', 'khamenei', 'unggul']","['jakarta', 'perbandingan', 'pengaruh', 'benjamin', 'netanyahu', 'ayatollah', 'ali', 'khamenei', 'menarik', '.', 'nama', 'pemimpin', 'timur', 'samasama', 'berstatus', 'negaranya', 'israel', 'iran.belakangan', 'ketegangan', 'timur', 'memanas', 'buntut', 'perseteruan', 'iran', 'israel', '.', 'orang', 'menganggap', 'momen', 'pemicu', 'perang', 'besarbesaran.dalam', 'konflik', 'iran', 'israel', 'nama', 'pemimpin', 'disorot', 'netanyahu', 'sisi', 'israel', 'ali', 'khamenei', 'iran', '.', 'samasama', 'pengaruh', 'pemimpin', 'negaranya', '.', 'baca', 'tekateki', 'iran', 'luluh', 'lantak', 'diserang', 'pesawat', 'israel', 'jet', 'siluman', 'f', 'perbandingan', 'pengaruh', 'benjamin', 'netanyahu', 'vs', 'ali', 'khamenei', '.', 'pengaruh', 'internal', 'negarabenjamin', 'netanyahu', 'perdana', 'menteri', 'pm', 'israel', 'ali', 'khamenei', 'pemimpin', 'tertinggi', 'iran', '.', 'berkaca', 'statusnya', 'sosok', 'samasama', 'orang', 'nomor', 'negaranya', 'masingmasing.sejalan', 'pengaruh', 'netanyahu', 'khamenei', 'negaranya', 'bersifat', 'mutlak', '.', 'perbedaan', 'pengaruh', 'negeri', '.', 'sisi', 'khamenei', 'dihormati', 'statusnya', 'imam', 'syiah', 'iran', '.', 'pemimpin', 'politik', 'khamenei', 'dianggap', 'pemimpin', 'agama', 'sana.sementara', 'netanyahu', 'statusnya', 'pm', 'israel', '.', 'reputasinya', 'jeblok', 'kalangan', 'warganya.alasannya', 'beragam', 'dianggap', 'bertanggung', 'serangan', 'hamas', 'oktober', 'kunjung', 'dibebaskannya', 'tawanan', 'israel', '.', 'netanyahu', 'sederet', 'kontroversi', 'skandal', 'kerap', 'menimpa', 'loyalisnya', 'pemerintahan', '..', 'reputasi', 'negeribenjamin', 'netanyahu', 'dibenci', 'orang', 'dunia', '.', 'pemimpin', 'negara', 'israel', 'berbuat', 'seakan', 'menantang', 'negaranegara', 'pandang', 'bulu', '.', 'lihat', ':', 'netanyahu', 'berdamai', 'negaranegara', 'arab']",internasional
"['daftar', 'menteri', 'termuda', 'kabinet', 'prabowo', 'nomor', 'penerima', 'adhi', 'makayasa', 'akmil']","['jakarta', 'tujuh', 'menteri', 'kabinet', 'merah', 'putih', 'terbilang', 'muda', 'usianya', 'dibandingkan', '.', 'salah', 'berumur', 'an', 'tahun.kabinet', 'merah', 'putih', 'nama', 'kabinet', 'dibentuk', 'presiden', 'prabowo', 'subianto', 'wakil', 'preiden', 'gibran', 'rakabuming', 'raka', '.', 'kabinet', 'merah', 'putih', 'menteri', 'wakil', 'menteri', '.', 'jajaran', 'kabinet', 'merah', 'putih', 'menyelesaikan', 'retreat', 'akademi', 'militer', 'akmil', 'magelang', 'jawa', '.', 'retreat', 'digelar', 'kamis', 'oktober', '.dari', 'nama', 'menteri', 'presiden', 'prabowo', 'subianto', 'tergolong', 'muda', '.', 'menteri', 'termuda', 'kabinet', 'prabowo', '.', 'iftitah', 'sulaiman', 'tahunletkol', 'tni', 'purn', 'muhammad', 'iftitah', 'sulaiman', 'suryanagara', 'lahir', 'maret', 'berusia', 'dilantik', 'menteri', 'transmigrasi', 'oktober', '.', 'purnawirawan', 'tni', 'politikus', 'partai', 'demokrat.pria', 'banten', 'lulusan', 'terbaik', 'akademi', 'militer', 'akmil', 'penerima', 'bintang', 'adhi', 'makayasa', '.', 'karier', 'iftitah', 'militer', 'terhenti', 'lantaran', 'memutuskan', 'pensiun', 'tni', 'fokus', 'membantu', 'ahy', 'dunia', 'politik', 'bisnis', '..', 'raja', 'juli', 'antoni', 'tahunraja', 'juli', 'antoni', 'lahir', 'pekanbaru', 'riau', 'juli', 'berusia', '.', 'oktober', 'politikus', 'psi', 'dilantik', 'menteri', 'kehutanan.dalam', 'riwayat', 'kariernya', 'juli', 'antoni', 'dipercaya', 'direktur', 'eksekutif', 'maarif', 'institute', 'didirikan', 'mantan', 'ketua', 'pp', 'muhammadiyah', 'ahmad', 'syafii', 'maarif', '.', 'calon', 'ketua', 'pp', 'muhammadiyah', 'periode', 'gagal', '..', 'agus', 'harimurti', 'yudhoyono', 'tahunanak', 'presiden', 'susilo', 'bambang', 'yudhoyono', 'lahir', 'agustus', '.', 'dipercaya', 'menteri', 'koordinator', 'infrastruktur', 'pembangunan', 'wilayah', 'kementerian', 'kabinet', 'merah', 'putih.sebelumnya', 'ahy', 'menduduki', 'posisi', 'menteri', 'agraria', 'tata', 'ruang', 'indonesia', '.', 'ketua', 'partai', 'demokrat', '..', 'meutya', 'hafid', 'tahunselanjutnya', 'meutya', 'hafid', 'menjabat', 'menteri', 'komunikasi', 'digital', 'usia', '.', 'wanita', 'kelahiran', 'mei', 'mantan', 'anggota', 'dpr', 'menggantikan', 'burhanuddin', 'napitupulu', 'meninggal', 'dunia.sebelum', 'terjun', 'politik', 'jurnalis', 'metro', 'tv', 'pembawa', 'acara', 'acara', 'televisi', '..', 'prasetyo', 'hadi', 'tahunprasetyo', 'hadi', 'politisi', 'partai', 'gerindra', 'dipercaya', 'menteri', 'sekretaris', 'negara', 'berusia', '.', 'pria', 'lahir', 'oktober', 'mantan', 'anggota', 'dprri', 'mengundurkan', 'juli', '.kala', 'bertugas', 'komisi', 'ii', 'membidangi', 'pemerintahan', 'negeri', 'otonomi', 'daerah', '..', 'maman', 'abdurrahman', 'tahunmaman', 'abdurrahman', 'lahir', 'september', 'usianya', '.', 'pria', 'pontianak', 'menjabat', 'anggota', 'dprri', 'periode', '.kader', 'partai', 'golkar', 'bertugas', 'komisi', 'vii', 'dipercaya', 'menjabat', 'wakil', 'ketua', 'komisi', 'vii', '..', 'dito', 'ariotedjo', 'tahunmenteri', 'termuda', 'kabinet', 'merah', 'putih', 'dibentuk', 'prabowo', 'subianto', 'dito', 'ariotedjo', 'berusia', '.', 'pria', 'kelahiran', 'september', 'menteri', 'termuda', 'sejarah', 'orde', 'baru.dito', 'orang', 'kelahiran', 'dasawarsa', 'an', 'menteri', '.', 'masuk', 'jajaran', 'tim', 'ahli', 'menteri', 'koordinator', 'bidang', 'perekonomian', 'indonesia', '.', 'lihat', ':', 'gibran', 'plt', 'presiden', 'pekan', 'istana', 'abd']",nasional
"['ditunda', 'sidang', 'pk', 'jessica', 'wongso', 'digelar', 'pn', 'jakarta', 'pusat']","['jakarta', 'pengadilan', 'negeri', 'jakarta', 'pusat', 'pn', 'jakpus', 'menggelar', 'sidang', 'peninjauan', 'pk', 'jessica', 'kumala', 'wongso', 'selasa', '.', 'pk', 'terkait', 'pembunuhan', 'wayan', 'mirna', 'salihin', 'dikenal', 'kopi', 'sianida.diketahui', 'sejatinya', 'sidang', 'perdana', 'pk', 'digelar', 'senin', 'oktober', '.', 'persidangan', 'ditunda', 'lantaran', 'pemohon', 'menghadirkan', 'saksi', 'novum', 'disumpah', '.', 'novum', 'disumpah', 'ketua', 'majelis', 'hakim', 'zulkifli', 'atjo', 'ruang', 'sidang', 'pengadilan', 'negeri', 'jakarta', 'pusat', 'senin', '.', 'baca', 'kekeliruan', 'hakim', 'alasan', 'jessica', 'wongso', 'ajukan', 'pk', 'kopi', 'sianida', 'hakim', 'atjo', 'sidang', 'ditunda', 'pekan', '.', 'penundaan', 'melengkapi', 'halhal', 'dibutuhkan', '.', 'baca', 'perwira', 'polisi', 'berpangkat', 'kompol', 'dimutasi', 'kapolda', 'metro', 'jaya', 'namanamanya', 'melaksanakan', 'formalitasnya', 'membuktikan', 'materilnya', 'mahkamah', 'agung', '.', 'tunda', 'selasa', 'tanggal', 'oktober', 'melengkapi', 'lengkap', 'hakim', 'atjo', '.', 'pantauan', 'lokasi', 'jessica', 'penasihat', 'hukumnya', 'ruang', 'sidang', 'pn', 'jakpus', 'sekira', '.', 'wib', '.', 'jessica', 'mengikuti', 'persidangan', '.', 'lihat', ':', 'sidang', 'pk', 'jessica', 'wongso', 'pembacaan', 'memori', 'kasasi', 'cip']",nasional
"['cnn', 'jet', 'tempur', 'israel', 'terobos', 'langit', 'iran', 'beda', 'klaim', 'teheran']","['teheran', 'cnn', 'media', 'berbasis', 'amerika', 'serikat', 'as', 'melaporkan', 'jet', 'tempur', 'israel', 'memasuki', 'langit', 'wilayah', 'udara', 'iran', 'serangan', 'udara', 'sabtu.laporan', 'berbeda', 'narasi', 'teheran', 'jetjet', 'tempur', 'zionis', 'menyerang', 'wilayah', 'udara', 'irak', 'dikendalikan', 'amerika', 'serikat', 'as', 'memasuki', 'wilayah', 'udara', 'iran.laporan', 'cnn', 'muncul', 'sehari', 'iran', 'international', 'melaporkan', 'jet', 'tempur', 'siluman', 'f', 'israel', 'memasuki', 'wilayah', 'udara', 'iran', 'kalinya', 'mengebom', 'target', 'teheran', '.', 'baca', 'militer', 'iran', ':', 'jetjet', 'tempur', 'israel', 'menyerang', 'wilayah', 'udara', 'irak', 'laporan', 'media', 'amerika', 'mengutip', 'mantan', 'pejabat', 'israel', '.', 'jenis', 'jet', 'tempur', 'zionis', 'menerobos', 'wilayah', 'udara', 'iran.sementara', 'jet', 'terlibat', 'misi', 'memasuki', 'wilayah', 'udara', 'iran', 'tulis', 'cnn', 'laporannya.beberapa', 'jam', 'serangan', 'udara', 'israel', 'staf', 'angkatan', 'bersenjata', 'iran', 'pesawat', 'israel', 'wilayah', 'udara', 'irak', 'dikendalikan', 'militer', 'as', 'meluncurkan', 'rudal', 'jarak', 'diluncurkan', 'udara.pernyataan', 'militer', 'iran', 'serangan', 'zionis', 'mengakibatkan', 'kerusakan', 'terbatas', 'minimal', '.', 'berkat', 'kinerja', 'pertahanan', 'udara', 'negara', 'staf', 'tersebut.beberapa', 'sistem', 'radar', 'rusak', 'diperbaiki', 'diperbaiki', 'pernyataan', 'tersebut.namun', 'citra', 'satelit', 'planet', 'labs', 'penyedia', 'komersial', 'dianalisis', 'ahli', 'militer', 'kerusakan', 'parah', 'situssitus', 'utama', 'militer', 'iran', 'menggarisbawahi', 'dampak', 'signifikan', 'operasi', 'israel.target', 'serangan', 'meliputi', 'fasilitas', 'produksi', 'rudal', 'pabrik', 'pencampuran', 'bahan', 'bakar', 'rudal', 'situssitus', 'terkait', 'pengembangan', 'senjata', 'nuklir', '.', 'lihat', ':', 'perbandingan', 'kekuatan', 'militer', 'iran', 'vs', 'indonesia']",internasional
"['pertahanan', 'udara', 'iran', 'berhasil', 'cegat', 'rudal', 'israel', 'kerusakan', 'minimal']","['teheran', 'iran', 'israel', 'menyerang', 'fasilitas', 'militer', 'negeri', 'sabtu', 'pagi', 'menyebabkan', 'kerusakan', 'terbatas', 'daerah.pertahanan', 'udara', 'iran', 'terbukti', 'mencegat', 'rudal', 'diluncurkan', 'israel', '.', 'israel', 'menyerang', 'bagianbagian', 'pusat', 'militer', 'provinsi', 'teheran', 'khuzestan', 'ilam', 'laporan', 'kantor', 'berita', 'negara', 'irna.irna', 'serangan', 'berhasil', 'dicegat', 'dilawan', 'sistem', 'pertahanan', 'udara', 'terpadu', 'iran', '.', 'pejabat', 'iran', 'pertahanan', 'udara', 'dikerahkan', 'daerah', 'teheran', 'negara', 'papar', 'laporan', 'irna.kantor', 'berita', 'milik', 'negara', 'irna', 'pertahanan', 'udara', 'iran', 'berhasil', 'menembak', 'jatuh', 'target', 'musuh', 'wilayah', 'udara', 'provinsi', 'teheran.rekaman', 'dibagikan', 'daring', 'menangkap', 'intersepsi', 'kota', 'iran.seperti', 'dilaporkan', 'juru', 'bicara', 'senior', 'militer', 'israel', 'daniel', 'hagari', 'mengonfirmasi', 'israel', 'serangan', 'balasannya', 'iran.juru', 'bicara', 'militer', 'israel', 'arab', 'avichay', 'adraee', 'rincian', 'operasi', 'harihari', 'perhitungan.adraee', 'pesawat', 'selamat', 'pangkalan', '.', 'pesawat', 'angkatan', 'udara', 'dipandu', 'intelijen', 'menyerang', 'sarana', 'produksi', 'rudal', 'diluncurkan', 'iran', 'negara', 'israel', 'setahun', 'rudalrudal', 'ancaman', 'langsung', 'warga', 'israel', '.', 'sistem', 'rudal', 'permukaankeudara', 'iran', 'kemampuan', 'udara', 'diserang', 'membatasi', 'kebebasan', 'udara', 'israel', 'iran', '.', 'serangan', 'selesai', 'tujuannya', 'tercapai', 'pungkas', '.', 'baca', 'israel', 'serang', 'iran', 'ledakan', 'terdengar', 'teheran', 'lihat', ':', 'alasan', 'israel', 'mengalami', 'kekalahan', 'perang', 'lebanon', 'gaza', 'sya']",internasional
"['profil', 'letkol', 'laut', 'romi', 'habe', 'putra', 'ajudan', 'presiden', 'prabowo', 'berpengalaman', 'pimpin', 'kapal', 'perang']","['jakarta', 'profil', 'letkol', 'laut', 'p', 'romi', 'habe', 'putra', 'artikel', '.', 'abituren', 'akademi', 'angkatan', 'laut', 'aal', 'salah', 'perwira', 'diajukan', 'ajudan', 'presiden', 'prabowo', 'subianto', '.total', 'perwira', 'disodorkan', 'ajudan', 'presiden', 'prabowo', 'subianto', '.', 'romi', 'habe', 'putra', 'tni', 'al', 'kolonel', 'inf', 'wahyo', 'yuniartoto', 'tni', 'ad', 'kolonel', 'pnb', 'anton', 'pallaguna', 'tni', 'au', 'kombes', 'pol', 'ahrie', 'sonta', 'polri.tni', 'al', 'menyeleksi', 'kandidat', 'terbaiknya', 'septemberoktober', 'tingkat', 'mabes', 'tni', 'angkatan', 'laut', 'setmilpres', 'ajudan', 'presiden', 'rangkaian', 'proses', 'seleksi', 'kandidat', 'terpilih', 'tni', 'al', 'letkol', 'laut', 'p', 'romi', 'habe', 'putra', 'kepala', 'dinas', 'penerangan', 'angkatan', 'laut', 'kadispenal', 'laksamana', 'tni', 'i', 'made', 'wira', 'hady', 'selasa', '.', 'baca', 'profil', 'kolonel', 'pnb', 'anton', 'pallaguna', 'calon', 'ajudan', 'presiden', 'prabowo', 'subianto', 'profil', 'letkol', 'laut', 'p', 'romi', 'habe', 'putraromi', 'habe', 'putra', 'masuk', 'dunia', 'militer', 'muda', '.', 'prajurit', 'kelahiran', 'bersekolah', 'sma', 'taruna', 'nusantara', 'magelang', 'jawa', 'dikenal', 'sekolah', 'calon', 'taruna', '.', 'tamat', 'romi', 'melanjutkan', 'pendidikan', 'aal', 'lulus', '.selama', 'berkarier', 'tni', 'al', 'romi', 'memimpin', 'kapal', 'perang', '.', 'komandan', 'kri', 'sura', 'berpangkat', 'mayor', 'laut', 'p', 'komandan', 'kri', 'wiratno', 'komandan', 'kri', 'sultan', 'hasanuddin', '.', 'jabatan', 'diserahterimakan', 'letkol', 'laut', 'p', 'agung', 'maulana', 'september', 'lalu.atas', 'kinerjanya', 'memimpin', 'kapal', 'perang', 'romi', 'diganjar', 'penghargaan', 'kementerian', 'kelautan', 'perikanan', 'kkp', 'pemberantasan', 'illegal', 'fishing', '.', 'kri', 'sura', 'menangkap', 'kapal', 'ikan', 'asing', 'ilegal.karier', 'diraih', 'romi', 'lepas', 'semangatnya', 'mengikuti', 'beragam', 'pendidikan', 'pengembangan', '.', 'mengikuti', 'pendidikan', 'spesialisasi', 'perwira', 'pelaut', 'mengikuti', 'pendidikan', 'setingkat', 'diklapa', 'internasional', 'maritime', 'officers', 'course', 'usa', 'mengikuti', 'dikmatra', 'australian', 'command', 'staff', 'college', '.', 'romi', 'mengikuti', 'dikmatra', 'tni', 'al', 'angkatan', 'predikat', 'lulusan', 'terbaik', '.', 'baca', 'fakta', 'menarik', 'ajudan', 'prabowo', 'berprestasi', 'terpilih', 'romi', 'mengikuti', 'pendidikan', 'pengembangan', 'spesialis', 'qpr', 'maintenance', 'nav', 'equipt', 'operatoron', 'board', 'level', 'maintenance', 'operator', 'interrogator', 'trans', '.', 'crs', 'prancis', '.', 'setahun', 'mengikuti', 'basic', 'training', 'stcw', 'table', 'helicopter', 'landing', 'officer', 'firefighting', 'course', 'tacticos', 'on', 'board', 'refresher', 'training', 'tetral', 'officer', 'operators', 'training', 'exocet', 'mm', 'itl', 'a', 'b', 'shipofficer', 'belanda.pada', 'romi', 'mengikuti', 'kursus', 'perwira', 'peperangan', 'pwo', 'predikat', 'lulusan', 'terbaik', '.', 'romi', 'mengikuti', 'maritime', 'operations', 'law', 'course', 'australia.penugasan', 'diemban', 'romi', 'negeri', 'negeri', '.', 'prajurit', 'angkatan', 'laut', 'kelahiran', 'bengkinang', 'riau', 'ditugaskan', 'belanda', 'jerman', 'prancis', 'tugas', 'factory', 'training', 'korvet', 'sigma', '.', 'bertugas', 'teluk', 'aden', 'somalia', 'liaison', 'officer', 'ctf', '.pada', 'romi', 'bertugas', 'inggris', 'cawak', 'kapal', 'mrlf', '.', 'setelahnya', 'romi', 'tugas', 'belajar', 'sesko', 'angkatan', 's', 'anu', 'australia', '.', 'lihat', ':', 'korban', 'mafia', 'tanah', 'guru', 'ipb', 'kirim', 'surat', 'keadilan', 'presiden', 'prabowo', 'abd']",nasional
"['prabowo', 'data', 'subsidi', 'selesai', 'minggu']","['jakarta', 'presiden', 'prabowo', 'subianto', 'jajaran', 'menteri', 'kabinet', 'merah', 'putih', 'menyinkronkan', 'datadata', 'subsidi', 'masyarakat', 'pekan', '.', 'data', 'subsidi', 'sasaran.sekarang', 'mempertajam', 'datadata', 'masyarakat', 'menerima', '.', 'subsidi', 'sasaran', '.', 'sasaran', 'subsidinya', 'orang', '.', 'dikaji', 'perintahnya', 'minggu', 'diselesaikan', 'kepala', 'kantor', 'komunikasi', 'kepresidenan', 'hasan', 'nasbi', 'kompleks', 'istana', 'kepresidenan', 'jakarta', 'rabu', '.hasan', 'pemerintah', 'menyinkronkan', 'datadata', 'penerima', 'subsidi', 'data', 'terpadu', 'kesejahteraan', 'sosial', 'dtks', 'data', 'bappenas', '.', 'pemberian', 'subsidi', 'sesuai', 'by', 'name', 'by', 'address', 'datanya', 'sinkronisasi', 'koordinasi', 'badan', 'pusat', 'statistik', 'bps', '.', 'baca', 'prabowo', 'perintahkan', 'subsidi', 'bbm', 'langsung', 'masyarakat', 'data', 'disiapkan', 'bps', '.', 'kementerian', 'terlibat', 'leading', 'sektor', 'bps', 'katanya.hasan', 'sinkronisasi', 'data', 'tindak', 'kebijakan', 'subsidi', 'energi', 'listrik', 'bbm', 'gas.ini', 'kebijakan', 'subsidi', 'energi', '.', '.', 'subsidi', 'sasaran', 'masyarakat', 'membutuhkan', '.', 'lihat', ':', 'baleg', 'dpr', 'usul', 'prolegnas', 'disesuaikan', 'asta', 'cita', 'prabowo', 'abd']",nasional
"['militer', 'iran', 'serangan', 'israel', 'targetkan', 'pangkalan', 'provinsi']","['teheran', 'militer', 'iran', 'mengonfirmasi', 'serangan', 'israel', 'negara', 'menargetkan', 'pangkalan', 'militer', 'provinsi', 'ilam', 'khuzestan', 'teheran', 'menyebabkan', 'kerusakan', 'terbatas.pernyataan', 'angkatan', 'bersenjata', 'iran', 'dibacakan', 'televisi', 'pemerintah', 'gambar', 'lokasi', 'serangan.militer', 'iran', 'mengklaim', 'pertahanan', 'udaranya', 'membatasi', 'kerusakan', 'ditimbulkan', 'serangan', 'israel.juru', 'bicara', 'militer', 'israel', 'daniel', 'hagari', 'mengonfirmasi', 'serangan', 'balasan', 'israel', 'iran', 'selesai.kami', 'serangan', 'terarah', 'target', 'militer', 'iran', 'menggagalkan', 'ancaman', 'langsung', 'negara', 'israel', 'dia.hagari', 'memperingatkan', 'pemerintah', 'iran', 'israel', 'menyerang', 'target', 'negara', 'diperlukan.kami', 'memilih', 'target', 'tambahan', '...', 'menyerang', '.', 'pesan', 'mengancam', 'israel', 'membayar', 'harga', 'mahal', 'dia.militer', 'israel', 'melancarkan', 'serangan', 'iran', 'menghantam', 'lokasi', 'jam', 'respons', 'serangan', 'rudal', 'republik', 'islam', 'oktober', 'israel', '.', 'juru', 'bicara', 'militer', 'israel', 'serangan', 'selesai', 'namakan', 'operasi', 'harihari', 'pembalasan', 'menyerang', 'sarana', 'produksi', 'rudal', 'iran', 'sistem', 'rudal', 'permukaankeudara', 'kemampuan', 'pertahanan', 'udara', '.', 'israel', 'memperingatkan', 'iran', 'membalas', 'diwajibkan', 'membalas', '.', 'lihat', ':', 'rusia', 'iran', 'sukses', 'ladeni', 'serangan', 'israel']",internasional
"['wamentan', 'sudaryono', 'dorong', 'sumber', 'protein', 'alternatif', 'makan', 'bergizi', 'gratis']","['jakarta', 'pemerintah', 'indonesia', 'program', 'makan', 'bergizi', 'gratis', 'mbg', 'dijadwalkan', 'januari', '.', 'wakil', 'menteri', 'pertanian', 'wamentan', 'sudaryono', 'mengusulkan', 'pemenuhan', 'protein', 'program', 'bergantung', 'susu', 'sumber', 'protein', 'lain.wamentan', 'sudaryono', 'akrab', 'disapa', 'mas', 'dar', 'produksi', 'susu', 'nasional', 'digenjot', 'memenuhi', 'kebutuhan', 'program', 'makan', 'bergizi', 'gratis', '.', 'menyarankan', 'badan', 'gizi', 'substitusi', 'sumber', 'protein', 'alternatif.produksi', 'susu', 'mencukupi', '.', 'membebani', 'negara', 'impor', 'susu', '.', 'badan', 'gizi', 'mempertimbangkan', 'sumber', 'protein', 'alternatif', 'wamentan', 'rapat', 'koordinasi', 'badan', 'usaha', 'milik', 'negara', 'bumn', 'pangan', 'kantor', 'pusat', 'kementerian', 'pertanian', 'jakarta', 'selasa', '.wamentan', 'sudaryono', 'ayam', 'telur', 'contoh', 'sumber', 'protein', 'tersedia', 'ekspor', '.', 'menekankan', 'manfaat', 'ekonomi', 'petani', 'peternak', 'program', 'makan', 'bergizi', '.', 'wamentan', 'sudaryono', 'makan', 'bergizi', 'minum', 'susu', 'memenuhi', 'kebutuhan', 'protein', 'sumber', '.', 'ayam', 'telur', 'swasembada', '.', 'sumber', 'protein', '.', 'makan', 'bergizi', 'minum', 'susu', 'makan', 'protein', '.', 'betulbetul', 'makan', 'bergizi', 'ekonomi', 'bermanfaat', 'petani', 'padi', 'petani', 'sayur', 'peternak', 'ujarnya.wamentan', 'sudaryono', 'sentra', 'susu', 'indonesia', 'banyumas', 'boyolali', 'menyuplai', 'kebutuhan', 'lokal', '.', 'pemerintah', 'membuka', 'ruang', 'perusahaan', 'negeri', 'sapi', 'hidup', 'membangun', 'industri', 'sapi', '.', 'kawal', 'asistensi', 'ucapnya.sebelumnya', 'menteri', 'pertanian', 'andi', 'amran', 'sulaiman', 'kementan', 'berkomitmen', 'kuat', 'menyukseskan', 'citacita', 'swasembada', 'pangan', 'makan', 'bergizi', 'gratis', 'digagas', 'presiden', 'prabowo', 'subianto', '.', 'strategi', 'disiapkan', 'peningkatan', 'produksi', 'susu', 'daging', 'program', 'pekarangan', 'pangan', 'bergizi', '.', 'program', 'membagikan', 'benih', 'bibit', 'unggul', '.', 'pekarangan', 'tanam', 'sayursayuran', 'umbiumbian', 'ternak', 'ayam', 'bebek', 'lele', '.', 'makanan', 'bergizinya', 'ekonomi', 'perdesaan', 'tumbuh', 'menteri', 'pertanian', 'mentan', 'andi', 'amran', 'sulaiman', 'kamis', '.', 'lihat', ':', 'pgn', 'ambil', 'peran', 'gotong', 'royong', 'bangun', 'jargas', 'nasional', 'kurangi', 'subsidi', 'energi', 'ars']",nasional
"['survei', 'indikator', 'kejagung', 'lembaga', 'penegak', 'hukum', 'dipercaya', 'publik']","['jakarta', 'kejaksaan', 'agung', 'kejagung', 'kepemimpinan', 'jaksa', 'agung', 'st', 'burhanuddin', 'lembaga', 'penegak', 'hukum', 'dipercaya', 'publik', '.', 'terpotret', 'survei', 'indikator', 'politik', 'indonesia.kejagung', 'urutan', 'ketiga', 'institusi', 'presiden', 'tni', '.', 'kepercayaan', 'publik', 'kejagung', 'mencapai', 'dibanding', 'lembaga', 'penegak', 'hukum', 'lainnya.kalau', 'cek', 'tni', 'dipercaya', 'disusul', 'institusi', 'presiden', 'kejaksaan', 'agung', 'direktur', 'eksekutif', 'indikator', 'politik', 'indonesia', 'burhanuddin', 'muhtadi', 'merilis', 'hasil', 'survei', 'keyakinan', 'ekspektasi', 'publik', 'pemerintahan', 'prabowogibran', 'daring', 'minggu', '.', 'baca', 'hakim', 'vonis', 'bebas', 'ronald', 'tannur', 'ditangkap', 'kejagung', 'kejagung', 'pengadilan', 'tingkat', 'kepercayaan', 'publik', 'polri', 'mahkamah', 'konstitus', 'mk', 'komisi', 'pemberantasan', 'korupsi', 'kpk', '.sementara', 'menteri', 'perumahan', 'maruarar', 'sirait', 'mengapresiasi', 'capaian', 'kejagung', 'lembaga', 'penegak', 'hukum', 'dipercaya', 'publik', '.', 'maruarar', 'menyebut', 'jaksa', 'agung', 'st', 'burhanuddin', 'komitmennya', 'pemberantasan', 'korupsi', '.', 'baca', 'kejagung', 'sidik', 'korupsi', 'total', 'kerugian', 'rp', 'triliun', 'jaksa', 'agung', 'bagus', 'bilang', 'memberantas', 'korupsi', 'kepalanya', '.', 'orang', 'nomor', 'satunya', '.', 'pikir', 'jaksa', 'agung', 'ngomong', 'menteri', 'contoh', 'politikus', 'partai', 'gerindra', 'hadir', 'rilis', 'survei.survei', 'indikator', 'politik', 'indonesia', 'periode', 'oktober', '.', 'populasi', 'survei', 'warga', 'negara', 'indonesia', 'survei', 'nasional', 'hak', 'pilih', 'pemilihan', 'berumur', 'menikah', 'survei', 'dilakukan.penarikan', 'sampel', 'metode', 'multistage', 'random', 'sampling', 'sampel', '.', 'orang', '.', 'asumsi', 'metode', 'simple', 'random', 'sampling', 'ukuran', 'sampel', '.', 'responden', 'memiliki', 'toleransi', 'kesalahan', 'margin', 'of', 'errormoe', '.', 'tingkat', 'kepercayaan', 'persen', '.', 'sampel', 'berasal', 'provinsi', 'indonesia', 'terdistribusi', 'proporsional', '.', 'responden', 'terpilih', 'diwawancarai', 'tatap', 'muka', 'pewawancara', 'dilatih', '.', 'quality', 'control', 'hasil', 'wawancara', 'random', 'total', 'sampel', 'supervisor', 'responden', 'terpilih', 'spot', 'check', '.', 'quality', 'control', 'ditemukan', 'kesalahan', '.', 'lihat', ':', 'tom', 'lembong', 'tersangka', 'korupsi', 'impor', 'gula', 'cak', 'imin', ':', 'sedih', 'cip']",nasional
"['launching', 'bedah', 'buku', 'dinasti', 'keong', 'demokrasi', 'mati']","['jakarta', 'buku', 'dinasti', 'keong', 'demokrasi', 'mati', 'resmi', 'diluncurkan', 'jakarta', 'senin', '.', 'launching', 'buku', 'ditulis', 'senior', 'politik', 'fi', 'titik', 'wijayanti', 'amos', 'apri', 'dawan', 'purwandono', 'diramaikan', 'puluhan', 'relawan', 'politik.dalam', 'sambutannya', 'penulis', 'buku', 'fi', 'titik', 'wijayanti', 'demo', 'mahkamah', 'kontitusi', 'mk', 'momen', 'merenung', 'menulis', 'buku', '.', 'momen', 'wacana', 'dinasti', 'muncul', 'inspirasi', 'penulisan', 'dinasti', 'keong.sedangkan', 'purwandono', 'konteks', 'refleksi', 'potensi', 'keterulangan', 'tragedi', 'kemanusiaan', 'negeri', '.', 'konteks', 'menghasilkan', 'sistem', 'sempurna', 'terbukti', 'menghasilkan', 'figur', 'pemimpin', '.', 'refleksi', 'peristiwa', 'munculnya', 'upaya', 'mengaburkan', 'sejarah', 'kemunduran', 'demokrasi', 'pemicu', 'penulisan', 'buku', '.', 'keterlibatan', 'kekuasaan', 'mengubah', 'aturan', 'kepentingan', 'kekuasaan', 'kroni', 'oligarki', 'keluarganya', 'pemicu', 'penulisan', 'buku', 'mengajak', 'elemen', 'gerakan', 'mengembalikan', 'demokrasi', 'singgasana', 'dasar', 'berpolitik', 'bangsa', 'ujarnya.pengamat', 'politik', 'ikrar', 'nusa', 'bakti', 'pandangan', 'pasang', 'surut', 'demokrasi', 'perjalanan', 'bangsa', 'pascakemerdekaan', '.', 'menurutnya', 'prediksi', 'terkagetkaget', 'rezim', 'berkuasa', 'itu.beliau', 'keberhasilan', 'gerakan', 'didukung', 'keberadaan', 'televisi', 'swasta', 'menyiarkan', 'demo', 'aksi', 'massa', 'elemenelemen', 'gerakaa', '.', 'dukungan', 'faksi', 'tubuh', 'tentara', 'didominasi', 'angkatan', 'an', 'akmil', 'terangnya.ikrar', 'harapan', 'keberatan', 'demokrasi', 'mati', '.', 'demokrasi', 'indonesia', 'dihancurkan', 'pemimpin', 'sipil', '.', 'lihat', ':', 'mewaspadai', 'pembunuh', 'budaya', 'jemari', 'poe']",nasional
"['israel', 'takut', 'iran', 'analisanya']","['jakarta', 'israel', 'iran', 'kali', 'serang', 'rudal', 'ambang', 'perang', 'besarbesaran.meskipun', 'menganggap', 'iran', 'ancaman', 'ekistensi', 'israel', 'alasan', 'rezim', 'zionis', 'takut', 'teheran.analisa', 'israel', 'takut', 'iran', '.', 'faktor', 'kekuatan', 'militer', 'israelsalah', 'alasan', 'utama', 'israel', 'takut', 'iran', 'kekuatan', 'militernya', '.', 'israel', 'memiliki', 'salah', 'angkatan', 'bersenjata', 'canggih', 'dunia', 'didukung', 'teknologi', 'peralatan', 'militer', 'modern', 'sistem', 'pertahanan', 'rudal', 'berlapis', 'iron', 'dome', 'arrow', 'sistem', 'laser', 'davids', 'sling', '.', 'baca', 'cnn', 'jet', 'tempur', 'israel', 'terobos', 'langit', 'iran', 'beda', 'klaim', 'teheran', 'kekuatan', 'iran', 'unggul', 'kertas', 'paparan', 'data', 'global', 'firepower', 'menempatkan', 'kekuatan', 'militer', 'iran', 'urutan', 'negara', 'dunia', 'israel', 'nomor', 'negara.namun', 'fakta', 'lapangan', 'kebalikannya', '.', 'israel', 'satusatunya', 'negara', 'timur', 'mengoperasikan', 'jet', 'tempur', 'siluman', 'f', 'perang', '.', 'rezim', 'zionis', 'diyakini', 'pakar', 'militer', 'memiliki', 'senjata', 'nuklir', 'israel', 'mengakui', 'menyangkalnya.sedangkan', 'militer', 'iran', 'berjuang', 'keras', 'sanksi', 'barat', 'bertahuntahun', '.', 'sistem', 'persenjataan', 'buatan', 'negeri', 'perangkat', 'keras', 'militer', 'iran', 'kebanyakan', 'tua', 'rentan', 'sanksi', 'barat', 'memungkikannya', 'peremajaan', 'upgrade', '..', 'israel', 'disokong', 'as', 'sekutunyaisrael', 'memiliki', 'dukungan', 'kuat', 'amerika', 'serikat', 'as', 'sekutu', 'strategis', 'utama', 'sekutu', 'abadi', '.', 'negara', 'utama', 'nato', 'inggris', 'jerman', 'prancis', 'kerap', 'mendukung', 'militer', 'zionis', '.', 'bantuan', 'militer', 'as', 'israel', 'mencapai', 'miliaran', 'dolar', 'israel', 'akses', 'teknologi', 'militer', 'canggih', '.', 'lihat', ':', 'afsel', 'sodorkan', 'dokumen', 'halaman', 'bukti', 'genosida', 'israel', 'gaza']",internasional
"['israel', 'serang', 'iran', 'ledakan', 'terdengar', 'teheran']","['teheran', 'warga', 'teheran', 'kantor', 'berita', 'the', 'associated', 'press', 'tujuh', 'ledakan', 'terdengar', 'kota', 'iran', 'mengguncang', 'daerah', 'sekitarnya.ledakan', 'dilaporkan', 'terdengar', 'teheran', 'kota', 'terdekat', 'karaj', 'sabtu', 'pagi', 'media', 'iran', 'diduga', 'serangan', 'balasan', 'israel', 'iran.menteri', 'pertahanan', 'menhan', 'israel', 'yoav', 'gallant', 'mengarahkan', 'serangan', 'kompleks', 'aman', 'markas', 'idf', 'tel', 'aviv', 'media', 'israel.pejabat', 'israel', 'mengonfirmasi', 'radio', 'angkatan', 'darat', 'israel', 'menyerang', 'target', 'iran.idf', 'menyerang', 'target', 'iran', 'juru', 'bicara', 'idf', 'daniel', 'hagari', '.', 'tanggapan', 'serangan', 'terusmenerus', 'rezim', 'iran', 'negara', 'israel', '.', 'idf', 'sepenuhnya', 'serangan', 'pertahanan', '.', 'mengikuti', 'perkembangan', 'iran', 'proksinya', 'kawasan', 'papar', '.', 'perubahan', 'perintah', 'komando', 'front', 'negeri', 'israel', 'diumumkan.laporan', 'ledakan', 'bandara', 'internasional', 'imam', 'khomeini', 'kota', 'iran', 'diterima.media', 'arab', 'melaporkan', 'israel', 'menyerang', 'lokasi', 'markas', 'korps', 'garda', 'revolusi', 'islam', 'iran.kantor', 'berita', 'tasnim', 'laporan', 'suara', 'roket', 'pesawat', 'terbang', 'langit', 'teheran', '.', 'lihat', ':', 'alasan', 'israel', 'mengalami', 'kekalahan', 'perang', 'lebanon', 'gaza']",internasional
"['perang', 'melawan', 'israel', 'memanas', 'iran', 'naikkan', 'anggaran', 'militer']","['teheran', 'iran', 'berencana', 'melipatgandakan', 'anggaran', 'militernya', 'juru', 'bicara', 'pemerintah', 'ketegangan', 'israel', 'meningkat', 'genosida', 'militer', 'israel', 'gaza', 'lebanon', '.', 'peningkatan', 'anggaran', 'pertahanan', 'direncanakan', 'proposal', 'diajukan', 'pemerintah', 'parlemen', 'disetujui', 'fatemeh', 'mohajerani', 'juru', 'bicara', 'pemerintah', 'selasa', '.', 'peningkatan', 'mencapai', 'disaksikan', 'anggaran', 'pertahanan', 'negara', 'mohajerani', 'rincian', 'lanjut.anggaran', 'diusulkan', 'dibahas', 'anggota', 'parlemen', 'diharapkan', 'menyelesaikannya', 'maret', '.pengeluaran', 'militer', 'iran', 'usd', 'miliar', 'lembaga', 'pemikir', 'stockholm', 'international', 'peace', 'research', 'institute', 'sipri', '.', 'perbandingan', 'israel', 'menghabiskan', 'usd', 'miliar', 'militer', 'papar', 'sipri.council', 'on', 'foreign', 'relations', 'lembaga', 'pemikir', 'berkantor', 'pusat', 'washington', 'dc', 'amerika', 'serikat', 'usd', 'miliar', 'bantuan', 'militer', 'israel', 'oktober', 'april', '.pada', 'pengeluaran', 'iran', 'militernya', 'usd', 'miliar', 'data', 'terbaru', 'diterbitkan', 'bank', 'dunia.pada', 'sabtu', 'militer', 'israel', 'melancarkan', 'serangan', 'pangkalan', 'militer', 'iran', 'menghantam', 'lokasi', 'jam', 'ilam', 'khuzestan', 'teheran', 'menewaskan', 'tentara.melaporkan', 'teheran', 'resul', 'serdar', 'al', 'jazeera', 'urgensi', 'meningkat', 'iran', 'serangan', 'wilayahnya', 'kalinya', 'perang', 'iranirak', 'an', '.', 'lihat', ':', 'sekutu', 'zionis', 'kutuk', 'langkah', 'israel', 'larang', 'unrwa']",internasional
"['pekerjaan', 'rumah', 'presiden', 'prabowo', 'jaga', 'kedaulatan', 'bangsa']","['jakarta', 'ketua', 'dewan', 'pimpinan', 'nasional', 'asosiasi', 'petani', 'tembakau', 'indonesia', 'dpn', 'apti', 'agus', 'parmuji', 'menaruh', 'harapan', 'presiden', 'indonesia', 'prabowo', 'subianto', 'melindungi', 'jutaan', 'petani', 'tembakau', 'tanah', 'air', 'ancaman', 'global', 'regulasi', '.', 'agus', 'parmuji', 'industri', 'hasil', 'tembakau', 'legal', 'diawasi', 'diatur', 'peraturan', 'ketat', 'sisi', 'fiskal', 'nonfiskal', 'meliputi', 'peraturan', 'daerah', 'peraturan', 'bupatiwali', 'kotagubernur', 'kementerian', 'perundangundangan', '.', 'terbitnya', 'pp', 'rancangan', 'peraturan', 'menteri', 'kesehatan', 'rpmk', 'pengamanan', 'produk', 'tembakau', 'rokok', 'elektronik', 'menuai', 'penolakan', 'kalangan', 'penolakan', 'ekosistem', 'pertembakauan', '.', 'baca', 'ancam', 'keberlangsungan', 'petani', 'tembakau', 'bungkus', 'rokok', 'polos', 'merek', 'banjir', 'penolakan', 'padatnya', 'regulasi', 'aturan', 'dibebankan', 'iht', 'legal', 'nasional', 'berdampak', 'kelangsungan', 'hidup', 'jutaan', 'petani', 'tembakau', 'bergantung', 'pabrikan', 'rokok', 'agus', 'parmuji', 'dihubungi', 'jakarta', 'selasa', '.agus', 'parmuji', 'melindungi', 'jutaan', 'petani', 'tembakau', 'soko', 'guru', 'ekonomi', 'bangsa', 'dpn', 'apti', 'menitipkan', 'pr', 'presiden', 'prabowo', 'subianto', '.', 'pemerintah', 'indonesia', 'mengaksesi', 'framework', 'convention', 'on', 'tobacco', 'control', 'fctc', '.', 'posisi', 'indonesia', 'halnya', 'negara', 'dunia', 'mata', 'pencaharian', 'masyarakatnya', 'bergantung', 'sektor', 'pertembakauan', '.', 'baca', 'perwira', 'polisi', 'berpangkat', 'kompol', 'dimutasi', 'kapolda', 'metro', 'jaya', 'namanamanya', 'menurutnya', 'kerangka', 'fctc', 'diterapkan', 'indonesia', 'mematikan', 'tenaga', 'kerja', 'petani', 'buruh', 'menekan', 'pertumbuhan', 'ekonomi', 'nasional', '.', 'bertolak', 'visi', 'misi', 'asta', 'cita', 'menyerap', 'jutaan', 'tenaga', 'kerja', 'meningkatkan', 'pertumbuhan', 'ekonomi', 'indonesia.pihaknya', 'mendukung', 'visi', 'presiden', 'prabowo', 'menjalankan', 'kepemimpinan', 'negara', 'bangsa', 'tulus', 'mengutamakan', 'kepentingan', 'rakyat', 'indonesia.kami', 'berharap', 'presiden', 'prabowo', 'meratifikasi', 'fctc', '.', 'suara', 'rakyat', 'wajib', 'didengar', 'pemerintah', 'indonesia', 'utamanya', 'hajat', 'hidupnya', 'bergantung', 'industri', 'hasil', 'tembakau', '.', 'lihat', ':', 'kowani', 'harap', 'pemerintahan', 'prabowogibran', 'berpihak', 'perempuan', 'anak']",nasional
"['malam', 'abraham', 'silaban', 'ab', 'presiden', 'prabowo', 'maung', 'garuda', 'perkasa', 'inews']","['jakarta', 'maung', 'garuda', 'mv', 'garuda', 'limousine', 'pusat', 'perhatian', 'pelantikan', 'presiden', 'ri', 'oktober', '.', 'kendaraan', 'bukti', 'kerja', 'keras', 'dukungan', 'penuh', 'pemerintah', 'bangsa', 'menciptakan', 'produk', 'memenuhi', 'kebutuhan', 'nasional', 'kebanggaan', 'mata', 'dunia.dalam', 'episode', 'terbaru', 'ab', 'abraham', 'silaban', 'malam', 'membahas', 'mendalam', 'kendaraan', 'lahir', 'karya', 'anak', 'bangsa', 'dikembangkan', 'mengakomodasi', 'kepresidenan', 'pejabat', 'negara', 'prioritas', 'keamanan', 'kenyamanan', '.', 'diproduksi', 'pt', 'pindad', 'maung', 'garuda', 'hadir', 'desain', 'sangar', 'mencerminkan', 'karakter', 'tangguh', 'khas', 'kendaraan', 'militer', '.', 'kendaraan', 'berwarna', 'putih', 'tampilan', 'eksklusif', 'maskulin', 'memiliki', 'proteksi', 'kenyamanan', 'material', 'berkualitas', 'fiturfitur', 'mutakhir', '.', 'baca', 'maung', 'garuda', 'hewan', 'misterius', 'simbol', 'kekuatan', 'indonesia', 'bobot', 'ton', 'dimensi', 'm', 'lebar', 'm', 'm', 'desain', 'long', 'wheelbase', 'nyaman', 'lega', '.', 'kendaraan', 'memiliki', 'daya', 'mesin', 'ps', 'hp', 'transmisi', 'at', 'percepatan', 'memiliki', 'kecepatan', 'maksimum', 'kmjam', '.', 'performanya', 'kuat', 'kendaraan', 'melibas', 'medan', 'sesuai', 'kebutuhan', 'mobilitas', 'kepala', 'negaratampilan', 'perdana', 'maung', 'garuda', 'pelantikan', 'presiden', 'berhasil', 'menarik', 'perhatian', 'publik', 'perbincangan', 'media', 'sosial', '.', 'netizen', 'komentar', 'positif', 'bangga', 'kendaraan', 'buatan', 'negeri', 'antusiasme', 'inovasi', 'industri', 'otomotif', 'indonesia', '.', 'masyarakat', 'mv', 'garuda', 'limousine', 'bukti', 'indonesia', 'mengembangkan', 'kendaraan', 'berkelas', 'memenuhi', 'standar', 'kepresidenan', 'bergantung', 'produk', 'negeri', '.', 'penasaran', 'gagahnya', 'kendaraan', 'milik', 'presiden', 'ri', 'inisaksikan', 'selengkapnya', 'liputan', 'mendalam', 'abraham', 'silaban', 'ab', 'presiden', 'prabowo', 'maung', 'garuda', 'perkasa', 'menggali', 'informasi', 'cerdas', 'mendalam', 'mengungkap', 'mendengarkan', 'faktafakta', 'langsung', 'narasumber', 'tepercaya', '.', 'malam', '.', 'wib', 'inews', '.', 'lihat', ':', 'prabowo', 'negeri', 'indonesia', 'dipimpin', 'gibran', 'minggu', 'zik']",nasional
"['terima', 'penghargaan', 'angkie', 'yudistia', ':', 'kawal', 'inklusivitas', 'kesejahteraan', 'masyarakat']","['jakarta', 'staf', 'khusus', 'presiden', 'ri', 'periode', 'angkie', 'yudistia', 'menerima', 'penghargaan', 'youth', 'humanitarian', 'award', 'kategori', 'individu', 'human', 'initiative', '.', 'sambutannya', 'angkie', 'terkait', 'generasi', 'muda', 'menggelorakan', 'semangat', 'memiliki', 'usaha.generasi', 'muda', 'berkembang', 'wirausaha', 'sosial', 'berdampak', 'luas', 'masyarakat', 'membutuhkan', 'kelompok', 'rentan', 'angkie', 'hotel', 'bidakara', 'jakarta', 'selasa', '.', 'menerima', 'penghargaan', 'bendahara', 'partai', 'perindo', 'terima', 'kasih', 'temanteman', 'disabilitas', '.', 'motivasi', 'penyandang', 'disabilitas', 'bersemangat', 'mengejar', 'mimpi', '.', 'baca', 'bendum', 'perindo', 'angkie', 'yudistia', 'terima', 'penghargaan', 'youth', 'humanitarian', 'award', 'berterima', 'kasih', 'mewakili', 'penyandang', 'disabilitas', 'juta', 'jiwa', '.', 'perempuan', 'membuktikan', 'keterbatasan', 'membuktikan', 'kelebihankelebihan', 'miliki', '.', 'percaya', 'no', 'one', 'left', 'behind', 'tertinggal', 'ujarnya.ia', 'memotivasi', 'teman', 'disabilitas', 'bersemangat', 'menjalani', 'kehidupan', 'seharihari', '.', 'berharap', 'kedepan', 'inklusifitas', 'terwujud', 'adalagi', 'sekatsekat', 'kehidupan', 'sosial.untuk', 'samasama', 'mengawal', 'inklusifitas', 'kesejahteraan', 'lapisan', 'masyarakat', '.', 'sesuai', 'bunyi', 'sila', 'pancasila', 'kemanusiaan', 'adil', 'beradab', '.', 'mengedepankan', '.', 'bunyi', 'sila', 'pancasila', 'keadilan', 'sosial', 'rakyat', 'indonesia', '.', 'masyarakat', 'layak', 'keadilan', 'perbedaan', 'apapun', 'ucapnya.sebelumnya', 'angkie', 'penghargaan', 'acara', 'r.a', 'kartini', 'award', 'nominasi', 'turned', 'disability', 'into', 'strength', 'ra', 'kartini', 'award', '.', 'penghargaan', 'tanda', 'kehormatan', 'satyalancana', 'wira', 'karya', 'agustus', '.', 'penghargaan', 'youth', 'humanitarian', 'award', 'kategori', 'individu', 'human', 'initiative', 'penghargaan', 'diterima', 'angkie', 'yudistia', '.', 'lihat', ':', 'bank', 'jatim', 'sabet', 'platinum', 'awardbest', 'issuer', 'bank', 'atm', 'ajang', 'prima', 'awards', 'rca']",nasional
"['deputi', 'kpk', 'pahala', 'nainggolan', 'polda', 'metro', 'diperiksa', 'terkait', 'alex', 'marwata']","['jakarta', 'deputi', 'pencegahan', 'monitoring', 'komisi', 'pemberantasan', 'korupsi', 'kpk', 'pahala', 'nainggolan', 'polda', 'metro', 'jaya', 'senin', '.', 'pahala', 'menjalani', 'pemeriksaan', 'terkait', 'pertemuan', 'wakil', 'ketua', 'kpk', 'alex', 'marwata', 'eks', 'kepala', 'bea', 'cukai', 'yogyakarta', 'eko', 'darmanto.pahala', 'gedung', 'ditreskrimsus', 'polda', 'metro', 'jaya', '.', 'wib', '.', 'kemeja', 'berwarna', 'putih', '.', 'disiapkan', 'jiwa', 'raga', 'deh', 'cerita', 'pahala', 'awak', 'media', 'senin', '.terpisah', 'dirkrimsus', 'polda', 'metro', 'jaya', 'kombes', 'pol', 'ade', 'safri', 'simanjuntak', 'pemanggilan', 'deputi', 'pencegahan', 'monitoring', 'komisi', 'pemberantasan', 'korupsi', 'kpk', 'pahala', 'nainggolan', 'sesuai', 'jadwal.masih', 'sesuai', 'jadwal', 'beliau', 'diklarifikasi', 'orang', 'pegawai', 'kpk', 'ruang', 'riksa', 'lantai', 'ditreskrimsus', 'polda', 'metro', 'jaya', 'katanya.namun', 'terkait', 'identitas', 'orang', 'pegawai', 'kpk', 'ade', 'safri', 'membeberkan', 'pegawai', 'kpk', '.', 'ucapnya.untuk', 'polisi', 'membenarkan', 'wakil', 'ketua', 'kpk', 'alexander', 'marwata', 'dilaporkan', 'perihal', 'pertemuan', 'eks', 'kepala', 'bea', 'cukai', 'yogyakarta', 'eko', 'darmanto', '.', 'laporannya', 'aduan', 'masyarakat', 'dumas', 'tanggal', 'maret', '.berupa', 'hubungan', 'langsung', 'langsung', 'oknum', 'pimpinan', 'kpk', 'alexander', 'marwata', 'tersangka', 'hubungan', 'perkara', 'tindak', 'pidana', 'korupsi', 'dirkrimsus', 'polda', 'metro', 'jaya', 'kombes', 'pol', 'ade', 'safri', 'simanjuntak', '.', 'lihat', ':', 'dugaan', 'korupsi', 'abdul', 'ghani', 'kasuba', 'kpk', 'periksa', 'pengurus', 'yayasan', 'alkhairaat', 'malut', 'abd']",nasional
"['anggota', 'negosiator', 'kesepakatan', 'sandera', 'israel', 'mengundurkan']","['tel', 'aviv', 'anggota', 'senior', 'tim', 'perunding', 'gencatan', 'senjata', 'penyanderaan', 'israel', 'mengumumkan', 'pengunduran', '.', 'pengumumannya', 'brigadir', 'jenderal', 'oren', 'setter', 'negosiasi', 'mencapai', 'kesepakatan', 'pembebasan', 'tahanan', 'gencatan', 'senjata', 'jalur', 'gaza', 'terhenti', 'setahun', 'perang', 'genosida', 'israel.otoritas', 'penyiaran', 'resmi', 'senin', 'setter', 'wakil', 'mayor', 'jenderal', 'nitzan', 'alon', 'pejabat', 'bernegosiasi', 'nama', 'militer', 'israel', 'pengumumannya', 'peringatan', '.', 'setter', 'terlibat', 'merumuskan', 'rencana', 'gencatan', 'senjata', 'pembebasan', 'tahanan', 'israel', 'ditangkap', 'gaza', 'diadopsi', 'presiden', 'biden', 'dewan', 'keamanan', 'pbb', 'badan', 'penyiar', '.', 'diduga', 'setter', 'mengumumkan', 'pengunduran', 'kebuntuan', 'pembicaraan', '.', 'senin', 'sore', 'kepala', 'mossad', 'agen', 'matamata', 'david', 'barnea', 'doha', 'terobosan', 'menyaksikan', 'pengunduran', 'dramatis', 'badan', 'penyiar', 'itu.mengomentari', 'pengunduran', 'pejabat', 'senior', 'tim', 'negosiasi', 'juru', 'bicara', 'militer', 'israel', 'daniel', 'hagari', 'tim', 'setter', 'lelah', 'memperkuat', 'upaya', 'pengembalian', 'ditangkap', '.', 'membantu', 'tim', 'sesuai', 'kebutuhan', '.', 'senin', 'rezim', 'kolonial', 'israel', 'mengumumkan', 'barnea', 'doha', 'membahas', 'rencana', 'mencakup', 'proposal', 'mencapai', 'kesepakatan', 'hamas', 'pertukaran', 'tahanan', 'kantor', 'perdana', 'menteri', 'israel', 'benjamin', 'netanyahu', '.', 'barnea', 'mengadakan', 'pembicaraan', 'perdana', 'menteri', 'qatar', 'mohammed', 'bin', 'abdulrahman', 'althani', 'kepala', 'badan', 'intelijen', 'pusat', 'as', 'william', 'burns', 'kunjungan', 'hari.para', 'membahas', 'rencana', 'terpadu', 'kesepakatan', 'pertukaran', 'tahanan', 'menggabungkan', 'proposal', 'mempertimbangkan', 'isuisu', 'utama', 'perkembangan', 'terkini', 'kawasan', 'pernyataan', 'resmi', 'tersebut.meskipun', 'upaya', 'mediasi', 'qatar', 'mesir', 'berbulanbulan', 'pengajuan', 'proposal', 'kesepakatan', 'perang', 'gaza', 'pertukaran', 'tahanan', 'netanyahu', 'menetapkan', 'persyaratan', 'menghalangi', 'kesepakatan', 'disepakati', '.', 'baca', 'hizbullah', 'naim', 'qassem', 'pemimpin', 'lihat', ':', 'hizbullah', 'klaim', 'tewaskan', 'tentara', 'israel', 'sya']",internasional
